{
"type": "FeatureCollection",
"name": "hospital",
"crs": { "type": "name", "properties": { "name": "urn:ogc:def:crs:EPSG::25830" } },
"features": [
{ "type": "Feature", "properties": { "id": "g12_02_Hospital_CAE.11213200015138", "id_dera": 11213200015138, "nombre": "HOSPITAL SAN JUAN DE DIOS DE SEVILLA", "tipo": "Hospital", "sistema_sa": "Privado", "direccion": "AVENIDA EDUARDO DATO, 42", "web": "https://web.sas.junta-andalucia.es/servicioandaluzdesalud/el-sas/servicios-y-centros/atencion-hospitalaria", "localidad": "Sevilla", "cod_mun": "41091", "municipio": "Sevilla", "provincia": "Sevilla" }, "geometry": { "type": "MultiPoint", "coordinates": [ [ 237119.999001099989982, 4141377.320999979972839 ] ] } },
{ "type": "Feature", "properties": { "id": "g12_02_Hospital_CAE.11213200015261", "id_dera": 11213200015261, "nombre": "HOSPITAL VIRGEN DE LA VICTORIA", "tipo": "Hospital", "sistema_sa": "Público", "direccion": "CALLE DEMOSTENES, 8", "web": "https://web.sas.junta-andalucia.es/servicioandaluzdesalud/el-sas/servicios-y-centros/atencion-hospitalaria", "localidad": "Málaga", "cod_mun": "29067", "municipio": "Málaga", "provincia": "Málaga" }, "geometry": { "type": "MultiPoint", "coordinates": [ [ 368045.225600010016933, 4064752.166600000113249 ] ] } },
{ "type": "Feature", "properties": { "id": "g12_02_Hospital_CAE.11213200015123", "id_dera": 11213200015123, "nombre": "HOSPITAL QUIRONSALUD MARBELLA", "tipo": "Hospital", "sistema_sa": "Privado", "direccion": "AVENIDA SEVERO OCHOA, 32", "web": "https://web.sas.junta-andalucia.es/servicioandaluzdesalud/el-sas/servicios-y-centros/atencion-hospitalaria", "localidad": "Marbella", "cod_mun": "29069", "municipio": "Marbella", "provincia": "Málaga" }, "geometry": { "type": "MultiPoint", "coordinates": [ [ 332153.091300699976273, 4042031.30227827001363 ] ] } },
{ "type": "Feature", "properties": { "id": "g12_02_Hospital_CAE.11213200015267", "id_dera": 11213200015267, "nombre": "Centro de Diagnóstico y Tratamiento del Hospital de Jaén", "tipo": "Centro de consultas externas", "sistema_sa": "Público", "direccion": "AVENIDA DEL EJERCITO ESPAÑOL, 12", "web": "https://web.sas.junta-andalucia.es/servicioandaluzdesalud/el-sas/servicios-y-centros", "localidad": "Jaén", "cod_mun": "23050", "municipio": "Jaén", "provincia": "Jaén" }, "geometry": { "type": "MultiPoint", "coordinates": [ [ 430149.799999999988358, 4181144.98 ] ] } },
{ "type": "Feature", "properties": { "id": "g12_02_Hospital_CAE.11213200015217", "id_dera": 11213200015217, "nombre": "HOSPITAL DE ALTA RESOLUCION DE UTRERA", "tipo": "Hospital", "sistema_sa": "Público", "direccion": "AVENIDA BRIGADAS INTERNACIONALES, 0", "web": "https://web.sas.junta-andalucia.es/servicioandaluzdesalud/el-sas/servicios-y-centros/atencion-hospitalaria", "localidad": "Utrera", "cod_mun": "41095", "municipio": "Utrera", "provincia": "Sevilla" }, "geometry": { "type": "MultiPoint", "coordinates": [ [ 252738.480500709993066, 4118059.733299990184605 ] ] } },
{ "type": "Feature", "properties": { "id": "g12_02_Hospital_CAE.11213200015180", "id_dera": 11213200015180, "nombre": "HOSPITAL GENERAL DEL H. U. DE JAEN", "tipo": "Hospital", "sistema_sa": "Público", "direccion": "AVENIDA EJERCITO ESPAÑOL, 12 - Hospital General Ciudad de Jaén", "web": "https://web.sas.junta-andalucia.es/servicioandaluzdesalud/el-sas/servicios-y-centros/atencion-hospitalaria", "localidad": "Jaén", "cod_mun": "23050", "municipio": "Jaén", "provincia": "Jaén" }, "geometry": { "type": "MultiPoint", "coordinates": [ [ 430232.529806600010488, 4181102.56159149017185 ] ] } },
{ "type": "Feature", "properties": { "id": "g12_02_Hospital_CAE.11213200015154", "id_dera": 11213200015154, "nombre": "HOSPITAL PUERTA DEL MAR", "tipo": "Hospital", "sistema_sa": "Público", "direccion": "AVENIDA ANA DE VIYA, 0", "web": "https://web.sas.junta-andalucia.es/servicioandaluzdesalud/el-sas/servicios-y-centros/atencion-hospitalaria", "localidad": "Cádiz", "cod_mun": "11012", "municipio": "Cádiz", "provincia": "Cádiz" }, "geometry": { "type": "MultiPoint", "coordinates": [ [ 206400.905302350001875, 4045391.910299949813634 ] ] } },
{ "type": "Feature", "properties": { "id": "g12_02_Hospital_CAE.11213200015194", "id_dera": 11213200015194, "nombre": "HOSPITAL GENERAL DEL H.U.R. DE MALAGA", "tipo": "Hospital", "sistema_sa": "Público", "direccion": "AVENIDA CARLOS DE HAYA, 80", "web": "https://web.sas.junta-andalucia.es/servicioandaluzdesalud/el-sas/servicios-y-centros/atencion-hospitalaria", "localidad": "Málaga", "cod_mun": "29067", "municipio": "Málaga", "provincia": "Málaga" }, "geometry": { "type": "MultiPoint", "coordinates": [ [ 370614.711100010026712, 4065076.233399999793619 ] ] } },
{ "type": "Feature", "properties": { "id": "g12_02_Hospital_CAE.11213200015243", "id_dera": 11213200015243, "nombre": "C.P.E. de El Puerto de Sta. María", "tipo": "Centro de consultas externas", "sistema_sa": "Público", "direccion": "AVENIDA DE LA CONSTITUCION, 4", "web": "https://web.sas.junta-andalucia.es/servicioandaluzdesalud/el-sas/servicios-y-centros", "localidad": "El Puerto de Santa María", "cod_mun": "11027", "municipio": "El Puerto de Santa María", "provincia": "Cádiz" }, "geometry": { "type": "MultiPoint", "coordinates": [ [ 211010.16, 4054537.740000000223517 ] ] } },
{ "type": "Feature", "properties": { "id": "g12_02_Hospital_CAE.11213200015125", "id_dera": 11213200015125, "nombre": "HOSPITAL PSIQUIATRICO SAN FRANCISCO DE ASIS", "tipo": "Hospital", "sistema_sa": "Privado", "direccion": "AVENIDA HERNAN NUÑEZ DE TOLEDO, 5", "web": "https://web.sas.junta-andalucia.es/servicioandaluzdesalud/el-sas/servicios-y-centros/atencion-hospitalaria", "localidad": "Málaga", "cod_mun": "29067", "municipio": "Málaga", "provincia": "Málaga" }, "geometry": { "type": "MultiPoint", "coordinates": [ [ 377805.9608, 4065711.0375 ] ] } },
{ "type": "Feature", "properties": { "id": "g12_02_Hospital_CAE.11213200015220", "id_dera": 11213200015220, "nombre": "HOSPITAL DE ALTA RESOLUCION DE ECIJA", "tipo": "Hospital", "sistema_sa": "Público", "direccion": "AVENIDA DOCTOR SANCHEZ MALO, 73", "web": "https://web.sas.junta-andalucia.es/servicioandaluzdesalud/el-sas/servicios-y-centros/atencion-hospitalaria", "localidad": "Hospital", "cod_mun": "41039", "municipio": "Écija", "provincia": "Sevilla" }, "geometry": { "type": "MultiPoint", "coordinates": [ [ 315111.332931509998161, 4156035.400460309814662 ] ] } },
{ "type": "Feature", "properties": { "id": "g12_02_Hospital_CAE.11213200015192", "id_dera": 11213200015192, "nombre": "HOSPITAL DE ALTA RESOLUCION DE ALCAUDETE", "tipo": "Hospital", "sistema_sa": "Público", "direccion": "CAMINO VIEJO FUENSANTA, 2", "web": "https://web.sas.junta-andalucia.es/servicioandaluzdesalud/el-sas/servicios-y-centros/atencion-hospitalaria", "localidad": "Alcaudete", "cod_mun": "23003", "municipio": "Alcaudete", "provincia": "Jaén" }, "geometry": { "type": "MultiPoint", "coordinates": [ [ 404570.162075439991895, 4160529.048832970205694 ] ] } },
{ "type": "Feature", "properties": { "id": "g12_02_Hospital_CAE.11213200015262", "id_dera": 11213200015262, "nombre": "Centro de Alta Resolucion Carlos Castilla del Pino", "tipo": "Centro de consultas externas", "sistema_sa": "Público", "direccion": "CALLE ISLA LANZAROTE, 0", "web": "https://web.sas.junta-andalucia.es/servicioandaluzdesalud/el-sas/servicios-y-centros", "localidad": "Córdoba", "cod_mun": "14021", "municipio": "Córdoba", "provincia": "Córdoba" }, "geometry": { "type": "MultiPoint", "coordinates": [ [ 341903.922868760011625, 4194845.915806019678712 ] ] } },
{ "type": "Feature", "properties": { "id": "g12_02_Hospital_CAE.11213200015203", "id_dera": 11213200015203, "nombre": "HOSPITAL LA SERRANIA", "tipo": "Hospital", "sistema_sa": "Público", "direccion": "VIAL HOSPITAL NUEVO RONDA, 1", "web": "https://web.sas.junta-andalucia.es/servicioandaluzdesalud/el-sas/servicios-y-centros/atencion-hospitalaria", "localidad": "Hospital Comarcal", "cod_mun": "29084", "municipio": "Ronda", "provincia": "Málaga" }, "geometry": { "type": "MultiPoint", "coordinates": [ [ 308320.820699380012229, 4066229.053899410180748 ] ] } },
{ "type": "Feature", "properties": { "id": "g12_02_Hospital_CAE.11213200015110", "id_dera": 11213200015110, "nombre": "HOSPITAL VITHAS LA SALUD", "tipo": "Hospital", "sistema_sa": "Privado", "direccion": "AVENIDA SANTA MARIA DE LA ALHAMBRA, 6", "web": "https://web.sas.junta-andalucia.es/servicioandaluzdesalud/el-sas/servicios-y-centros/atencion-hospitalaria", "localidad": "Granada", "cod_mun": "18087", "municipio": "Granada", "provincia": "Granada" }, "geometry": { "type": "MultiPoint", "coordinates": [ [ 449139.150100000028033, 4113275.831600000150502 ] ] } },
{ "type": "Feature", "properties": { "id": "g12_02_Hospital_CAE.11213200015227", "id_dera": 11213200015227, "nombre": "CLINICA NUESTRA SEÑORA DEL PILAR", "tipo": "Hospital", "sistema_sa": "Privado", "direccion": "PASEO SANCHA, 15", "web": "https://web.sas.junta-andalucia.es/servicioandaluzdesalud/el-sas/servicios-y-centros/atencion-hospitalaria", "localidad": "Málaga", "cod_mun": "29067", "municipio": "Málaga", "provincia": "Málaga" }, "geometry": { "type": "MultiPoint", "coordinates": [ [ 374605.207700009981636, 4064916.399799999780953 ] ] } },
{ "type": "Feature", "properties": { "id": "g12_02_Hospital_CAE.11213200015149", "id_dera": 11213200015149, "nombre": "HOSPITAL LA INMACULADA", "tipo": "Hospital", "sistema_sa": "Público", "direccion": "AVENIDA DOCTORA ANA PARRA, S/N", "web": "https://web.sas.junta-andalucia.es/servicioandaluzdesalud/el-sas/servicios-y-centros/atencion-hospitalaria", "localidad": "Huércal-Overa", "cod_mun": "04053", "municipio": "Huércal-Overa", "provincia": "Almería" }, "geometry": { "type": "MultiPoint", "coordinates": [ [ 593650.88, 4139882.4 ] ] } },
{ "type": "Feature", "properties": { "id": "g12_02_Hospital_CAE.11213200015166", "id_dera": 11213200015166, "nombre": "HOSPITAL SAN JUAN DE LA CRUZ", "tipo": "Hospital", "sistema_sa": "Público", "direccion": "AVENIDA CIUDAD DE LINARES (DE LA), 41 - Hospital San Juan de la Cruz", "web": "https://web.sas.junta-andalucia.es/servicioandaluzdesalud/el-sas/servicios-y-centros/atencion-hospitalaria", "localidad": "Úbeda", "cod_mun": "23092", "municipio": "Úbeda", "provincia": "Jaén" }, "geometry": { "type": "MultiPoint", "coordinates": [ [ 466289.987680709979031, 4208083.774399509653449 ] ] } },
{ "type": "Feature", "properties": { "id": "g12_02_Hospital_CAE.11213200015144", "id_dera": 11213200015144, "nombre": "HOSPITAL SAN AGUSTIN", "tipo": "Hospital", "sistema_sa": "Privado", "direccion": "AVENIDA 4 DE DICIEMBRE, 53", "web": "https://web.sas.junta-andalucia.es/servicioandaluzdesalud/el-sas/servicios-y-centros/atencion-hospitalaria", "localidad": "Dos Hermanas", "cod_mun": "41038", "municipio": "Dos Hermanas", "provincia": "Sevilla" }, "geometry": { "type": "MultiPoint", "coordinates": [ [ 239675.039285089995246, 4130040.766007769852877 ] ] } },
{ "type": "Feature", "properties": { "id": "g12_02_Hospital_CAE.11213200015124", "id_dera": 11213200015124, "nombre": "CENTRO ASISTENCIAL SAN JUAN DE DIOS", "tipo": "Hospital", "sistema_sa": "Privado", "direccion": "CAMINO CASABERMEJA, 126", "web": "https://web.sas.junta-andalucia.es/servicioandaluzdesalud/el-sas/servicios-y-centros/atencion-hospitalaria", "localidad": "Málaga", "cod_mun": "29067", "municipio": "Málaga", "provincia": "Málaga" }, "geometry": { "type": "MultiPoint", "coordinates": [ [ 372888.216200009977911, 4068945.4548 ] ] } },
{ "type": "Feature", "properties": { "id": "g12_02_Hospital_CAE.11213200015287", "id_dera": 11213200015287, "nombre": "Centro de consultas externas del Hospital Universitario Virgen de las Nieves", "tipo": "Centro de consultas externas", "sistema_sa": "Público", "direccion": "CALLE DOCTOR AZPITARTE, 4", "web": "https://web.sas.junta-andalucia.es/servicioandaluzdesalud/el-sas/servicios-y-centros", "localidad": "Granada", "cod_mun": "18087", "municipio": "Granada", "provincia": "Granada" }, "geometry": { "type": "MultiPoint", "coordinates": [ [ 445936.808100000023842, 4116005.29009999986738 ] ] } },
{ "type": "Feature", "properties": { "id": "g12_02_Hospital_CAE.11213200015116", "id_dera": 11213200015116, "nombre": "CLINICA SANTA ELENA", "tipo": "Hospital", "sistema_sa": "Privado", "direccion": "CALLE SARDINERO, S/N", "web": "https://web.sas.junta-andalucia.es/servicioandaluzdesalud/el-sas/servicios-y-centros/atencion-hospitalaria", "localidad": "Torremolinos", "cod_mun": "29901", "municipio": "Torremolinos", "provincia": "Málaga" }, "geometry": { "type": "MultiPoint", "coordinates": [ [ 367002.539999999979045, 4056561.029999999795109 ] ] } },
{ "type": "Feature", "properties": { "id": "g12_02_Hospital_CAE.11213200015265", "id_dera": 11213200015265, "nombre": "Centro de consultas externas de Plaza Houston", "tipo": "Centro de consultas externas", "sistema_sa": "Público", "direccion": "PLAZA HOUSTON (DE), 11", "web": "https://web.sas.junta-andalucia.es/servicioandaluzdesalud/el-sas/servicios-y-centros", "localidad": "Huelva", "cod_mun": "21041", "municipio": "Huelva", "provincia": "Huelva" }, "geometry": { "type": "MultiPoint", "coordinates": [ [ 150720.287508179986617, 4131004.004999780096114 ] ] } },
{ "type": "Feature", "properties": { "id": "g12_02_Hospital_CAE.11213200015150", "id_dera": 11213200015150, "nombre": "HOSPITAL DE PONIENTE", "tipo": "Hospital", "sistema_sa": "Público", "direccion": "PARAJE CTRA. ALMERIMAR, 31", "web": "https://web.sas.junta-andalucia.es/servicioandaluzdesalud/el-sas/servicios-y-centros/atencion-hospitalaria", "localidad": "Hospital del Poniente", "cod_mun": "04902", "municipio": "El Ejido", "provincia": "Almería" }, "geometry": { "type": "MultiPoint", "coordinates": [ [ 517528.450000000011642, 4067548.81699980981648 ] ] } },
{ "type": "Feature", "properties": { "id": "g12_02_Hospital_CAE.11213200015288", "id_dera": 11213200015288, "nombre": "Unidad de Cirugía de Alta Resolución", "tipo": "Centro de consultas externas", "sistema_sa": "Público", "direccion": "AVENIDA DR OLARIZ, S/N", "web": "https://web.sas.junta-andalucia.es/servicioandaluzdesalud/el-sas/servicios-y-centros", "localidad": "Granada", "cod_mun": "18087", "municipio": "Granada", "provincia": "Granada" }, "geometry": { "type": "MultiPoint", "coordinates": [ [ 446249.047441170027014, 4115984.844390939921141 ] ] } },
{ "type": "Feature", "properties": { "id": "g12_02_Hospital_CAE.11213200015275", "id_dera": 11213200015275, "nombre": "C.P.E. de Écija", "tipo": "Centro de consultas externas", "sistema_sa": "Público", "direccion": "AVENIDA GENIL (DEL), 4", "web": "https://web.sas.junta-andalucia.es/servicioandaluzdesalud/el-sas/servicios-y-centros", "localidad": "Écija", "cod_mun": "41039", "municipio": "Écija", "provincia": "Sevilla" }, "geometry": { "type": "MultiPoint", "coordinates": [ [ 316678.477300090016797, 4156401.343599999789149 ] ] } },
{ "type": "Feature", "properties": { "id": "g12_02_Hospital_CAE.11213200015183", "id_dera": 11213200015183, "nombre": "CLINICA LOS ALAMOS", "tipo": "Hospital", "sistema_sa": "Privado", "direccion": "AVENIDA TAMARIX (DEL), 4", "web": "https://web.sas.junta-andalucia.es/servicioandaluzdesalud/el-sas/servicios-y-centros/atencion-hospitalaria", "localidad": "Jerez de la Frontera", "cod_mun": "11020", "municipio": "Jerez de la Frontera", "provincia": "Cádiz" }, "geometry": { "type": "MultiPoint", "coordinates": [ [ 220329.329434449988184, 4066612.432003640104085 ] ] } },
{ "type": "Feature", "properties": { "id": "g12_02_Hospital_CAE.11213200015176", "id_dera": 11213200015176, "nombre": "HOSPITAL DE ALTA RESOLUCION DE GUADIX", "tipo": "Hospital", "sistema_sa": "Público", "direccion": "AVENIDA MARIANA DE PINEDA, S/N", "web": "https://web.sas.junta-andalucia.es/servicioandaluzdesalud/el-sas/servicios-y-centros/atencion-hospitalaria", "localidad": "Guadix", "cod_mun": "18089", "municipio": "Guadix", "provincia": "Granada" }, "geometry": { "type": "MultiPoint", "coordinates": [ [ 487068.76, 4129286.54 ] ] } },
{ "type": "Feature", "properties": { "id": "g12_02_Hospital_CAE.11213200015160", "id_dera": 11213200015160, "nombre": "HOSPITAL LOS MORALES", "tipo": "Hospital", "sistema_sa": "Público", "direccion": "CARRETERA SANATORIO DE LOS MORALES (DEL), 0", "web": "https://web.sas.junta-andalucia.es/servicioandaluzdesalud/el-sas/servicios-y-centros/atencion-hospitalaria", "localidad": "Hospital los Morales", "cod_mun": "14021", "municipio": "Córdoba", "provincia": "Córdoba" }, "geometry": { "type": "MultiPoint", "coordinates": [ [ 341362.941214379970916, 4200075.386750499717891 ] ] } },
{ "type": "Feature", "properties": { "id": "g12_02_Hospital_CAE.11213200015264", "id_dera": 11213200015264, "nombre": "C.P.E. Cartuja de Granada", "tipo": "Centro de consultas externas", "sistema_sa": "Público", "direccion": "AVENIDA JUAN PABLO II, 2", "web": "https://web.sas.junta-andalucia.es/servicioandaluzdesalud/el-sas/servicios-y-centros", "localidad": "Granada", "cod_mun": "18087", "municipio": "Granada", "provincia": "Granada" }, "geometry": { "type": "MultiPoint", "coordinates": [ [ 446057.121099999989383, 4116372.969500000122935 ] ] } },
{ "type": "Feature", "properties": { "id": "g12_02_Hospital_CAE.11213200015248", "id_dera": 11213200015248, "nombre": "HOSPITAL VIRGEN DEL MAR", "tipo": "Hospital", "sistema_sa": "Privado", "direccion": "CARRETERA DEL MAMI, KM 1", "web": "https://web.sas.junta-andalucia.es/servicioandaluzdesalud/el-sas/servicios-y-centros/atencion-hospitalaria", "localidad": "Hospital Virgen del Mar", "cod_mun": "04013", "municipio": "Almería", "provincia": "Almería" }, "geometry": { "type": "MultiPoint", "coordinates": [ [ 551926.560000000055879, 4079061.06 ] ] } },
{ "type": "Feature", "properties": { "id": "g12_02_Hospital_CAE.11213200015174", "id_dera": 11213200015174, "nombre": "HOSPITAL DE NEUROTRAUMATOLOGIA Y REHABILITACION DEL H.U. VIRGEN DE LAS NIEVES", "tipo": "Hospital", "sistema_sa": "Público", "direccion": "AVENIDA JUAN PABLO II, 4", "web": "https://web.sas.junta-andalucia.es/servicioandaluzdesalud/el-sas/servicios-y-centros/atencion-hospitalaria", "localidad": "Granada", "cod_mun": "18087", "municipio": "Granada", "provincia": "Granada" }, "geometry": { "type": "MultiPoint", "coordinates": [ [ 446035.56160000001546, 4116473.959600000176579 ] ] } },
{ "type": "Feature", "properties": { "id": "g12_02_Hospital_CAE.11213200015253", "id_dera": 11213200015253, "nombre": "C.P.E. de Villacarrillo", "tipo": "Centro de consultas externas", "sistema_sa": "Público", "direccion": "CARRETERA CIRCUNVALACION, 6", "web": "https://web.sas.junta-andalucia.es/servicioandaluzdesalud/el-sas/servicios-y-centros", "localidad": "Villacarrillo", "cod_mun": "23095", "municipio": "Villacarrillo", "provincia": "Jaén" }, "geometry": { "type": "MultiPoint", "coordinates": [ [ 492774.596473619982135, 4218896.714818200096488 ] ] } },
{ "type": "Feature", "properties": { "id": "g12_02_Hospital_CAE.11213200015181", "id_dera": 11213200015181, "nombre": "HOSPITAL CONCERTADO VIRGEN DEL CAMINO", "tipo": "Hospital", "sistema_sa": "Concertado", "direccion": "CARRETERA SANLUCAR-CHIPIONA, S/N", "web": "https://web.sas.junta-andalucia.es/servicioandaluzdesalud/el-sas/servicios-y-centros/atencion-hospitalaria", "localidad": "Sanlúcar de Barrameda", "cod_mun": "11032", "municipio": "Sanlúcar de Barrameda", "provincia": "Cádiz" }, "geometry": { "type": "MultiPoint", "coordinates": [ [ 200089.1, 4074414.859999999869615 ] ] } },
{ "type": "Feature", "properties": { "id": "g12_02_Hospital_CAE.11213200015238", "id_dera": 11213200015238, "nombre": "Centro de Alta Resolución Nicolas Salmerón", "tipo": "Centro de consultas externas", "sistema_sa": "Público", "direccion": "CALLE HOSPITAL, 3", "web": "https://web.sas.junta-andalucia.es/servicioandaluzdesalud/el-sas/servicios-y-centros", "localidad": "Almería", "cod_mun": "04013", "municipio": "Almería", "provincia": "Almería" }, "geometry": { "type": "MultiPoint", "coordinates": [ [ 547438.507699999958277, 4076949.9199 ] ] } },
{ "type": "Feature", "properties": { "id": "g12_02_Hospital_CAE.11213200015177", "id_dera": 11213200015177, "nombre": "HOSPITAL DE ALTA RESOLUCION DE LOJA", "tipo": "Hospital", "sistema_sa": "Público", "direccion": "AVENIDA TIERNO GALVAN, 5", "web": "https://web.sas.junta-andalucia.es/servicioandaluzdesalud/el-sas/servicios-y-centros/atencion-hospitalaria", "localidad": "Loja", "cod_mun": "18122", "municipio": "Loja", "provincia": "Granada" }, "geometry": { "type": "MultiPoint", "coordinates": [ [ 397568.342864500009455, 4114465.400738569907844 ] ] } },
{ "type": "Feature", "properties": { "id": "g12_02_Hospital_CAE.11213200015247", "id_dera": 11213200015247, "nombre": "C.P.E. de Úbeda", "tipo": "Centro de consultas externas", "sistema_sa": "Público", "direccion": "CALLE EXPLANADA, 37", "web": "https://web.sas.junta-andalucia.es/servicioandaluzdesalud/el-sas/servicios-y-centros", "localidad": "Úbeda", "cod_mun": "23092", "municipio": "Úbeda", "provincia": "Jaén" }, "geometry": { "type": "MultiPoint", "coordinates": [ [ 467124.247419409977738, 4207387.686318979598582 ] ] } },
{ "type": "Feature", "properties": { "id": "g12_02_Hospital_CAE.11213200015213", "id_dera": 11213200015213, "nombre": "HOSPITAL PSIQUIATRICO PENITENCIARIO", "tipo": "Hospital", "sistema_sa": "Público", "direccion": "CAMINO HACIENDA DEL HOYO, 2", "web": "https://web.sas.junta-andalucia.es/servicioandaluzdesalud/el-sas/servicios-y-centros/atencion-hospitalaria", "localidad": "Centro Penitenciario", "cod_mun": "41091", "municipio": "Sevilla", "provincia": "Sevilla" }, "geometry": { "type": "MultiPoint", "coordinates": [ [ 247959.120000819995767, 4141941.66299998993054 ] ] } },
{ "type": "Feature", "properties": { "id": "g12_02_Hospital_CAE.11213200015173", "id_dera": 11213200015173, "nombre": "HOSPITAL ALTO GUADALQUIVIR", "tipo": "Hospital", "sistema_sa": "Público", "direccion": "AVENIDA DE BLAS INFANTE, S/N", "web": "https://web.sas.junta-andalucia.es/servicioandaluzdesalud/el-sas/servicios-y-centros/atencion-hospitalaria", "localidad": "Hospital Alto Guadalquivir", "cod_mun": "23005", "municipio": "Andújar", "provincia": "Jaén" }, "geometry": { "type": "MultiPoint", "coordinates": [ [ 409509.64000000001397, 4210765.42 ] ] } },
{ "type": "Feature", "properties": { "id": "g12_02_Hospital_CAE.11213200015114", "id_dera": 11213200015114, "nombre": "HOSPITAL VITHAS PARQUE SAN ANTONIO", "tipo": "Hospital", "sistema_sa": "Privado", "direccion": "AVENIDA PINTOR JOAQUIN SOROLLA, 2", "web": "https://web.sas.junta-andalucia.es/servicioandaluzdesalud/el-sas/servicios-y-centros/atencion-hospitalaria", "localidad": "Málaga", "cod_mun": "29067", "municipio": "Málaga", "provincia": "Málaga" }, "geometry": { "type": "MultiPoint", "coordinates": [ [ 375192.312400010006968, 4065055.611500000115484 ] ] } },
{ "type": "Feature", "properties": { "id": "g12_02_Hospital_CAE.11213200015162", "id_dera": 11213200015162, "nombre": "HOSPITAL PROVINCIAL", "tipo": "Hospital", "sistema_sa": "Público", "direccion": "AVENIDA MENENDEZ PIDAL, 3", "web": "https://web.sas.junta-andalucia.es/servicioandaluzdesalud/el-sas/servicios-y-centros/atencion-hospitalaria", "localidad": "Córdoba", "cod_mun": "14021", "municipio": "Córdoba", "provincia": "Córdoba" }, "geometry": { "type": "MultiPoint", "coordinates": [ [ 342399.027838159992825, 4192829.875885580200702 ] ] } },
{ "type": "Feature", "properties": { "id": "g12_02_Hospital_CAE.11213200015190", "id_dera": 11213200015190, "nombre": "HOSPITAL GENERAL DEL H.U. VIRGEN DEL ROCIO", "tipo": "Hospital", "sistema_sa": "Público", "direccion": "AVENIDA MANUEL SIUROT, 41 - Edificio de Gobierno", "web": "https://web.sas.junta-andalucia.es/servicioandaluzdesalud/el-sas/servicios-y-centros/atencion-hospitalaria", "localidad": "Sevilla", "cod_mun": "41091", "municipio": "Sevilla", "provincia": "Sevilla" }, "geometry": { "type": "MultiPoint", "coordinates": [ [ 235944.274001140001928, 4139138.062999980058521 ] ] } },
{ "type": "Feature", "properties": { "id": "g12_02_Hospital_CAE.11213200015134", "id_dera": 11213200015134, "nombre": "HELICOPTEROS SANITARIOS HOSPITAL", "tipo": "Hospital", "sistema_sa": "Privado", "direccion": "URBANIZACION ALCAZABA (LA), 20", "web": "https://web.sas.junta-andalucia.es/servicioandaluzdesalud/el-sas/servicios-y-centros/atencion-hospitalaria", "localidad": "Nueva Andalucía", "cod_mun": "29069", "municipio": "Marbella", "provincia": "Málaga" }, "geometry": { "type": "MultiPoint", "coordinates": [ [ 325279.609042680007406, 4040485.331172490026802 ] ] } },
{ "type": "Feature", "properties": { "id": "g12_02_Hospital_CAE.11213200015255", "id_dera": 11213200015255, "nombre": "C.P.E. Esperanza Macarena de Sevilla (María Auxiliadora)", "tipo": "Centro de consultas externas", "sistema_sa": "Público", "direccion": "CALLE MARIA AUXILIADORA, 4", "web": "https://web.sas.junta-andalucia.es/servicioandaluzdesalud/el-sas/servicios-y-centros", "localidad": "Sevilla", "cod_mun": "41091", "municipio": "Sevilla", "provincia": "Sevilla" }, "geometry": { "type": "MultiPoint", "coordinates": [ [ 235914.286101139994571, 4142813.512399979867041 ] ] } },
{ "type": "Feature", "properties": { "id": "g12_02_Hospital_CAE.11213200015126", "id_dera": 11213200015126, "nombre": "HC MARBELLA INTERNATIONAL HOSPITAL", "tipo": "Hospital", "sistema_sa": "Privado", "direccion": "CALLE VENTURA DEL MAR, 11", "web": "https://web.sas.junta-andalucia.es/servicioandaluzdesalud/el-sas/servicios-y-centros/atencion-hospitalaria", "localidad": "Nueva Andalucía", "cod_mun": "29069", "municipio": "Marbella", "provincia": "Málaga" }, "geometry": { "type": "MultiPoint", "coordinates": [ [ 323498.07, 4039550.54 ] ] } },
{ "type": "Feature", "properties": { "id": "g12_02_Hospital_CAE.11213200015206", "id_dera": 11213200015206, "nombre": "HOSPITAL VIRGEN DE VALME", "tipo": "Hospital", "sistema_sa": "Público", "direccion": "AVENIDA BELLAVISTA, 72", "web": "https://web.sas.junta-andalucia.es/servicioandaluzdesalud/el-sas/servicios-y-centros/atencion-hospitalaria", "localidad": "Sevilla", "cod_mun": "41091", "municipio": "Sevilla", "provincia": "Sevilla" }, "geometry": { "type": "MultiPoint", "coordinates": [ [ 236709.465001119999215, 4134388.130999980028719 ] ] } },
{ "type": "Feature", "properties": { "id": "g12_02_Hospital_CAE.11213200015164", "id_dera": 11213200015164, "nombre": "HOSPITAL DE MONTILLA", "tipo": "Hospital", "sistema_sa": "Público", "direccion": "CARRETERA N-311, KM 47", "web": "https://web.sas.junta-andalucia.es/servicioandaluzdesalud/el-sas/servicios-y-centros/atencion-hospitalaria", "localidad": "Hospital de Montilla", "cod_mun": "14042", "municipio": "Montilla", "provincia": "Córdoba" }, "geometry": { "type": "MultiPoint", "coordinates": [ [ 354439.669999999983702, 4158814.509999999776483 ] ] } },
{ "type": "Feature", "properties": { "id": "g12_02_Hospital_CAE.11213200015193", "id_dera": 11213200015193, "nombre": "HOSPITAL DE ALTA RESOLUCION DE ALCALA LA REAL", "tipo": "Hospital", "sistema_sa": "Público", "direccion": "AVENIDA IBEROAMERICA, S/N", "web": "https://web.sas.junta-andalucia.es/servicioandaluzdesalud/el-sas/servicios-y-centros/atencion-hospitalaria", "localidad": "Alcalá la Real", "cod_mun": "23002", "municipio": "Alcalá la Real", "provincia": "Jaén" }, "geometry": { "type": "MultiPoint", "coordinates": [ [ 417654.409999999974389, 4145687.9 ] ] } },
{ "type": "Feature", "properties": { "id": "g12_02_Hospital_CAE.11213200015117", "id_dera": 11213200015117, "nombre": "HOSPITAL OCHOA", "tipo": "Hospital", "sistema_sa": "Privado", "direccion": "AVENIDA SEVERO OCHOA, S/N - MAYORAL", "web": "https://web.sas.junta-andalucia.es/servicioandaluzdesalud/el-sas/servicios-y-centros/atencion-hospitalaria", "localidad": "Marbella", "cod_mun": "29069", "municipio": "Marbella", "provincia": "Málaga" }, "geometry": { "type": "MultiPoint", "coordinates": [ [ 331465.64000000001397, 4041862.79 ] ] } },
{ "type": "Feature", "properties": { "id": "g12_02_Hospital_CAE.11213200015218", "id_dera": 11213200015218, "nombre": "HOSPITAL DE ALTA RESOLUCION SIERRA NORTE", "tipo": "Hospital", "sistema_sa": "Público", "direccion": "AVENIDA DOCTOR LARRAURI, 1", "web": "https://web.sas.junta-andalucia.es/servicioandaluzdesalud/el-sas/servicios-y-centros/atencion-hospitalaria", "localidad": "Constantina", "cod_mun": "41033", "municipio": "Constantina", "provincia": "Sevilla" }, "geometry": { "type": "MultiPoint", "coordinates": [ [ 269574.718689760018606, 4193748.558643919881433 ] ] } },
{ "type": "Feature", "properties": { "id": "g12_02_Hospital_CAE.11213200015215", "id_dera": 11213200015215, "nombre": "HOSPITAL DE ALTA RESOLUCION DE MORON DE LA FRONTERA", "tipo": "Hospital", "sistema_sa": "Público", "direccion": "PLAZA SAN FRANCISCO, 14", "web": "https://web.sas.junta-andalucia.es/servicioandaluzdesalud/el-sas/servicios-y-centros/atencion-hospitalaria", "localidad": "Morón de la Frontera", "cod_mun": "41065", "municipio": "Morón de la Frontera", "provincia": "Sevilla" }, "geometry": { "type": "MultiPoint", "coordinates": [ [ 281947.623157299996819, 4110688.612784530036151 ] ] } },
{ "type": "Feature", "properties": { "id": "g12_02_Hospital_CAE.11213200015136", "id_dera": 11213200015136, "nombre": "HOSPITAL FATIMA", "tipo": "Hospital", "sistema_sa": "Privado", "direccion": "GLORIETA MEJICO, 1", "web": "https://web.sas.junta-andalucia.es/servicioandaluzdesalud/el-sas/servicios-y-centros/atencion-hospitalaria", "localidad": "Sevilla", "cod_mun": "41091", "municipio": "Sevilla", "provincia": "Sevilla" }, "geometry": { "type": "MultiPoint", "coordinates": [ [ 235396.354001160012558, 4139993.66599998017773 ] ] } },
{ "type": "Feature", "properties": { "id": "g12_02_Hospital_CAE.11213200015286", "id_dera": 11213200015286, "nombre": "HOSPITAL DE LA INMACULADA CONCEPCION", "tipo": "Hospital", "sistema_sa": "Privado", "direccion": "CALLE DOCTOR ALEJANDRO OTERO, 8", "web": "https://web.sas.junta-andalucia.es/servicioandaluzdesalud/el-sas/servicios-y-centros/atencion-hospitalaria", "localidad": "Granada", "cod_mun": "18087", "municipio": "Granada", "provincia": "Granada" }, "geometry": { "type": "MultiPoint", "coordinates": [ [ 446016.25189999997383, 4113227.8802 ] ] } },
{ "type": "Feature", "properties": { "id": "g12_02_Hospital_CAE.11213200015122", "id_dera": 11213200015122, "nombre": "CLINICA EL SERANIL", "tipo": "Hospital", "sistema_sa": "Privado", "direccion": "CARRETERA ALMERIA, KM 261", "web": "https://web.sas.junta-andalucia.es/servicioandaluzdesalud/el-sas/servicios-y-centros/atencion-hospitalaria", "localidad": "Benajarafe", "cod_mun": "29094", "municipio": "Vélez-Málaga", "provincia": "Málaga" }, "geometry": { "type": "MultiPoint", "coordinates": [ [ 392887.87, 4064018.089999999850988 ] ] } },
{ "type": "Feature", "properties": { "id": "g12_02_Hospital_CAE.11213200015221", "id_dera": 11213200015221, "nombre": "C.P.E. Algeciras Centro", "tipo": "Centro de consultas externas", "sistema_sa": "Público", "direccion": "PLAZA MUJER (DE LA), 1", "web": "https://web.sas.junta-andalucia.es/servicioandaluzdesalud/el-sas/servicios-y-centros", "localidad": "Algeciras", "cod_mun": "11004", "municipio": "Algeciras", "provincia": "Cádiz" }, "geometry": { "type": "MultiPoint", "coordinates": [ [ 279529.467105660005473, 4001522.808663699775934 ] ] } },
{ "type": "Feature", "properties": { "id": "g12_02_Hospital_CAE.11213200015289", "id_dera": 11213200015289, "nombre": "C.P.E. de Loja", "tipo": "Centro de consultas externas", "sistema_sa": "Público", "direccion": "AVENIDA RAFAEL PEREZ DEL ALAMO, 18", "web": "https://web.sas.junta-andalucia.es/servicioandaluzdesalud/el-sas/servicios-y-centros", "localidad": "Loja", "cod_mun": "18122", "municipio": "Loja", "provincia": "Granada" }, "geometry": { "type": "MultiPoint", "coordinates": [ [ 398414.064380329975393, 4113718.68943005008623 ] ] } },
{ "type": "Feature", "properties": { "id": "g12_02_Hospital_CAE.11213200015129", "id_dera": 11213200015129, "nombre": "FUNDACION CUDECA. CENTRO DE CUIDADOS PALIATIVOS", "tipo": "Hospital", "sistema_sa": "Privado", "direccion": "AVENIDA DEL COSMOS, S/N", "web": "https://web.sas.junta-andalucia.es/servicioandaluzdesalud/el-sas/servicios-y-centros/atencion-hospitalaria", "localidad": "Arroyo de la Miel-Benalmadena Costa", "cod_mun": "29025", "municipio": "Benalmádena", "provincia": "Málaga" }, "geometry": { "type": "MultiPoint", "coordinates": [ [ 361515.10999999998603, 4051894.069999999832362 ] ] } },
{ "type": "Feature", "properties": { "id": "g12_02_Hospital_CAE.11213200015179", "id_dera": 11213200015179, "nombre": "HOSPITAL INFANTA ELENA", "tipo": "Hospital", "sistema_sa": "Público", "direccion": "CARRETERA SEVILLA-HUELVA, S/N", "web": "https://web.sas.junta-andalucia.es/servicioandaluzdesalud/el-sas/servicios-y-centros/atencion-hospitalaria", "localidad": "Hospital Infanta Elena", "cod_mun": "21041", "municipio": "Huelva", "provincia": "Huelva" }, "geometry": { "type": "MultiPoint", "coordinates": [ [ 153075.74, 4133189.240000000223517 ] ] } },
{ "type": "Feature", "properties": { "id": "g12_02_Hospital_CAE.11213200015235", "id_dera": 11213200015235, "nombre": "CLINICA PREMIUM COSTA DEL SOL SL", "tipo": "Hospital", "sistema_sa": "No disponible", "direccion": "CALLE SAN JUAN BOSCO, 8", "web": "https://web.sas.junta-andalucia.es/servicioandaluzdesalud/el-sas/servicios-y-centros/atencion-hospitalaria", "localidad": "Marbella", "cod_mun": "29069", "municipio": "Marbella", "provincia": "Málaga" }, "geometry": { "type": "MultiPoint", "coordinates": [ [ 330943.130593059991952, 4042050.169760100077838 ] ] } },
{ "type": "Feature", "properties": { "id": "g12_02_Hospital_CAE.11213200015199", "id_dera": 11213200015199, "nombre": "HOSPITAL DE ANTEQUERA", "tipo": "Hospital", "sistema_sa": "Público", "direccion": "AVENIDA POETA MUÑOZ ROJAS, 0", "web": "https://web.sas.junta-andalucia.es/servicioandaluzdesalud/el-sas/servicios-y-centros/atencion-hospitalaria", "localidad": "Hospital Comarcal", "cod_mun": "29015", "municipio": "Antequera", "provincia": "Málaga" }, "geometry": { "type": "MultiPoint", "coordinates": [ [ 364008.820011820003856, 4099389.096532859839499 ] ] } },
{ "type": "Feature", "properties": { "id": "g12_02_Hospital_CAE.11213200015148", "id_dera": 11213200015148, "nombre": "HOSPITAL TORRECARDENAS", "tipo": "Hospital", "sistema_sa": "Público", "direccion": "CALLE HERMANDAD DE DONANTES DE SANGRE, S/N", "web": "https://web.sas.junta-andalucia.es/servicioandaluzdesalud/el-sas/servicios-y-centros/atencion-hospitalaria", "localidad": "Almería", "cod_mun": "04013", "municipio": "Almería", "provincia": "Almería" }, "geometry": { "type": "MultiPoint", "coordinates": [ [ 549829.60999999998603, 4079717.779999999795109 ] ] } },
{ "type": "Feature", "properties": { "id": "g12_02_Hospital_CAE.11213200015165", "id_dera": 11213200015165, "nombre": "HOSPITAL DE ALTA RESOLUCION DE PUENTE GENIL", "tipo": "Hospital", "sistema_sa": "Público", "direccion": "CALLE MIGUEL QUINTERO, S/N", "web": "https://web.sas.junta-andalucia.es/servicioandaluzdesalud/el-sas/servicios-y-centros/atencion-hospitalaria", "localidad": "Los Arcos", "cod_mun": "14056", "municipio": "Puente Genil", "provincia": "Córdoba" }, "geometry": { "type": "MultiPoint", "coordinates": [ [ 344967.159999999974389, 4140602.120000000111759 ] ] } },
{ "type": "Feature", "properties": { "id": "g12_02_Hospital_CAE.11213200015171", "id_dera": 11213200015171, "nombre": "HOSPITAL GENERAL DEL H.U. VIRGEN DE LAS NIEVES", "tipo": "Hospital", "sistema_sa": "Público", "direccion": "AVENIDA FUERZAS ARMADAS, 2", "web": "https://web.sas.junta-andalucia.es/servicioandaluzdesalud/el-sas/servicios-y-centros/atencion-hospitalaria", "localidad": "Granada", "cod_mun": "18087", "municipio": "Granada", "provincia": "Granada" }, "geometry": { "type": "MultiPoint", "coordinates": [ [ 445870.659283020009752, 4115910.170458449982107 ] ] } },
{ "type": "Feature", "properties": { "id": "g12_02_Hospital_CAE.11213200015120", "id_dera": 11213200015120, "nombre": "HOSPITAL COSTA DEL SOL", "tipo": "Hospital", "sistema_sa": "Público", "direccion": "AUTOVIA A-7, KM 187", "web": "https://web.sas.junta-andalucia.es/servicioandaluzdesalud/el-sas/servicios-y-centros/atencion-hospitalaria", "localidad": "Hospital Costa del Sol", "cod_mun": "29069", "municipio": "Marbella", "provincia": "Málaga" }, "geometry": { "type": "MultiPoint", "coordinates": [ [ 336436.020000000018626, 4041804.08 ] ] } },
{ "type": "Feature", "properties": { "id": "g12_02_Hospital_CAE.11213200015233", "id_dera": 11213200015233, "nombre": "HOSPITAL NUESTRA SEÑORA DE LA SALUD HLA,SL", "tipo": "Hospital", "sistema_sa": "Privado", "direccion": "CALLE FEDUCHY, 12", "web": "https://web.sas.junta-andalucia.es/servicioandaluzdesalud/el-sas/servicios-y-centros/atencion-hospitalaria", "localidad": "Cádiz", "cod_mun": "11012", "municipio": "Cádiz", "provincia": "Cádiz" }, "geometry": { "type": "MultiPoint", "coordinates": [ [ 204938.484802440012572, 4048008.629499949980527 ] ] } },
{ "type": "Feature", "properties": { "id": "g12_02_Hospital_CAE.11213200015184", "id_dera": 11213200015184, "nombre": "HOSPITAL JUAN RAMON JIMENEZ", "tipo": "Hospital", "sistema_sa": "Público", "direccion": "RONDA EXTERIOR NORTE, S/N", "web": "https://web.sas.junta-andalucia.es/servicioandaluzdesalud/el-sas/servicios-y-centros/atencion-hospitalaria", "localidad": "Huelva", "cod_mun": "21041", "municipio": "Huelva", "provincia": "Huelva" }, "geometry": { "type": "MultiPoint", "coordinates": [ [ 151849.06, 4133207.79 ] ] } },
{ "type": "Feature", "properties": { "id": "g12_02_Hospital_CAE.11213200015241", "id_dera": 11213200015241, "nombre": "Centro Consultas Externas Palma del Río", "tipo": "Centro de consultas externas", "sistema_sa": "Público", "direccion": "AVENIDA FELIX RODRIGUEZ DE LA FUENTE, S/N", "web": "https://web.sas.junta-andalucia.es/servicioandaluzdesalud/el-sas/servicios-y-centros", "localidad": "El Vínculo", "cod_mun": "14049", "municipio": "Palma del Río", "provincia": "Córdoba" }, "geometry": { "type": "MultiPoint", "coordinates": [ [ 300201.213954509992618, 4175086.181963149923831 ] ] } },
{ "type": "Feature", "properties": { "id": "g12_02_Hospital_CAE.11213200015140", "id_dera": 11213200015140, "nombre": "HOSPITAL LA MERCED", "tipo": "Hospital", "sistema_sa": "Público", "direccion": "AVENIDA CONSTITUCION (LA), 2", "web": "https://web.sas.junta-andalucia.es/servicioandaluzdesalud/el-sas/servicios-y-centros/atencion-hospitalaria", "localidad": "Osuna", "cod_mun": "41068", "municipio": "Osuna", "provincia": "Sevilla" }, "geometry": { "type": "MultiPoint", "coordinates": [ [ 314062.125165870005731, 4122832.771231540013105 ] ] } },
{ "type": "Feature", "properties": { "id": "g12_02_Hospital_CAE.11213200015197", "id_dera": 11213200015197, "nombre": "HOSPITAL MARITIMO DE TORREMOLINOS", "tipo": "Hospital", "sistema_sa": "Público", "direccion": "CALLE SANATORIO, 5", "web": "https://web.sas.junta-andalucia.es/servicioandaluzdesalud/el-sas/servicios-y-centros/atencion-hospitalaria", "localidad": "Torremolinos", "cod_mun": "29901", "municipio": "Torremolinos", "provincia": "Málaga" }, "geometry": { "type": "MultiPoint", "coordinates": [ [ 366952.62, 4055696.54 ] ] } },
{ "type": "Feature", "properties": { "id": "g12_02_Hospital_CAE.11213200015135", "id_dera": 11213200015135, "nombre": "HOSPITAL QUIRONSALUD SAGRADO CORAZON", "tipo": "Hospital", "sistema_sa": "Privado", "direccion": "CALLE RAFAEL SALGADO, 3", "web": "https://web.sas.junta-andalucia.es/servicioandaluzdesalud/el-sas/servicios-y-centros/atencion-hospitalaria", "localidad": "Sevilla", "cod_mun": "41091", "municipio": "Sevilla", "provincia": "Sevilla" }, "geometry": { "type": "MultiPoint", "coordinates": [ [ 236100.736001129989745, 4138926.518999979831278 ] ] } },
{ "type": "Feature", "properties": { "id": "g12_02_Hospital_CAE.11213200015112", "id_dera": 11213200015112, "nombre": "HOSPITAL QUIRONSALUD HUELVA", "tipo": "Hospital", "sistema_sa": "Privado", "direccion": "CALLE PUNTA UMBRIA, 4", "web": "https://web.sas.junta-andalucia.es/servicioandaluzdesalud/el-sas/servicios-y-centros/atencion-hospitalaria", "localidad": "Huelva", "cod_mun": "21041", "municipio": "Huelva", "provincia": "Huelva" }, "geometry": { "type": "MultiPoint", "coordinates": [ [ 149355.55900840999675, 4131815.96149977017194 ] ] } },
{ "type": "Feature", "properties": { "id": "g12_02_Hospital_CAE.11213200015143", "id_dera": 11213200015143, "nombre": "HOSPITAL QUIRONSALUD INFANTA LUISA", "tipo": "Hospital", "sistema_sa": "Privado", "direccion": "CALLE SAN JACINTO, 87", "web": "https://web.sas.junta-andalucia.es/servicioandaluzdesalud/el-sas/servicios-y-centros/atencion-hospitalaria", "localidad": "Sevilla", "cod_mun": "41091", "municipio": "Sevilla", "provincia": "Sevilla" }, "geometry": { "type": "MultiPoint", "coordinates": [ [ 233644.228001209994545, 4141438.962999979965389 ] ] } },
{ "type": "Feature", "properties": { "id": "g12_02_Hospital_CAE.11213200015195", "id_dera": 11213200015195, "nombre": "HOSPITAL VALLE DEL GUADALHORCE DE CARTAMA", "tipo": "Hospital", "sistema_sa": "Público", "direccion": "AUTOVIA A-381, KM 42", "web": "https://web.sas.junta-andalucia.es/servicioandaluzdesalud/el-sas/servicios-y-centros/atencion-hospitalaria", "localidad": "Hospital Valle del Guadalhorce", "cod_mun": "29038", "municipio": "Cártama", "provincia": "Málaga" }, "geometry": { "type": "MultiPoint", "coordinates": [ [ 350698.7460602200008, 4065268.94693510979414 ] ] } },
{ "type": "Feature", "properties": { "id": "g12_02_Hospital_CAE.11213200015156", "id_dera": 11213200015156, "nombre": "HOSPITAL DE JEREZ DE LA FRONTERA", "tipo": "Hospital", "sistema_sa": "Público", "direccion": "AVENIDA REINA SOFIA, 5", "web": "https://web.sas.junta-andalucia.es/servicioandaluzdesalud/el-sas/servicios-y-centros/atencion-hospitalaria", "localidad": "Jerez de la Frontera", "cod_mun": "11020", "municipio": "Jerez de la Frontera", "provincia": "Cádiz" }, "geometry": { "type": "MultiPoint", "coordinates": [ [ 218739.578501749987481, 4066118.474099969957024 ] ] } },
{ "type": "Feature", "properties": { "id": "g12_02_Hospital_CAE.11213200015252", "id_dera": 11213200015252, "nombre": "HOSPITAL CONCERTADO SAN RAFAEL", "tipo": "Hospital", "sistema_sa": "Concertado", "direccion": "CALLE DIEGO ARIAS, 0", "web": "https://web.sas.junta-andalucia.es/servicioandaluzdesalud/el-sas/servicios-y-centros/atencion-hospitalaria", "localidad": "Cádiz", "cod_mun": "11012", "municipio": "Cádiz", "provincia": "Cádiz" }, "geometry": { "type": "MultiPoint", "coordinates": [ [ 204326.321502470003907, 4048163.071499949786812 ] ] } },
{ "type": "Feature", "properties": { "id": "g12_02_Hospital_CAE.11213200015276", "id_dera": 11213200015276, "nombre": "Centro de consultas externas de Estepa", "tipo": "Centro de consultas externas", "sistema_sa": "Público", "direccion": "CALLE MEDICO ANTONIO VILCHES, 14", "web": "https://web.sas.junta-andalucia.es/servicioandaluzdesalud/el-sas/servicios-y-centros", "localidad": "Estepa", "cod_mun": "41041", "municipio": "Estepa", "provincia": "Sevilla" }, "geometry": { "type": "MultiPoint", "coordinates": [ [ 333408.387100579973776, 4129357.312163679860532 ] ] } },
{ "type": "Feature", "properties": { "id": "g12_02_Hospital_CAE.11213200015212", "id_dera": 11213200015212, "nombre": "HOSPITAL DE LA MUJER", "tipo": "Hospital", "sistema_sa": "Público", "direccion": "CALLE TORCUATO LUCA DE TENA, 23", "web": "https://web.sas.junta-andalucia.es/servicioandaluzdesalud/el-sas/servicios-y-centros/atencion-hospitalaria", "localidad": "Sevilla", "cod_mun": "41091", "municipio": "Sevilla", "provincia": "Sevilla" }, "geometry": { "type": "MultiPoint", "coordinates": [ [ 236269.011001130013028, 4139271.894999979995191 ] ] } },
{ "type": "Feature", "properties": { "id": "g12_02_Hospital_CAE.11213200015111", "id_dera": 11213200015111, "nombre": "CLINICA LOS NARANJOS", "tipo": "Hospital", "sistema_sa": "Privado", "direccion": "PASEO NARANJOS (DE LOS), 1", "web": "https://web.sas.junta-andalucia.es/servicioandaluzdesalud/el-sas/servicios-y-centros/atencion-hospitalaria", "localidad": "Huelva", "cod_mun": "21041", "municipio": "Huelva", "provincia": "Huelva" }, "geometry": { "type": "MultiPoint", "coordinates": [ [ 149743.91260834998684, 4131300.760099770035595 ] ] } },
{ "type": "Feature", "properties": { "id": "g12_02_Hospital_CAE.11213200015219", "id_dera": 11213200015219, "nombre": "HOSPITAL DE ALTA RESOLUCION DE LEBRIJA", "tipo": "Hospital", "sistema_sa": "Público", "direccion": "AVENIDA EL CUERVO, S/N", "web": "https://web.sas.junta-andalucia.es/servicioandaluzdesalud/el-sas/servicios-y-centros/atencion-hospitalaria", "localidad": "Lebrija", "cod_mun": "41053", "municipio": "Lebrija", "provincia": "Sevilla" }, "geometry": { "type": "MultiPoint", "coordinates": [ [ 226324.96, 4089377.5 ] ] } },
{ "type": "Feature", "properties": { "id": "g12_02_Hospital_CAE.11213200015237", "id_dera": 11213200015237, "nombre": "C.P.E. Bola Azul", "tipo": "Centro de consultas externas", "sistema_sa": "Público", "direccion": "CALLE CARRETERA DE RONDA, 226", "web": "https://web.sas.junta-andalucia.es/servicioandaluzdesalud/el-sas/servicios-y-centros", "localidad": "Almería", "cod_mun": "04013", "municipio": "Almería", "provincia": "Almería" }, "geometry": { "type": "MultiPoint", "coordinates": [ [ 548902.889431950054131, 4078160.830085789784789 ] ] } },
{ "type": "Feature", "properties": { "id": "g12_02_Hospital_CAE.11213200015204", "id_dera": 11213200015204, "nombre": "FREMAP, HOSPITAL Y CENTRO DE REHABILITACION DE SEVILLA", "tipo": "Hospital", "sistema_sa": "Privado", "direccion": "AVENIDA DE JEREZ, S/N", "web": "https://web.sas.junta-andalucia.es/servicioandaluzdesalud/el-sas/servicios-y-centros/atencion-hospitalaria", "localidad": "Sevilla", "cod_mun": "41091", "municipio": "Sevilla", "provincia": "Sevilla" }, "geometry": { "type": "MultiPoint", "coordinates": [ [ 236490.980000000010477, 4137049.029999999795109 ] ] } },
{ "type": "Feature", "properties": { "id": "g12_02_Hospital_CAE.11213200015198", "id_dera": 11213200015198, "nombre": "HOSPITAL LA AXARQUIA", "tipo": "Hospital", "sistema_sa": "Público", "direccion": "AVENIDA DEL SOL, S/N", "web": "https://web.sas.junta-andalucia.es/servicioandaluzdesalud/el-sas/servicios-y-centros/atencion-hospitalaria", "localidad": "El Tomillar", "cod_mun": "29094", "municipio": "Vélez-Málaga", "provincia": "Málaga" }, "geometry": { "type": "MultiPoint", "coordinates": [ [ 402694.349999999976717, 4067868.549999999813735 ] ] } },
{ "type": "Feature", "properties": { "id": "g12_02_Hospital_CAE.11213200015188", "id_dera": 11213200015188, "nombre": "HOSPITAL DOCTOR SAGAZ", "tipo": "Hospital", "sistema_sa": "Público", "direccion": "CARRETERA JA-3303, 0", "web": "https://web.sas.junta-andalucia.es/servicioandaluzdesalud/el-sas/servicios-y-centros/atencion-hospitalaria", "localidad": "El Neveral", "cod_mun": "23050", "municipio": "Jaén", "provincia": "Jaén" }, "geometry": { "type": "MultiPoint", "coordinates": [ [ 427964.641692420002073, 4180663.859096880070865 ] ] } },
{ "type": "Feature", "properties": { "id": "g12_02_Hospital_CAE.11213200015223", "id_dera": 11213200015223, "nombre": "HOSPITAL DOCTOR LOPEZ CANO", "tipo": "Hospital", "sistema_sa": "Privado", "direccion": "PLAZA DE MADRIZ, S/N", "web": "https://web.sas.junta-andalucia.es/servicioandaluzdesalud/el-sas/servicios-y-centros/atencion-hospitalaria", "localidad": "Cádiz", "cod_mun": "11012", "municipio": "Cádiz", "provincia": "Cádiz" }, "geometry": { "type": "MultiPoint", "coordinates": [ [ 206765.371198059991002, 4044645.304394079837948 ] ] } },
{ "type": "Feature", "properties": { "id": "g12_02_Hospital_CAE.11213200015200", "id_dera": 11213200015200, "nombre": "HOSPITAL MATERNO-INFANTIL DEL H. U. DE JAEN", "tipo": "Hospital", "sistema_sa": "Público", "direccion": "AVENIDA EJERCITO ESPAÑOL, 12", "web": "https://web.sas.junta-andalucia.es/servicioandaluzdesalud/el-sas/servicios-y-centros/atencion-hospitalaria", "localidad": "Jaén", "cod_mun": "23050", "municipio": "Jaén", "provincia": "Jaén" }, "geometry": { "type": "MultiPoint", "coordinates": [ [ 430232.529806600010488, 4181102.56159149017185 ] ] } },
{ "type": "Feature", "properties": { "id": "g12_02_Hospital_CAE.11213200015163", "id_dera": 11213200015163, "nombre": "HOSPITAL VALLE DE LOS PEDROCHES", "tipo": "Hospital", "sistema_sa": "Público", "direccion": "AVENIDA MARCOS REDONDO, 46", "web": "https://web.sas.junta-andalucia.es/servicioandaluzdesalud/el-sas/servicios-y-centros/atencion-hospitalaria", "localidad": "Pozoblanco", "cod_mun": "14054", "municipio": "Pozoblanco", "provincia": "Córdoba" }, "geometry": { "type": "MultiPoint", "coordinates": [ [ 338445.222224100027233, 4250038.382677219808102 ] ] } },
{ "type": "Feature", "properties": { "id": "g12_02_Hospital_CAE.11213200015127", "id_dera": 11213200015127, "nombre": "HOSPITEN ESTEPONA", "tipo": "Hospital", "sistema_sa": "Privado", "direccion": "CARRETERA NACIONAL-340, KM 162", "web": "https://web.sas.junta-andalucia.es/servicioandaluzdesalud/el-sas/servicios-y-centros/atencion-hospitalaria", "localidad": "Hospiten", "cod_mun": "29051", "municipio": "Estepona", "provincia": "Málaga" }, "geometry": { "type": "MultiPoint", "coordinates": [ [ 313231.650000000023283, 4036176.120000000111759 ] ] } },
{ "type": "Feature", "properties": { "id": "g12_02_Hospital_CAE.11213200015182", "id_dera": 11213200015182, "nombre": "HOSPITAL JEREZ PUERTA DEL SUR", "tipo": "Hospital", "sistema_sa": "Privado", "direccion": "AVENIDA PUERTA DEL SUR, S/N", "web": "https://web.sas.junta-andalucia.es/servicioandaluzdesalud/el-sas/servicios-y-centros/atencion-hospitalaria", "localidad": "Jerez de la Frontera", "cod_mun": "11020", "municipio": "Jerez de la Frontera", "provincia": "Cádiz" }, "geometry": { "type": "MultiPoint", "coordinates": [ [ 219383.57, 4062791.640000000130385 ] ] } },
{ "type": "Feature", "properties": { "id": "g12_02_Hospital_CAE.11213200015137", "id_dera": 11213200015137, "nombre": "HOSPITAL VICTORIA EUGENIA DE LA CRUZ ROJA ESPAÑOLA", "tipo": "Hospital", "sistema_sa": "Privado", "direccion": "AVENIDA CRUZ ROJA (LA), 1", "web": "https://web.sas.junta-andalucia.es/servicioandaluzdesalud/el-sas/servicios-y-centros/atencion-hospitalaria", "localidad": "Sevilla", "cod_mun": "41091", "municipio": "Sevilla", "provincia": "Sevilla" }, "geometry": { "type": "MultiPoint", "coordinates": [ [ 236005.497001140000066, 4143491.05399997998029 ] ] } },
{ "type": "Feature", "properties": { "id": "g12_02_Hospital_CAE.11213200015186", "id_dera": 11213200015186, "nombre": "HOSPITAL DE RIOTINTO", "tipo": "Hospital", "sistema_sa": "Público", "direccion": "AVENIDA ESQUILA (LA), 5", "web": "https://web.sas.junta-andalucia.es/servicioandaluzdesalud/el-sas/servicios-y-centros/atencion-hospitalaria", "localidad": "Minas de Riotinto", "cod_mun": "21049", "municipio": "Minas de Riotinto", "provincia": "Huelva" }, "geometry": { "type": "MultiPoint", "coordinates": [ [ 182800.957730519992765, 4177779.148766870144755 ] ] } },
{ "type": "Feature", "properties": { "id": "g12_02_Hospital_CAE.11213200015257", "id_dera": 11213200015257, "nombre": "HOSPITAL VIAMED BAHIA DE CADIZ", "tipo": "Hospital", "sistema_sa": "Privado", "direccion": "CALLE AYALA, 2", "web": "https://web.sas.junta-andalucia.es/servicioandaluzdesalud/el-sas/servicios-y-centros/atencion-hospitalaria", "localidad": "Chiclana de la Frontera", "cod_mun": "11015", "municipio": "Chiclana de la Frontera", "provincia": "Cádiz" }, "geometry": { "type": "MultiPoint", "coordinates": [ [ 217573.3469, 4035235.386099999770522 ] ] } },
{ "type": "Feature", "properties": { "id": "g12_02_Hospital_CAE.11213200015108", "id_dera": 11213200015108, "nombre": "HM MALAGA", "tipo": "Hospital", "sistema_sa": "Privado", "direccion": "AVENIDA CARLOS DE HAYA, 121", "web": "https://web.sas.junta-andalucia.es/servicioandaluzdesalud/el-sas/servicios-y-centros/atencion-hospitalaria", "localidad": "Málaga", "cod_mun": "29067", "municipio": "Málaga", "provincia": "Málaga" }, "geometry": { "type": "MultiPoint", "coordinates": [ [ 370159.030416599998716, 4065177.766319859772921 ] ] } },
{ "type": "Feature", "properties": { "id": "g12_02_Hospital_CAE.11213200015258", "id_dera": 11213200015258, "nombre": "HOSPITAL LA ARRUZAFA - INSTITUTO DE OFTALMOLOGIA", "tipo": "Hospital", "sistema_sa": "Privado", "direccion": "AVENIDA ARRUZAFA (DE LA), 9", "web": "https://web.sas.junta-andalucia.es/servicioandaluzdesalud/el-sas/servicios-y-centros/atencion-hospitalaria", "localidad": "Córdoba", "cod_mun": "14021", "municipio": "Córdoba", "provincia": "Córdoba" }, "geometry": { "type": "MultiPoint", "coordinates": [ [ 342358.41230003000237, 4196731.4819 ] ] } },
{ "type": "Feature", "properties": { "id": "g12_02_Hospital_CAE.11213200015201", "id_dera": 11213200015201, "nombre": "HOSPITAL VIAMED NOVO SANCTI PETRI", "tipo": "Hospital", "sistema_sa": "Privado", "direccion": "AVENIDA OCTAVIO AUGUSTO, 1", "web": "https://web.sas.junta-andalucia.es/servicioandaluzdesalud/el-sas/servicios-y-centros/atencion-hospitalaria", "localidad": "La Barrosa", "cod_mun": "11015", "municipio": "Chiclana de la Frontera", "provincia": "Cádiz" }, "geometry": { "type": "MultiPoint", "coordinates": [ [ 216516.347948420007015, 4028096.622994860168546 ] ] } },
{ "type": "Feature", "properties": { "id": "g12_02_Hospital_CAE.11213200015147", "id_dera": 11213200015147, "nombre": "CLINICA DE SALUD MENTAL MIGUEL DE MAÑARA", "tipo": "Hospital", "sistema_sa": "Privado", "direccion": "AVENIDA HERMANOS DE LA CRUZ BLANCA, 1", "web": "https://web.sas.junta-andalucia.es/servicioandaluzdesalud/el-sas/servicios-y-centros/atencion-hospitalaria", "localidad": "Quinto", "cod_mun": "41038", "municipio": "Dos Hermanas", "provincia": "Sevilla" }, "geometry": { "type": "MultiPoint", "coordinates": [ [ 241420.819071330013685, 4135813.537246560212225 ] ] } },
{ "type": "Feature", "properties": { "id": "g12_02_Hospital_CAE.11213200015260", "id_dera": 11213200015260, "nombre": "HOSPITAL CRUZ ROJA DE CORDOBA", "tipo": "Hospital", "sistema_sa": "Privado", "direccion": "PASEO VICTORIA (DE LA), 0", "web": "https://web.sas.junta-andalucia.es/servicioandaluzdesalud/el-sas/servicios-y-centros/atencion-hospitalaria", "localidad": "Córdoba", "cod_mun": "14021", "municipio": "Córdoba", "provincia": "Córdoba" }, "geometry": { "type": "MultiPoint", "coordinates": [ [ 343056.99429235997377, 4194035.764170490205288 ] ] } },
{ "type": "Feature", "properties": { "id": "g12_02_Hospital_CAE.11213200015226", "id_dera": 11213200015226, "nombre": "HOSPITAL DOCTOR MUÑOZ CARIÑANOS", "tipo": "Hospital", "sistema_sa": "Público", "direccion": "AVENIDA DE JEREZ, S/N", "web": "https://web.sas.junta-andalucia.es/servicioandaluzdesalud/el-sas/servicios-y-centros/atencion-hospitalaria", "localidad": "Sevilla", "cod_mun": "41091", "municipio": "Sevilla", "provincia": "Sevilla" }, "geometry": { "type": "MultiPoint", "coordinates": [ [ 236742.83952522999607, 4137401.198092720005661 ] ] } },
{ "type": "Feature", "properties": { "id": "g12_02_Hospital_CAE.11213200015159", "id_dera": 11213200015159, "nombre": "HOSPITAL GENERAL DEL H.U. REINA SOFIA", "tipo": "Hospital", "sistema_sa": "Público", "direccion": "AVENIDA MENENDEZ PIDAL, S/N", "web": "https://web.sas.junta-andalucia.es/servicioandaluzdesalud/el-sas/servicios-y-centros/atencion-hospitalaria", "localidad": "Córdoba", "cod_mun": "14021", "municipio": "Córdoba", "provincia": "Córdoba" }, "geometry": { "type": "MultiPoint", "coordinates": [ [ 341797.479999999981374, 4192665.620000000111759 ] ] } },
{ "type": "Feature", "properties": { "id": "g12_02_Hospital_CAE.11213200015175", "id_dera": 11213200015175, "nombre": "HOSPITAL SANTA ANA", "tipo": "Hospital", "sistema_sa": "Público", "direccion": "AVENIDA ENRIQUE MARTIN CUEVAS, 28", "web": "https://web.sas.junta-andalucia.es/servicioandaluzdesalud/el-sas/servicios-y-centros/atencion-hospitalaria", "localidad": "Motril", "cod_mun": "18140", "municipio": "Motril", "provincia": "Granada" }, "geometry": { "type": "MultiPoint", "coordinates": [ [ 453506.700260310026351, 4067859.102349809836596 ] ] } },
{ "type": "Feature", "properties": { "id": "g12_02_Hospital_CAE.11213200015151", "id_dera": 11213200015151, "nombre": "HOSPITAL DE ALTA RESOLUCION EL TOYO", "tipo": "Hospital", "sistema_sa": "Público", "direccion": "CAMINO BOTICA (DE LA), 0", "web": "https://web.sas.junta-andalucia.es/servicioandaluzdesalud/el-sas/servicios-y-centros/atencion-hospitalaria", "localidad": "Retamar", "cod_mun": "04013", "municipio": "Almería", "provincia": "Almería" }, "geometry": { "type": "MultiPoint", "coordinates": [ [ 561333.953753400011919, 4078557.778638309799135 ] ] } },
{ "type": "Feature", "properties": { "id": "g12_02_Hospital_CAE.11213200015172", "id_dera": 11213200015172, "nombre": "HOSPITAL MATERNO-INFANTIL DEL H.U. VIRGEN DE LAS NIEVES", "tipo": "Hospital", "sistema_sa": "Público", "direccion": "CALLE RIBERA DEL BEIRO, 6", "web": "https://web.sas.junta-andalucia.es/servicioandaluzdesalud/el-sas/servicios-y-centros/atencion-hospitalaria", "localidad": "Granada", "cod_mun": "18087", "municipio": "Granada", "provincia": "Granada" }, "geometry": { "type": "MultiPoint", "coordinates": [ [ 445769.235566170013044, 4116042.085939100012183 ] ] } },
{ "type": "Feature", "properties": { "id": "g12_02_Hospital_CAE.11213200015251", "id_dera": 11213200015251, "nombre": "HOSPITAL CONCERTADO SANTA MARIA DEL PUERTO", "tipo": "Hospital", "sistema_sa": "Concertado", "direccion": "CALLE VALDES, 45", "web": "https://web.sas.junta-andalucia.es/servicioandaluzdesalud/el-sas/servicios-y-centros/atencion-hospitalaria", "localidad": "El Puerto de Santa María", "cod_mun": "11027", "municipio": "El Puerto de Santa María", "provincia": "Cádiz" }, "geometry": { "type": "MultiPoint", "coordinates": [ [ 210363.959809699998004, 4055202.55734123988077 ] ] } },
{ "type": "Feature", "properties": { "id": "g12_02_Hospital_CAE.11213200015242", "id_dera": 11213200015242, "nombre": "C.P.E. de La Línea de La Concepción", "tipo": "Centro de consultas externas", "sistema_sa": "Público", "direccion": "AVENIDA MENENDEZ PELAYO, 103", "web": "https://web.sas.junta-andalucia.es/servicioandaluzdesalud/el-sas/servicios-y-centros", "localidad": "La Línea de la Concepción", "cod_mun": "11022", "municipio": "La Línea de la Concepción", "provincia": "Cádiz" }, "geometry": { "type": "MultiPoint", "coordinates": [ [ 289444.68, 4005309.620000000111759 ] ] } },
{ "type": "Feature", "properties": { "id": "g12_02_Hospital_CAE.11213200015158", "id_dera": 11213200015158, "nombre": "HOSPITAL DE LA LINEA DE LA CONCEPCION", "tipo": "Hospital", "sistema_sa": "Público", "direccion": "RONDA NORTE, S/N", "web": "https://web.sas.junta-andalucia.es/servicioandaluzdesalud/el-sas/servicios-y-centros/atencion-hospitalaria", "localidad": "La Línea de la Concepción", "cod_mun": "11022", "municipio": "La Línea de la Concepción", "provincia": "Cádiz" }, "geometry": { "type": "MultiPoint", "coordinates": [ [ 288208.824164149991702, 4005915.335343319922686 ] ] } },
{ "type": "Feature", "properties": { "id": "g12_02_Hospital_CAE.11213200015119", "id_dera": 11213200015119, "nombre": "HOSPITAL EL ANGEL", "tipo": "Hospital", "sistema_sa": "Privado", "direccion": "CALLE CORREGIDOR NICOLAS ISIDRO, 16", "web": "https://web.sas.junta-andalucia.es/servicioandaluzdesalud/el-sas/servicios-y-centros/atencion-hospitalaria", "localidad": "Málaga", "cod_mun": "29067", "municipio": "Málaga", "provincia": "Málaga" }, "geometry": { "type": "MultiPoint", "coordinates": [ [ 370212.697000009997282, 4064248.574099999852479 ] ] } },
{ "type": "Feature", "properties": { "id": "g12_02_Hospital_CAE.11213200015249", "id_dera": 11213200015249, "nombre": "C.P.E. de Cádiz", "tipo": "Centro de consultas externas", "sistema_sa": "Público", "direccion": "PLAZA MENDIZABAL, 2", "web": "https://web.sas.junta-andalucia.es/servicioandaluzdesalud/el-sas/servicios-y-centros", "localidad": "Cádiz", "cod_mun": "11012", "municipio": "Cádiz", "provincia": "Cádiz" }, "geometry": { "type": "MultiPoint", "coordinates": [ [ 205113.550502430007327, 4047915.841799950227141 ] ] } },
{ "type": "Feature", "properties": { "id": "g12_02_Hospital_CAE.11213200015240", "id_dera": 11213200015240, "nombre": "C.P.E. Arcos de la Frontera", "tipo": "Centro de consultas externas", "sistema_sa": "Público", "direccion": "CALLE CALVARIO, 0", "web": "https://web.sas.junta-andalucia.es/servicioandaluzdesalud/el-sas/servicios-y-centros", "localidad": "Arcos de la Frontera", "cod_mun": "11006", "municipio": "Arcos de la Frontera", "provincia": "Cádiz" }, "geometry": { "type": "MultiPoint", "coordinates": [ [ 250257.060976159991696, 4069985.549246300011873 ] ] } },
{ "type": "Feature", "properties": { "id": "g12_02_Hospital_CAE.11213200015170", "id_dera": 11213200015170, "nombre": "HOSPITAL DE BAZA", "tipo": "Hospital", "sistema_sa": "Público", "direccion": "LUGAR CORTIJO DEL PORTAJO, 0", "web": "https://web.sas.junta-andalucia.es/servicioandaluzdesalud/el-sas/servicios-y-centros/atencion-hospitalaria", "localidad": "Hospital General Básico de Baza", "cod_mun": "18023", "municipio": "Baza", "provincia": "Granada" }, "geometry": { "type": "MultiPoint", "coordinates": [ [ 521908.8141082500224, 4150503.327487539965659 ] ] } },
{ "type": "Feature", "properties": { "id": "g12_02_Hospital_CAE.11213200015109", "id_dera": 11213200015109, "nombre": "CLINICA CRISTO REY", "tipo": "Hospital", "sistema_sa": "Privado", "direccion": "PASEO ESTACION (LA), 40", "web": "https://web.sas.junta-andalucia.es/servicioandaluzdesalud/el-sas/servicios-y-centros/atencion-hospitalaria", "localidad": "Jaén", "cod_mun": "23050", "municipio": "Jaén", "provincia": "Jaén" }, "geometry": { "type": "MultiPoint", "coordinates": [ [ 430516.578535880020354, 4181210.218957989942282 ] ] } },
{ "type": "Feature", "properties": { "id": "g12_02_Hospital_CAE.11213200015146", "id_dera": 11213200015146, "nombre": "HOSPITAL VIAMED SANTA ANGELA DE LA CRUZ", "tipo": "Hospital", "sistema_sa": "Privado", "direccion": "AVENIDA DE JEREZ, 59", "web": "https://web.sas.junta-andalucia.es/servicioandaluzdesalud/el-sas/servicios-y-centros/atencion-hospitalaria", "localidad": "Sevilla", "cod_mun": "41091", "municipio": "Sevilla", "provincia": "Sevilla" }, "geometry": { "type": "MultiPoint", "coordinates": [ [ 237196.38, 4135352.069999999832362 ] ] } },
{ "type": "Feature", "properties": { "id": "g12_02_Hospital_CAE.11213200015250", "id_dera": 11213200015250, "nombre": "HOSPITAL MEDITERRANEO", "tipo": "Hospital", "sistema_sa": "Privado", "direccion": "CALLE NUEVA MUSA, 8", "web": "https://web.sas.junta-andalucia.es/servicioandaluzdesalud/el-sas/servicios-y-centros/atencion-hospitalaria", "localidad": "Almería", "cod_mun": "04013", "municipio": "Almería", "provincia": "Almería" }, "geometry": { "type": "MultiPoint", "coordinates": [ [ 550361.152, 4075124.712100000120699 ] ] } },
{ "type": "Feature", "properties": { "id": "g12_02_Hospital_CAE.11213200015131", "id_dera": 11213200015131, "nombre": "HOSPITAL QUIRONSALUD MALAGA", "tipo": "Hospital", "sistema_sa": "Privado", "direccion": "CALLE PILAR LORENGAR, 2", "web": "https://web.sas.junta-andalucia.es/servicioandaluzdesalud/el-sas/servicios-y-centros/atencion-hospitalaria", "localidad": "Málaga", "cod_mun": "29067", "municipio": "Málaga", "provincia": "Málaga" }, "geometry": { "type": "MultiPoint", "coordinates": [ [ 369785.950900010007899, 4060889.541600000113249 ] ] } },
{ "type": "Feature", "properties": { "id": "g12_02_Hospital_CAE.11213200015210", "id_dera": 11213200015210, "nombre": "HOSPITAL DE REHABILITACION Y TRAUMATOLOGIA DEL H.U. VIRGEN DEL ROCIO", "tipo": "Hospital", "sistema_sa": "Público", "direccion": "CALLE TORCUATO LUCA DE TENA, 21", "web": "https://web.sas.junta-andalucia.es/servicioandaluzdesalud/el-sas/servicios-y-centros/atencion-hospitalaria", "localidad": "Sevilla", "cod_mun": "41091", "municipio": "Sevilla", "provincia": "Sevilla" }, "geometry": { "type": "MultiPoint", "coordinates": [ [ 236169.687001129990676, 4139173.67899997998029 ] ] } },
{ "type": "Feature", "properties": { "id": "g12_02_Hospital_CAE.11213200015145", "id_dera": 11213200015145, "nombre": "HOSPITAL NISA SEVILLA-ALJARAFE", "tipo": "Hospital", "sistema_sa": "Privado", "direccion": "AVENIDA PLACIDO FERNANDEZ VIAGAS, S/N", "web": "https://web.sas.junta-andalucia.es/servicioandaluzdesalud/el-sas/servicios-y-centros/atencion-hospitalaria", "localidad": "Hospital", "cod_mun": "41029", "municipio": "Castilleja de la Cuesta", "provincia": "Sevilla" }, "geometry": { "type": "MultiPoint", "coordinates": [ [ 228930.64000000001397, 4142814.06 ] ] } },
{ "type": "Feature", "properties": { "id": "g12_02_Hospital_CAE.11213200015113", "id_dera": 11213200015113, "nombre": "HOSPITAL CONCERTADO VIRGEN DE LA BELLA", "tipo": "Hospital", "sistema_sa": "Concertado", "direccion": "AVENIDA ROSAS (DE LAS), 1", "web": "https://web.sas.junta-andalucia.es/servicioandaluzdesalud/el-sas/servicios-y-centros/atencion-hospitalaria", "localidad": "Lepe", "cod_mun": "21044", "municipio": "Lepe", "provincia": "Huelva" }, "geometry": { "type": "MultiPoint", "coordinates": [ [ 127944.92712443000346, 4131992.559702259954065 ] ] } },
{ "type": "Feature", "properties": { "id": "g12_02_Hospital_CAE.11213200015128", "id_dera": 11213200015128, "nombre": "HOSPITAL VITHAS XANIT HOSPITAL INTERNACIONAL", "tipo": "Hospital", "sistema_sa": "Privado", "direccion": "AVENIDA DE LOS ARGONAUTAS, S/N", "web": "https://web.sas.junta-andalucia.es/servicioandaluzdesalud/el-sas/servicios-y-centros/atencion-hospitalaria", "localidad": "Arroyo de la Miel-Benalmadena Costa", "cod_mun": "29025", "municipio": "Benalmádena", "provincia": "Málaga" }, "geometry": { "type": "MultiPoint", "coordinates": [ [ 360602.74, 4051425.950000000186265 ] ] } },
{ "type": "Feature", "properties": { "id": "g12_02_Hospital_CAE.11213200015228", "id_dera": 11213200015228, "nombre": "HOSPITAL DE ALTA RESOLUCION DE ESTEPONA", "tipo": "Hospital", "sistema_sa": "Público", "direccion": "CALLE IRENE VILLA GONZALEZ, 9", "web": "https://web.sas.junta-andalucia.es/servicioandaluzdesalud/el-sas/servicios-y-centros/atencion-hospitalaria", "localidad": "Santa María", "cod_mun": "29051", "municipio": "Estepona", "provincia": "Málaga" }, "geometry": { "type": "MultiPoint", "coordinates": [ [ 302989.47669651999604, 4031876.754183339886367 ] ] } },
{ "type": "Feature", "properties": { "id": "g12_02_Hospital_CAE.11213200015208", "id_dera": 11213200015208, "nombre": "HOSPITAL VIRGEN MACARENA", "tipo": "Hospital", "sistema_sa": "Público", "direccion": "AVENIDA DOCTOR FEDRIANI, 3", "web": "https://web.sas.junta-andalucia.es/servicioandaluzdesalud/el-sas/servicios-y-centros/atencion-hospitalaria", "localidad": "Sevilla", "cod_mun": "41091", "municipio": "Sevilla", "provincia": "Sevilla" }, "geometry": { "type": "MultiPoint", "coordinates": [ [ 235645.322001149994321, 4144120.71799997985363 ] ] } },
{ "type": "Feature", "properties": { "id": "g12_02_Hospital_CAE.11213200015246", "id_dera": 11213200015246, "nombre": "C.P.E. de Linares", "tipo": "Centro de consultas externas", "sistema_sa": "Público", "direccion": "AVENIDA SAN SEBASTIAN, 0", "web": "https://web.sas.junta-andalucia.es/servicioandaluzdesalud/el-sas/servicios-y-centros", "localidad": "Linares", "cod_mun": "23055", "municipio": "Linares", "provincia": "Jaén" }, "geometry": { "type": "MultiPoint", "coordinates": [ [ 444202.883891789999325, 4216911.691892130300403 ] ] } },
{ "type": "Feature", "properties": { "id": "g12_02_Hospital_CAE.11213200015225", "id_dera": 11213200015225, "nombre": "HOSPITAL DE ALTA RESOLUCION SIERRA DE CAZORLA", "tipo": "Hospital", "sistema_sa": "Público", "direccion": "CARRETERA A-319 CAZORLA-PEAL DEL BECERRO", "web": "https://web.sas.junta-andalucia.es/servicioandaluzdesalud/el-sas/servicios-y-centros/atencion-hospitalaria", "localidad": "Centro Hospitalario de Alta Resolución de Cazorla", "cod_mun": "23028", "municipio": "Cazorla", "provincia": "Jaén" }, "geometry": { "type": "MultiPoint", "coordinates": [ [ 498705.519855100021232, 4196462.564874869771302 ] ] } },
{ "type": "Feature", "properties": { "id": "g12_02_Hospital_CAE.11213200015157", "id_dera": 11213200015157, "nombre": "HOSPITAL DE PUERTO REAL", "tipo": "Hospital", "sistema_sa": "Público", "direccion": "CARRETERA N-IV, KM 665", "web": "https://web.sas.junta-andalucia.es/servicioandaluzdesalud/el-sas/servicios-y-centros/atencion-hospitalaria", "localidad": "Hospital Universitario Puerto Real", "cod_mun": "11028", "municipio": "Puerto Real", "provincia": "Cádiz" }, "geometry": { "type": "MultiPoint", "coordinates": [ [ 217801.230000000010477, 4046246.06 ] ] } },
{ "type": "Feature", "properties": { "id": "g12_02_Hospital_CAE.11213200015196", "id_dera": 11213200015196, "nombre": "HOSPITAL SAN RAFAEL", "tipo": "Hospital", "sistema_sa": "Privado", "direccion": "CALLE SAN JUAN DE DIOS, 19", "web": "https://web.sas.junta-andalucia.es/servicioandaluzdesalud/el-sas/servicios-y-centros/atencion-hospitalaria", "localidad": "Granada", "cod_mun": "18087", "municipio": "Granada", "provincia": "Granada" }, "geometry": { "type": "MultiPoint", "coordinates": [ [ 446503.036000000021886, 4115126.5872 ] ] } },
{ "type": "Feature", "properties": { "id": "g12_02_Hospital_CAE.11213200015269", "id_dera": 11213200015269, "nombre": "C.P.E. San José Obrero", "tipo": "Centro de consultas externas", "sistema_sa": "Público", "direccion": "AVENIDA JUAN XXIII, 74", "web": "https://web.sas.junta-andalucia.es/servicioandaluzdesalud/el-sas/servicios-y-centros", "localidad": "Málaga", "cod_mun": "29067", "municipio": "Málaga", "provincia": "Málaga" }, "geometry": { "type": "MultiPoint", "coordinates": [ [ 370817.890600009995978, 4063936.1565 ] ] } },
{ "type": "Feature", "properties": { "id": "g12_02_Hospital_CAE.11213200015185", "id_dera": 11213200015185, "nombre": "HOSPITAL VAZQUEZ DIAZ", "tipo": "Hospital", "sistema_sa": "Público", "direccion": "CARRETERA DE SEVILLA, S/N", "web": "https://web.sas.junta-andalucia.es/servicioandaluzdesalud/el-sas/servicios-y-centros/atencion-hospitalaria", "localidad": "Hospital Juan Ramón Jiménez", "cod_mun": "21041", "municipio": "Huelva", "provincia": "Huelva" }, "geometry": { "type": "MultiPoint", "coordinates": [ [ 152325.85999999998603, 4133096.94 ] ] } },
{ "type": "Feature", "properties": { "id": "g12_02_Hospital_CAE.11213200015216", "id_dera": 11213200015216, "nombre": "HOSPITAL SAN JUAN DE DIOS", "tipo": "Hospital", "sistema_sa": "Público", "direccion": "AVENIDA SAN JUAN DE DIOS, S/N", "web": "https://web.sas.junta-andalucia.es/servicioandaluzdesalud/el-sas/servicios-y-centros/atencion-hospitalaria", "localidad": "Bormujos", "cod_mun": "41017", "municipio": "Bormujos", "provincia": "Sevilla" }, "geometry": { "type": "MultiPoint", "coordinates": [ [ 226873.4, 4140726.379999999888241 ] ] } },
{ "type": "Feature", "properties": { "id": "g12_02_Hospital_CAE.11213200015211", "id_dera": 11213200015211, "nombre": "HOSPITAL DUQUES DEL INFANTADO", "tipo": "Hospital", "sistema_sa": "Público", "direccion": "CALLE SOR GREGORIA DE SANTA TERESA, 18", "web": "https://web.sas.junta-andalucia.es/servicioandaluzdesalud/el-sas/servicios-y-centros/atencion-hospitalaria", "localidad": "Sevilla", "cod_mun": "41091", "municipio": "Sevilla", "provincia": "Sevilla" }, "geometry": { "type": "MultiPoint", "coordinates": [ [ 235422.679001159995096, 4139341.493999979924411 ] ] } },
{ "type": "Feature", "properties": { "id": "g12_02_Hospital_CAE.11213200015280", "id_dera": 11213200015280, "nombre": "C.P.E. San Jerónimo de Sevilla", "tipo": "Centro de consultas externas", "sistema_sa": "Público", "direccion": "CALLE MEDINA Y GALNARES, 151", "web": "https://web.sas.junta-andalucia.es/servicioandaluzdesalud/el-sas/servicios-y-centros", "localidad": "Sevilla", "cod_mun": "41091", "municipio": "Sevilla", "provincia": "Sevilla" }, "geometry": { "type": "MultiPoint", "coordinates": [ [ 236278.036001130007207, 4146867.137999979779124 ] ] } },
{ "type": "Feature", "properties": { "id": "g12_02_Hospital_CAE.11213200015169", "id_dera": 11213200015169, "nombre": "HOSPITAL DE ALTA RESOLUCION VALLE DEL GUADIATO", "tipo": "Hospital", "sistema_sa": "Público", "direccion": "CALLE PIO XII", "web": "https://web.sas.junta-andalucia.es/servicioandaluzdesalud/el-sas/servicios-y-centros/atencion-hospitalaria", "localidad": "Hospital Valle del Guadiato", "cod_mun": "14052", "municipio": "Peñarroya-Pueblonuevo", "provincia": "Córdoba" }, "geometry": { "type": "MultiPoint", "coordinates": [ [ 301480.69, 4242497.71 ] ] } },
{ "type": "Feature", "properties": { "id": "g12_02_Hospital_CAE.11213200015191", "id_dera": 11213200015191, "nombre": "HOSPITAL DE ALTA RESOLUCION SIERRA DE SEGURA", "tipo": "Hospital", "sistema_sa": "Público", "direccion": "CARRETERA PUENTE DE GENAVE A PUERTA DEL SEGURA, KM 0300", "web": "https://web.sas.junta-andalucia.es/servicioandaluzdesalud/el-sas/servicios-y-centros/atencion-hospitalaria", "localidad": "Hospital de Alta Resolución Sierra de Segura", "cod_mun": "23071", "municipio": "Puente de Génave", "provincia": "Jaén" }, "geometry": { "type": "MultiPoint", "coordinates": [ [ 518601.700000000011642, 4245813.240000000223517 ] ] } },
{ "type": "Feature", "properties": { "id": "g12_02_Hospital_CAE.11213200015229", "id_dera": 11213200015229, "nombre": "HOSPITAL CENTRO DE ANDALUCIA", "tipo": "Hospital", "sistema_sa": "Privado", "direccion": "CALLE PONTEVEDRA, 10", "web": "https://web.sas.junta-andalucia.es/servicioandaluzdesalud/el-sas/servicios-y-centros/atencion-hospitalaria", "localidad": "Parque Empresarial Príncipe Felipe", "cod_mun": "14038", "municipio": "Lucena", "provincia": "Córdoba" }, "geometry": { "type": "MultiPoint", "coordinates": [ [ 366490.521799909998663, 4138722.806300209835172 ] ] } },
{ "type": "Feature", "properties": { "id": "g12_02_Hospital_CAE.11213200015189", "id_dera": 11213200015189, "nombre": "HOSPITAL SAN AGUSTIN", "tipo": "Hospital", "sistema_sa": "Público", "direccion": "AVENIDA SAN CRISTOBAL, 0", "web": "https://web.sas.junta-andalucia.es/servicioandaluzdesalud/el-sas/servicios-y-centros/atencion-hospitalaria", "localidad": "Linares", "cod_mun": "23055", "municipio": "Linares", "provincia": "Jaén" }, "geometry": { "type": "MultiPoint", "coordinates": [ [ 443569.017954289971385, 4215947.889312139712274 ] ] } },
{ "type": "Feature", "properties": { "id": "g12_02_Hospital_CAE.11213200015133", "id_dera": 11213200015133, "nombre": "CENTRO DE REPRODUCCION ASISTIDA DE MARBELLA (CERAM)", "tipo": "Hospital", "sistema_sa": "Privado", "direccion": "CALLE MAESTRA DOÑA CAROLA, 8", "web": "https://web.sas.junta-andalucia.es/servicioandaluzdesalud/el-sas/servicios-y-centros/atencion-hospitalaria", "localidad": "Marbella", "cod_mun": "29069", "municipio": "Marbella", "provincia": "Málaga" }, "geometry": { "type": "MultiPoint", "coordinates": [ [ 330145.68780005001463, 4042940.529200000222772 ] ] } },
{ "type": "Feature", "properties": { "id": "g12_02_Hospital_CAE.11213200015283", "id_dera": 11213200015283, "nombre": "Centro de Alta Resolución y Especialidades Los Alcores", "tipo": "Centro de consultas externas", "sistema_sa": "Público", "direccion": "CALLE CAMINO EL HIJUELILLO, S/N", "web": "https://web.sas.junta-andalucia.es/servicioandaluzdesalud/el-sas/servicios-y-centros", "localidad": "Mairena del Alcor", "cod_mun": "41058", "municipio": "Mairena del Alcor", "provincia": "Sevilla" }, "geometry": { "type": "MultiPoint", "coordinates": [ [ 258176.743325449991971, 4140947.611349659971893 ] ] } },
{ "type": "Feature", "properties": { "id": "g12_02_Hospital_CAE.11213200015232", "id_dera": 11213200015232, "nombre": "HOSPITAL DE PALMA DEL RIO", "tipo": "Hospital", "sistema_sa": "Público", "direccion": "AVENIDA V CALIFA, S/N", "web": "https://web.sas.junta-andalucia.es/servicioandaluzdesalud/el-sas/servicios-y-centros/atencion-hospitalaria", "localidad": "El Vínculo", "cod_mun": "14049", "municipio": "Palma del Río", "provincia": "Córdoba" }, "geometry": { "type": "MultiPoint", "coordinates": [ [ 299966.059283029986545, 4175172.621179869864136 ] ] } },
{ "type": "Feature", "properties": { "id": "g12_02_Hospital_CAE.11213200015207", "id_dera": 11213200015207, "nombre": "HOSPITAL SAN LAZARO", "tipo": "Hospital", "sistema_sa": "Público", "direccion": "AVENIDA DOCTOR FEDRIANI, 56", "web": "https://web.sas.junta-andalucia.es/servicioandaluzdesalud/el-sas/servicios-y-centros/atencion-hospitalaria", "localidad": "Sevilla", "cod_mun": "41091", "municipio": "Sevilla", "provincia": "Sevilla" }, "geometry": { "type": "MultiPoint", "coordinates": [ [ 235984.46000113998889, 4145004.961999979801476 ] ] } },
{ "type": "Feature", "properties": { "id": "g12_02_Hospital_CAE.11213200015278", "id_dera": 11213200015278, "nombre": "C.P.E.Inmacula Concepción de Morón de la Frontera", "tipo": "Centro de consultas externas", "sistema_sa": "Público", "direccion": "PASEO ALAMEDA (LA), 17", "web": "https://web.sas.junta-andalucia.es/servicioandaluzdesalud/el-sas/servicios-y-centros", "localidad": "Morón de la Frontera", "cod_mun": "41065", "municipio": "Morón de la Frontera", "provincia": "Sevilla" }, "geometry": { "type": "MultiPoint", "coordinates": [ [ 281239.517665620020125, 4111146.92108363006264 ] ] } },
{ "type": "Feature", "properties": { "id": "g12_02_Hospital_CAE.11213200015254", "id_dera": 11213200015254, "nombre": "Centro de consultas externas de Doctor Fleming de Sevilla", "tipo": "Centro de consultas externas", "sistema_sa": "Público", "direccion": "CALLE JUAN DE PADILLA, 8", "web": "https://web.sas.junta-andalucia.es/servicioandaluzdesalud/el-sas/servicios-y-centros", "localidad": "Sevilla", "cod_mun": "41091", "municipio": "Sevilla", "provincia": "Sevilla" }, "geometry": { "type": "MultiPoint", "coordinates": [ [ 237256.022001100005582, 4141010.68299998017028 ] ] } },
{ "type": "Feature", "properties": { "id": "g12_02_Hospital_CAE.11213200015152", "id_dera": 11213200015152, "nombre": "HOSPITAL PUNTA DE EUROPA", "tipo": "Hospital", "sistema_sa": "Público", "direccion": "AVENIDA JOAN MANUEL SERRAT, 1", "web": "https://web.sas.junta-andalucia.es/servicioandaluzdesalud/el-sas/servicios-y-centros/atencion-hospitalaria", "localidad": "Algeciras", "cod_mun": "11004", "municipio": "Algeciras", "provincia": "Cádiz" }, "geometry": { "type": "MultiPoint", "coordinates": [ [ 280242.270029319974128, 3999047.539008810184896 ] ] } },
{ "type": "Feature", "properties": { "id": "g12_02_Hospital_CAE.11213200015281", "id_dera": 11213200015281, "nombre": "Policlínico Virgen Macarena", "tipo": "Centro de consultas externas", "sistema_sa": "Público", "direccion": "AVENIDA DOCTOR FEDRIANI, 1", "web": "https://web.sas.junta-andalucia.es/servicioandaluzdesalud/el-sas/servicios-y-centros", "localidad": "Sevilla", "cod_mun": "41091", "municipio": "Sevilla", "provincia": "Sevilla" }, "geometry": { "type": "MultiPoint", "coordinates": [ [ 235610.566001150000375, 4144062.638999979943037 ] ] } },
{ "type": "Feature", "properties": { "id": "g12_02_Hospital_CAE.11213200015155", "id_dera": 11213200015155, "nombre": "HOSPITAL CONCERTADO VIRGEN DE LAS MONTAÑAS", "tipo": "Hospital", "sistema_sa": "Concertado", "direccion": "AVENIDA AMBULATORIO, S/N", "web": "https://web.sas.junta-andalucia.es/servicioandaluzdesalud/el-sas/servicios-y-centros/atencion-hospitalaria", "localidad": "Villamartín", "cod_mun": "11041", "municipio": "Villamartín", "provincia": "Cádiz" }, "geometry": { "type": "MultiPoint", "coordinates": [ [ 263773.76, 4082890.15 ] ] } },
{ "type": "Feature", "properties": { "id": "g12_02_Hospital_CAE.11213200015236", "id_dera": 11213200015236, "nombre": "CLINICA BAU,SL", "tipo": "Hospital", "sistema_sa": "No disponible", "direccion": "AVENIDA BRILLANTE (DEL), 91", "web": "https://web.sas.junta-andalucia.es/servicioandaluzdesalud/el-sas/servicios-y-centros/atencion-hospitalaria", "localidad": "Córdoba", "cod_mun": "14021", "municipio": "Córdoba", "provincia": "Córdoba" }, "geometry": { "type": "MultiPoint", "coordinates": [ [ 342630.544500029995106, 4196616.333999999798834 ] ] } },
{ "type": "Feature", "properties": { "id": "g12_02_Hospital_CAE.11213200015209", "id_dera": 11213200015209, "nombre": "HOSPITAL INFANTIL", "tipo": "Hospital", "sistema_sa": "Público", "direccion": "CALLE TORCUATO LUCA DE TENA, 25", "web": "https://web.sas.junta-andalucia.es/servicioandaluzdesalud/el-sas/servicios-y-centros/atencion-hospitalaria", "localidad": "Sevilla", "cod_mun": "41091", "municipio": "Sevilla", "provincia": "Sevilla" }, "geometry": { "type": "MultiPoint", "coordinates": [ [ 236321.757001129997661, 4139238.936999979894608 ] ] } },
{ "type": "Feature", "properties": { "id": "g12_02_Hospital_CAE.11213200015141", "id_dera": 11213200015141, "nombre": "RESIDENCIA DE SALUD MENTAL NUESTRA SEÑORA DEL CARMEN", "tipo": "Hospital", "sistema_sa": "Privado", "direccion": "AVENIDA DEL RIO PUDIO, S/N", "web": "https://web.sas.junta-andalucia.es/servicioandaluzdesalud/el-sas/servicios-y-centros/atencion-hospitalaria", "localidad": "Bormujos", "cod_mun": "41017", "municipio": "Bormujos", "provincia": "Sevilla" }, "geometry": { "type": "MultiPoint", "coordinates": [ [ 228159.25, 4141302.609999999869615 ] ] } },
{ "type": "Feature", "properties": { "id": "g12_02_Hospital_CAE.11213200015239", "id_dera": 11213200015239, "nombre": "Centro de Rehabilitación de Arcos de la Frontera", "tipo": "Centro de consultas externas", "sistema_sa": "Público", "direccion": "CALLE GRAZALEMA, 15", "web": "https://web.sas.junta-andalucia.es/servicioandaluzdesalud/el-sas/servicios-y-centros", "localidad": "Arcos de la Frontera", "cod_mun": "11006", "municipio": "Arcos de la Frontera", "provincia": "Cádiz" }, "geometry": { "type": "MultiPoint", "coordinates": [ [ 249245.9713, 4071124.8405 ] ] } },
{ "type": "Feature", "properties": { "id": "g12_02_Hospital_CAE.11213200015205", "id_dera": 11213200015205, "nombre": "HOSPITAL EL TOMILLAR", "tipo": "Hospital", "sistema_sa": "Público", "direccion": "CARRETERA ALCALA-DOS HERMANAS, KM 6", "web": "https://web.sas.junta-andalucia.es/servicioandaluzdesalud/el-sas/servicios-y-centros/atencion-hospitalaria", "localidad": "El Tomillar", "cod_mun": "41004", "municipio": "Alcalá de Guadaíra", "provincia": "Sevilla" }, "geometry": { "type": "MultiPoint", "coordinates": [ [ 242911.09, 4131920.970000000204891 ] ] } },
{ "type": "Feature", "properties": { "id": "g12_02_Hospital_CAE.11213200015256", "id_dera": 11213200015256, "nombre": "C.P.E. Virgen de los Reyes de Sevilla", "tipo": "Centro de consultas externas", "sistema_sa": "Público", "direccion": "CALLE MARQUES DE PARADAS, 49", "web": "https://web.sas.junta-andalucia.es/servicioandaluzdesalud/el-sas/servicios-y-centros", "localidad": "Sevilla", "cod_mun": "41091", "municipio": "Sevilla", "provincia": "Sevilla" }, "geometry": { "type": "MultiPoint", "coordinates": [ [ 234313.275001189991599, 4142425.07999998005107 ] ] } },
{ "type": "Feature", "properties": { "id": "g12_02_Hospital_CAE.11213200015130", "id_dera": 11213200015130, "nombre": "HOSPITAL SAN JUAN GRANDE", "tipo": "Hospital", "sistema_sa": "Privado", "direccion": "CALLE HERMANDAD DEL ROCIO DE JEREZ, 1", "web": "https://web.sas.junta-andalucia.es/servicioandaluzdesalud/el-sas/servicios-y-centros/atencion-hospitalaria", "localidad": "Jerez de la Frontera", "cod_mun": "11020", "municipio": "Jerez de la Frontera", "provincia": "Cádiz" }, "geometry": { "type": "MultiPoint", "coordinates": [ [ 218630.06098829000257, 4065328.290452550165355 ] ] } },
{ "type": "Feature", "properties": { "id": "g12_02_Hospital_CAE.11213200015231", "id_dera": 11213200015231, "nombre": "HOSPITAL MATERNO INFANTIL", "tipo": "Hospital", "sistema_sa": "Público", "direccion": "CALLE HERMANDAD DE DONANTES DE SANGRE, S/N", "web": "https://web.sas.junta-andalucia.es/servicioandaluzdesalud/el-sas/servicios-y-centros/atencion-hospitalaria", "localidad": "Almería", "cod_mun": "04013", "municipio": "Almería", "provincia": "Almería" }, "geometry": { "type": "MultiPoint", "coordinates": [ [ 549717.253197530051693, 4079713.573281620163471 ] ] } },
{ "type": "Feature", "properties": { "id": "g12_02_Hospital_CAE.11213200015279", "id_dera": 11213200015279, "nombre": "Centro de consultas externas de El Saucejo", "tipo": "Centro de consultas externas", "sistema_sa": "Público", "direccion": "CALLE CARRETERA ECIJA OLVERA, 10", "web": "https://web.sas.junta-andalucia.es/servicioandaluzdesalud/el-sas/servicios-y-centros", "localidad": "El Saucejo", "cod_mun": "41090", "municipio": "El Saucejo", "provincia": "Sevilla" }, "geometry": { "type": "MultiPoint", "coordinates": [ [ 313441.776963710028213, 4105337.525214729830623 ] ] } },
{ "type": "Feature", "properties": { "id": "g12_02_Hospital_CAE.11213200015222", "id_dera": 11213200015222, "nombre": "HOSPITAL DE ALTA RESOLUCION LA JANDA", "tipo": "Hospital", "sistema_sa": "Público", "direccion": "CARRETERA A-2230, S/N", "web": "https://web.sas.junta-andalucia.es/servicioandaluzdesalud/el-sas/servicios-y-centros/atencion-hospitalaria", "localidad": "No disponible", "cod_mun": "11039", "municipio": "Vejer de la Frontera", "provincia": "Cádiz" }, "geometry": { "type": "MultiPoint", "coordinates": [ [ 232113.152713560004486, 4015897.421727379783988 ] ] } },
{ "type": "Feature", "properties": { "id": "g12_02_Hospital_CAE.11213200015167", "id_dera": 11213200015167, "nombre": "HOSPITAL MATERNO-INFANTIL DEL H.U.R. DE MALAGA", "tipo": "Hospital", "sistema_sa": "Público", "direccion": "AVENIDA ARROYO DE LOS ANGELES, 56 - Hospital Materno-Infantil Carlos Haya", "web": "https://web.sas.junta-andalucia.es/servicioandaluzdesalud/el-sas/servicios-y-centros/atencion-hospitalaria", "localidad": "Málaga", "cod_mun": "29067", "municipio": "Málaga", "provincia": "Málaga" }, "geometry": { "type": "MultiPoint", "coordinates": [ [ 372097.963700009975582, 4065779.8174 ] ] } },
{ "type": "Feature", "properties": { "id": "g12_02_Hospital_CAE.11213200015263", "id_dera": 11213200015263, "nombre": "Centro de Consultas Externas", "tipo": "Centro de consultas externas", "sistema_sa": "Público", "direccion": "AVENIDA MENENDEZ PIDAL, S/N", "web": "https://web.sas.junta-andalucia.es/servicioandaluzdesalud/el-sas/servicios-y-centros", "localidad": "Córdoba", "cod_mun": "14021", "municipio": "Córdoba", "provincia": "Córdoba" }, "geometry": { "type": "MultiPoint", "coordinates": [ [ 341797.479999999981374, 4192665.620000000111759 ] ] } },
{ "type": "Feature", "properties": { "id": "g12_02_Hospital_CAE.11213200015274", "id_dera": 11213200015274, "nombre": "C.P.E. Santa Ana de Dos Hermanas", "tipo": "Centro de consultas externas", "sistema_sa": "Público", "direccion": "CALLE ANTONIA DIAZ, 17", "web": "https://web.sas.junta-andalucia.es/servicioandaluzdesalud/el-sas/servicios-y-centros", "localidad": "Dos Hermanas", "cod_mun": "41038", "municipio": "Dos Hermanas", "provincia": "Sevilla" }, "geometry": { "type": "MultiPoint", "coordinates": [ [ 240797.832401, 4130210.124399980064481 ] ] } },
{ "type": "Feature", "properties": { "id": "g12_02_Hospital_CAE.11213200015115", "id_dera": 11213200015115, "nombre": "HOSPITAL DOCTOR GÁLVEZ", "tipo": "Hospital", "sistema_sa": "Privado", "direccion": "CALLE SAN AGUSTIN, 1", "web": "https://web.sas.junta-andalucia.es/servicioandaluzdesalud/el-sas/servicios-y-centros/atencion-hospitalaria", "localidad": "Málaga", "cod_mun": "29067", "municipio": "Málaga", "provincia": "Málaga" }, "geometry": { "type": "MultiPoint", "coordinates": [ [ 373243.486300010001287, 4064843.8344 ] ] } },
{ "type": "Feature", "properties": { "id": "g12_02_Hospital_CAE.11213200015285", "id_dera": 11213200015285, "nombre": "HOSPITAL QUIRON CAMPO DE GIBRALTAR", "tipo": "Hospital", "sistema_sa": "Privado", "direccion": "AVENIDA EMPRESARIOS (DE LOS), 20 - ARTTYSUR", "web": "https://web.sas.junta-andalucia.es/servicioandaluzdesalud/el-sas/servicios-y-centros/atencion-hospitalaria", "localidad": "Parque Empresarial y Tecnológico Las Marismas de Palmones", "cod_mun": "11008", "municipio": "Los Barrios", "provincia": "Cádiz" }, "geometry": { "type": "MultiPoint", "coordinates": [ [ 281357.766068149998318, 4007286.45701465010643 ] ] } },
{ "type": "Feature", "properties": { "id": "g12_02_Hospital_CAE.11213200015270", "id_dera": 11213200015270, "nombre": "HOSPITAL QUIRONSALUD CORDOBA", "tipo": "Hospital", "sistema_sa": "Privado", "direccion": "AVENIDA AEROPUERTO, S/N", "web": "https://web.sas.junta-andalucia.es/servicioandaluzdesalud/el-sas/servicios-y-centros/atencion-hospitalaria", "localidad": "Córdoba", "cod_mun": "14021", "municipio": "Córdoba", "provincia": "Córdoba" }, "geometry": { "type": "MultiPoint", "coordinates": [ [ 341495.401587879983708, 4193158.62738162977621 ] ] } },
{ "type": "Feature", "properties": { "id": "g12_02_Hospital_CAE.11213200015178", "id_dera": 11213200015178, "nombre": "HOSPITAL SAN CECILIO", "tipo": "Hospital", "sistema_sa": "Público", "direccion": "AVENIDA DOCTOR JESUS CANDEL FABREGAS, 2", "web": "https://web.sas.junta-andalucia.es/servicioandaluzdesalud/el-sas/servicios-y-centros/atencion-hospitalaria", "localidad": "Granada", "cod_mun": "18087", "municipio": "Granada", "provincia": "Granada" }, "geometry": { "type": "MultiPoint", "coordinates": [ [ 446258.427299999981187, 4111396.203199999872595 ] ] } },
{ "type": "Feature", "properties": { "id": "g12_02_Hospital_CAE.11213200015161", "id_dera": 11213200015161, "nombre": "HOSPITAL MATERNO-INFANTIL DEL H.U. REINA SOFIA", "tipo": "Hospital", "sistema_sa": "Público", "direccion": "AVENIDA MENENDEZ PIDAL, S/N", "web": "https://web.sas.junta-andalucia.es/servicioandaluzdesalud/el-sas/servicios-y-centros/atencion-hospitalaria", "localidad": "Córdoba", "cod_mun": "14021", "municipio": "Córdoba", "provincia": "Córdoba" }, "geometry": { "type": "MultiPoint", "coordinates": [ [ 341939.960000000020955, 4192602.700000000186265 ] ] } },
{ "type": "Feature", "properties": { "id": "g12_02_Hospital_CAE.11213200015282", "id_dera": 11213200015282, "nombre": "Centro de Diagnóstico y Tratamiento Virgen del Rocío", "tipo": "Centro de consultas externas", "sistema_sa": "Público", "direccion": "AVENIDA MANUEL SIUROT, S/N", "web": "https://web.sas.junta-andalucia.es/servicioandaluzdesalud/el-sas/servicios-y-centros", "localidad": "Sevilla", "cod_mun": "41091", "municipio": "Sevilla", "provincia": "Sevilla" }, "geometry": { "type": "MultiPoint", "coordinates": [ [ 236097.01, 4139339.98 ] ] } },
{ "type": "Feature", "properties": { "id": "g12_02_Hospital_CAE.11213200015244", "id_dera": 11213200015244, "nombre": "C.P.E. de Sanlúcar de Barrameda", "tipo": "Centro de consultas externas", "sistema_sa": "Público", "direccion": "CARRIL DE SAN DIEGO, S/N", "web": "https://web.sas.junta-andalucia.es/servicioandaluzdesalud/el-sas/servicios-y-centros", "localidad": "Sanlúcar de Barrameda", "cod_mun": "11032", "municipio": "Sanlúcar de Barrameda", "provincia": "Cádiz" }, "geometry": { "type": "MultiPoint", "coordinates": [ [ 201118.50447492999956, 4075459.757253409828991 ] ] } },
{ "type": "Feature", "properties": { "id": "g12_02_Hospital_CAE.11213200015234", "id_dera": 11213200015234, "nombre": "HOSPITAL DR. OLORIZ", "tipo": "Hospital", "sistema_sa": "No disponible", "direccion": "AVENIDA DE MADRID, 15", "web": "https://web.sas.junta-andalucia.es/servicioandaluzdesalud/el-sas/servicios-y-centros/atencion-hospitalaria", "localidad": "Granada", "cod_mun": "18087", "municipio": "Granada", "provincia": "Granada" }, "geometry": { "type": "MultiPoint", "coordinates": [ [ 446274.41443841002183, 4115963.213872389867902 ] ] } },
{ "type": "Feature", "properties": { "id": "g12_02_Hospital_CAE.11213200015273", "id_dera": 11213200015273, "nombre": "C.P.E.Ntra. Sra. del Aguila de Alcalá de Guadaira", "tipo": "Centro de consultas externas", "sistema_sa": "Público", "direccion": "CALLE SANTANDER, 17", "web": "https://web.sas.junta-andalucia.es/servicioandaluzdesalud/el-sas/servicios-y-centros", "localidad": "Alcalá de Guadaíra", "cod_mun": "41004", "municipio": "Alcalá de Guadaíra", "provincia": "Sevilla" }, "geometry": { "type": "MultiPoint", "coordinates": [ [ 248739.606700800010003, 4135991.880499979946762 ] ] } },
{ "type": "Feature", "properties": { "id": "g12_02_Hospital_CAE.11213200015202", "id_dera": 11213200015202, "nombre": "HOSPITAL DE ALTA RESOLUCION DE BENALMADENA", "tipo": "Hospital", "sistema_sa": "Público", "direccion": "AVENIDA CIBELES (DE), 2", "web": "https://web.sas.junta-andalucia.es/servicioandaluzdesalud/el-sas/servicios-y-centros/atencion-hospitalaria", "localidad": "Arroyo de la Miel-Benalmadena Costa", "cod_mun": "29025", "municipio": "Benalmádena", "provincia": "Málaga" }, "geometry": { "type": "MultiPoint", "coordinates": [ [ 360712.817800009972416, 4051591.3684 ] ] } },
{ "type": "Feature", "properties": { "id": "g12_02_Hospital_CAE.11213200015272", "id_dera": 11213200015272, "nombre": "Centro de Alta Resolución de Mijas", "tipo": "Centro de consultas externas", "sistema_sa": "Público", "direccion": "AVENIDA DE LAS MARGARITAS, S/N", "web": "https://web.sas.junta-andalucia.es/servicioandaluzdesalud/el-sas/servicios-y-centros", "localidad": "Las Lagunas", "cod_mun": "29070", "municipio": "Mijas", "provincia": "Málaga" }, "geometry": { "type": "MultiPoint", "coordinates": [ [ 353076.950000000011642, 4045528.430000000167638 ] ] } },
{ "type": "Feature", "properties": { "id": "g12_02_Hospital_CAE.11213200015168", "id_dera": 11213200015168, "nombre": "HOSPITAL CIVIL", "tipo": "Hospital", "sistema_sa": "Público", "direccion": "PLAZA HOSPITAL CIVIL, 1", "web": "https://web.sas.junta-andalucia.es/servicioandaluzdesalud/el-sas/servicios-y-centros/atencion-hospitalaria", "localidad": "Málaga", "cod_mun": "29067", "municipio": "Málaga", "provincia": "Málaga" }, "geometry": { "type": "MultiPoint", "coordinates": [ [ 372252.622600010014139, 4065544.087799999862909 ] ] } },
{ "type": "Feature", "properties": { "id": "g12_02_Hospital_CAE.11213200015271", "id_dera": 11213200015271, "nombre": "Centro Consultas Externas La Carolina", "tipo": "Centro de consultas externas", "sistema_sa": "Público", "direccion": "CALLE DOCTOR FLEMING, 5", "web": "https://web.sas.junta-andalucia.es/servicioandaluzdesalud/el-sas/servicios-y-centros", "localidad": "La Carolina", "cod_mun": "23024", "municipio": "La Carolina", "provincia": "Jaén" }, "geometry": { "type": "MultiPoint", "coordinates": [ [ 446628.586300000024494, 4236534.856300000101328 ] ] } },
{ "type": "Feature", "properties": { "id": "g12_02_Hospital_CAE.11213200015224", "id_dera": 11213200015224, "nombre": "C.P.E. de Chiclana de la Frontera", "tipo": "Centro de consultas externas", "sistema_sa": "Público", "direccion": "AVENIDA DE LA LONGUERA, S/N", "web": "https://web.sas.junta-andalucia.es/servicioandaluzdesalud/el-sas/servicios-y-centros", "localidad": "Chiclana de la Frontera", "cod_mun": "11015", "municipio": "Chiclana de la Frontera", "provincia": "Cádiz" }, "geometry": { "type": "MultiPoint", "coordinates": [ [ 217092.71506720999605, 4035588.074400070123374 ] ] } },
{ "type": "Feature", "properties": { "id": "g12_02_Hospital_CAE.11213200015118", "id_dera": 11213200015118, "nombre": "VITHAS SALUD RINCÓN MEDICAL CENTER NERJA", "tipo": "Hospital", "sistema_sa": "Privado", "direccion": "CALLE ANTONIO FERRANDIS \"CHANQUETE\", 5 - RIOSOL 1", "web": "https://web.sas.junta-andalucia.es/servicioandaluzdesalud/el-sas/servicios-y-centros/atencion-hospitalaria", "localidad": "Nerja", "cod_mun": "29075", "municipio": "Nerja", "provincia": "Málaga" }, "geometry": { "type": "MultiPoint", "coordinates": [ [ 421378.1852, 4067190.305199999827892 ] ] } },
{ "type": "Feature", "properties": { "id": "g12_02_Hospital_CAE.11213200015284", "id_dera": 11213200015284, "nombre": "ITA CLINIC BCN", "tipo": "Hospital", "sistema_sa": "Privado", "direccion": "CALLE VIDRIO, 32", "web": "https://web.sas.junta-andalucia.es/servicioandaluzdesalud/el-sas/servicios-y-centros/atencion-hospitalaria", "localidad": "Sevilla", "cod_mun": "41091", "municipio": "Sevilla", "provincia": "Sevilla" }, "geometry": { "type": "MultiPoint", "coordinates": [ [ 235618.499001149990363, 4142194.345999979879707 ] ] } },
{ "type": "Feature", "properties": { "id": "g12_02_Hospital_CAE.11213200015139", "id_dera": 11213200015139, "nombre": "CLINICA NUESTRA SEÑORA DE ARANZAZU", "tipo": "Hospital", "sistema_sa": "Privado", "direccion": "CALLE JESUS DEL GRAN PODER, 29", "web": "https://web.sas.junta-andalucia.es/servicioandaluzdesalud/el-sas/servicios-y-centros/atencion-hospitalaria", "localidad": "Sevilla", "cod_mun": "41091", "municipio": "Sevilla", "provincia": "Sevilla" }, "geometry": { "type": "MultiPoint", "coordinates": [ [ 234813.029996769997524, 4142994.470995449926704 ] ] } },
{ "type": "Feature", "properties": { "id": "g12_02_Hospital_CAE.11213200015107", "id_dera": 11213200015107, "nombre": "CLINICA SANTA ISABEL", "tipo": "Hospital", "sistema_sa": "Privado", "direccion": "CALLE LUIS MONTOTO, 100", "web": "https://web.sas.junta-andalucia.es/servicioandaluzdesalud/el-sas/servicios-y-centros/atencion-hospitalaria", "localidad": "Sevilla", "cod_mun": "41091", "municipio": "Sevilla", "provincia": "Sevilla" }, "geometry": { "type": "MultiPoint", "coordinates": [ [ 236566.282701120013371, 4141958.797199979890138 ] ] } },
{ "type": "Feature", "properties": { "id": "g12_02_Hospital_CAE.11213200015214", "id_dera": 11213200015214, "nombre": "HOSPITAL METROPOLITANO DE JAEN", "tipo": "Hospital", "sistema_sa": "No disponible", "direccion": "CARRETERA CORDOBA VALENCIA, S/N", "web": "https://web.sas.junta-andalucia.es/servicioandaluzdesalud/el-sas/servicios-y-centros/atencion-hospitalaria", "localidad": "Hotel La Imora", "cod_mun": "23050", "municipio": "Jaén", "provincia": "Jaén" }, "geometry": { "type": "MultiPoint", "coordinates": [ [ 427187.563939229992684, 4182173.102925470098853 ] ] } },
{ "type": "Feature", "properties": { "id": "g12_02_Hospital_CAE.11213200015132", "id_dera": 11213200015132, "nombre": "CENYT HOSPITAL", "tipo": "Hospital", "sistema_sa": "Privado", "direccion": "AVENIDA ANDALUCIA, 4", "web": "https://web.sas.junta-andalucia.es/servicioandaluzdesalud/el-sas/servicios-y-centros/atencion-hospitalaria", "localidad": "Estepona", "cod_mun": "29051", "municipio": "Estepona", "provincia": "Málaga" }, "geometry": { "type": "MultiPoint", "coordinates": [ [ 308274.94, 4033554.79 ] ] } },
{ "type": "Feature", "properties": { "id": "g12_02_Hospital_CAE.11213200015268", "id_dera": 11213200015268, "nombre": "C.P.E. José Estrada", "tipo": "Centro de consultas externas", "sistema_sa": "Público", "direccion": "AVENIDA MANUEL AGUSTIN HEREDIA, 34", "web": "https://web.sas.junta-andalucia.es/servicioandaluzdesalud/el-sas/servicios-y-centros", "localidad": "Málaga", "cod_mun": "29067", "municipio": "Málaga", "provincia": "Málaga" }, "geometry": { "type": "MultiPoint", "coordinates": [ [ 372725.054800009995233, 4063905.2525 ] ] } },
{ "type": "Feature", "properties": { "id": "g12_02_Hospital_CAE.11213200015266", "id_dera": 11213200015266, "nombre": "Centro de consultas externas de Virgen de la Cinta", "tipo": "Centro de consultas externas", "sistema_sa": "Público", "direccion": "CALLE CUESTA DE LAS TRES CAIDAS, 11", "web": "https://web.sas.junta-andalucia.es/servicioandaluzdesalud/el-sas/servicios-y-centros", "localidad": "Huelva", "cod_mun": "21041", "municipio": "Huelva", "provincia": "Huelva" }, "geometry": { "type": "MultiPoint", "coordinates": [ [ 150042.662908300000709, 4130697.104299779981375 ] ] } },
{ "type": "Feature", "properties": { "id": "g12_02_Hospital_CAE.11213200015187", "id_dera": 11213200015187, "nombre": "HOSPITAL NEUROTRAUMATOLOGICO DEL H. U. DE JAEN", "tipo": "Hospital", "sistema_sa": "Público", "direccion": "ACCESO RECINTO HOSPITALARIO PRINCESA DE ESPAÑA, 0", "web": "https://web.sas.junta-andalucia.es/servicioandaluzdesalud/el-sas/servicios-y-centros/atencion-hospitalaria", "localidad": "Hospital Universitario", "cod_mun": "23050", "municipio": "Jaén", "provincia": "Jaén" }, "geometry": { "type": "MultiPoint", "coordinates": [ [ 431427.039025800011586, 4183449.097792230080813 ] ] } },
{ "type": "Feature", "properties": { "id": "g12_02_Hospital_CAE.11213200015259", "id_dera": 11213200015259, "nombre": "HOSPITAL SAN JUAN DE DIOS DE CORDOBA", "tipo": "Hospital", "sistema_sa": "Privado", "direccion": "AVENIDA BRILLANTE (DEL), 106", "web": "https://web.sas.junta-andalucia.es/servicioandaluzdesalud/el-sas/servicios-y-centros/atencion-hospitalaria", "localidad": "Córdoba", "cod_mun": "14021", "municipio": "Córdoba", "provincia": "Córdoba" }, "geometry": { "type": "MultiPoint", "coordinates": [ [ 342354.905248220020439, 4197188.494082080200315 ] ] } },
{ "type": "Feature", "properties": { "id": "g12_02_Hospital_CAE.11213200015245", "id_dera": 11213200015245, "nombre": "C.P.E. de Villamartín", "tipo": "Centro de consultas externas", "sistema_sa": "Público", "direccion": "AVENIDA FERIA (DE LA), 58", "web": "https://web.sas.junta-andalucia.es/servicioandaluzdesalud/el-sas/servicios-y-centros", "localidad": "Villamartín", "cod_mun": "11041", "municipio": "Villamartín", "provincia": "Cádiz" }, "geometry": { "type": "MultiPoint", "coordinates": [ [ 264014.808638220012654, 4082495.512039570137858 ] ] } },
{ "type": "Feature", "properties": { "id": "g12_02_Hospital_CAE.11213200015121", "id_dera": 11213200015121, "nombre": "CENTRO ASISTENCIAL HERMANAS HOSPITALARIAS DEL SAGRADO CORAZÓN DE JESÚS", "tipo": "Hospital", "sistema_sa": "Privado", "direccion": "CALLE SAN JUAN BOSCO, 41", "web": "https://web.sas.junta-andalucia.es/servicioandaluzdesalud/el-sas/servicios-y-centros/atencion-hospitalaria", "localidad": "Málaga", "cod_mun": "29067", "municipio": "Málaga", "provincia": "Málaga" }, "geometry": { "type": "MultiPoint", "coordinates": [ [ 373019.869300009973813, 4066247.253099999856204 ] ] } },
{ "type": "Feature", "properties": { "id": "g12_02_Hospital_CAE.11213200015153", "id_dera": 11213200015153, "nombre": "HOSPITAL SAN CARLOS DE SAN FERNANDO", "tipo": "Hospital", "sistema_sa": "Público", "direccion": "PASEO CAPITAN CONFORTO, S/N", "web": "https://web.sas.junta-andalucia.es/servicioandaluzdesalud/el-sas/servicios-y-centros/atencion-hospitalaria", "localidad": "San Fernando", "cod_mun": "11031", "municipio": "San Fernando", "provincia": "Cádiz" }, "geometry": { "type": "MultiPoint", "coordinates": [ [ 213777.47, 4041935.42 ] ] } },
{ "type": "Feature", "properties": { "id": "g12_02_Hospital_CAE.11213200015230", "id_dera": 11213200015230, "nombre": "HOSPITAL PUERTA DE ANDALUCIA", "tipo": "Hospital", "sistema_sa": "Público", "direccion": "CARRETERA J-12, 32", "web": "https://web.sas.junta-andalucia.es/servicioandaluzdesalud/el-sas/servicios-y-centros/atencion-hospitalaria", "localidad": "Jaén", "cod_mun": "23050", "municipio": "Jaén", "provincia": "Jaén" }, "geometry": { "type": "MultiPoint", "coordinates": [ [ 431354.388780149980448, 4183335.095520820003003 ] ] } },
{ "type": "Feature", "properties": { "id": "g12_02_Hospital_CAE.11213200015277", "id_dera": 11213200015277, "nombre": "Centro de consultas externas de Marchena", "tipo": "Centro de consultas externas", "sistema_sa": "Público", "direccion": "AVENIDA MAESTRO SANTOS RUANO, S/N", "web": "https://web.sas.junta-andalucia.es/servicioandaluzdesalud/el-sas/servicios-y-centros", "localidad": "Marchena", "cod_mun": "41060", "municipio": "Marchena", "provincia": "Sevilla" }, "geometry": { "type": "MultiPoint", "coordinates": [ [ 285478.330000000016298, 4134582.98700000019744 ] ] } },
{ "type": "Feature", "properties": { "id": "g12_02_Hospital_CAE.11213200015142", "id_dera": 11213200015142, "nombre": "HOSPITAL INFANTA MARGARITA", "tipo": "Hospital", "sistema_sa": "Público", "direccion": "AVENIDA GONGORA, 9 - Hospital Infanta Margarita", "web": "https://web.sas.junta-andalucia.es/servicioandaluzdesalud/el-sas/servicios-y-centros/atencion-hospitalaria", "localidad": "Cabra", "cod_mun": "14013", "municipio": "Cabra", "provincia": "Córdoba" }, "geometry": { "type": "MultiPoint", "coordinates": [ [ 373958.987105560023338, 4147776.468506889883429 ] ] } }
]
}
