{
"type": "FeatureCollection",
"name": "resultados_salud",
"crs": { "type": "name", "properties": { "name": "urn:ogc:def:crs:EPSG::25830" } },
"features": [
{ "type": "Feature", "properties": { "municipio": "La Puerta de Segura", "provincia": "Jaén" }, "geometry": { "type": "MultiPoint", "coordinates": [ [ 515555.677448229980655, 4248392.575182249769568 ] ] } },
{ "type": "Feature", "properties": { "municipio": "Benamaurel", "provincia": "Granada" }, "geometry": { "type": "MultiPoint", "coordinates": [ [ 526681.975427050027065, 4162248.628359809983522 ] ] } },
{ "type": "Feature", "properties": { "municipio": "Fuente Obejuna", "provincia": "Córdoba" }, "geometry": { "type": "MultiPoint", "coordinates": [ [ 295900.924913130002096, 4228500.375895470380783 ] ] } },
{ "type": "Feature", "properties": { "municipio": "Cazorla", "provincia": "Jaén" }, "geometry": { "type": "MultiPoint", "coordinates": [ [ 486809.079676679975819, 4203642.589518959634006 ] ] } },
{ "type": "Feature", "properties": { "municipio": "Vélez-Málaga", "provincia": "Málaga" }, "geometry": { "type": "MultiPoint", "coordinates": [ [ 399131.892083670012653, 4065564.990212180186063 ] ] } },
{ "type": "Feature", "properties": { "municipio": "Gobernador", "provincia": "Granada" }, "geometry": { "type": "MultiPoint", "coordinates": [ [ 471671.169878070009872, 4147873.662259790115058 ] ] } },
{ "type": "Feature", "properties": { "municipio": "El Ejido", "provincia": "Almería" }, "geometry": { "type": "MultiPoint", "coordinates": [ [ 519249.114401399972849, 4060970.523268349934369 ] ] } },
{ "type": "Feature", "properties": { "municipio": "Villanueva de la Reina", "provincia": "Jaén" }, "geometry": { "type": "MultiPoint", "coordinates": [ [ 419451.645086169999558, 4206788.526065209880471 ] ] } },
{ "type": "Feature", "properties": { "municipio": "Alcalá del Río", "provincia": "Sevilla" }, "geometry": { "type": "MultiPoint", "coordinates": [ [ 239904.018063019990223, 4159425.462638679891825 ] ] } },
{ "type": "Feature", "properties": { "municipio": "Úbeda", "provincia": "Jaén" }, "geometry": { "type": "MultiPoint", "coordinates": [ [ 467917.62975025002379, 4197766.724320019595325 ] ] } },
{ "type": "Feature", "properties": { "municipio": "Sorbas", "provincia": "Almería" }, "geometry": { "type": "MultiPoint", "coordinates": [ [ 587604.960712500032969, 4108000.635612879879773 ] ] } },
{ "type": "Feature", "properties": { "municipio": "Los Villares", "provincia": "Jaén" }, "geometry": { "type": "MultiPoint", "coordinates": [ [ 427864.928723799996078, 4171783.975861269980669 ] ] } },
{ "type": "Feature", "properties": { "municipio": "Sevilla", "provincia": "Sevilla" }, "geometry": { "type": "MultiPoint", "coordinates": [ [ 233518.129001219989732, 4141377.226999979931861 ] ] } },
{ "type": "Feature", "properties": { "municipio": "Villa de Otura", "provincia": "Granada" }, "geometry": { "type": "MultiPoint", "coordinates": [ [ 443514.95729448000202, 4105201.203540930058807 ] ] } },
{ "type": "Feature", "properties": { "municipio": "Castril", "provincia": "Granada" }, "geometry": { "type": "MultiPoint", "coordinates": [ [ 519352.396564260008745, 4183311.29363813996315 ] ] } },
{ "type": "Feature", "properties": { "municipio": "Galaroza", "provincia": "Huelva" }, "geometry": { "type": "MultiPoint", "coordinates": [ [ 173869.59480709998752, 4204208.717337840236723 ] ] } },
{ "type": "Feature", "properties": { "municipio": "Mairena del Alcor", "provincia": "Sevilla" }, "geometry": { "type": "MultiPoint", "coordinates": [ [ 255953.823154379992047, 4139652.253808729816228 ] ] } },
{ "type": "Feature", "properties": { "municipio": "Arriate", "provincia": "Málaga" }, "geometry": { "type": "MultiPoint", "coordinates": [ [ 309239.102486630028579, 4074620.822566010057926 ] ] } },
{ "type": "Feature", "properties": { "municipio": "Marinaleda", "provincia": "Sevilla" }, "geometry": { "type": "MultiPoint", "coordinates": [ [ 327794.605518969998229, 4138465.592936320230365 ] ] } },
{ "type": "Feature", "properties": { "municipio": "Fondón", "provincia": "Almería" }, "geometry": { "type": "MultiPoint", "coordinates": [ [ 512326.446684690017719, 4092725.012937230058014 ] ] } },
{ "type": "Feature", "properties": { "municipio": "Sorbas", "provincia": "Almería" }, "geometry": { "type": "MultiPoint", "coordinates": [ [ 579243.32957963005174, 4113557.109482550062239 ] ] } },
{ "type": "Feature", "properties": { "municipio": "Alicún de Ortega", "provincia": "Granada" }, "geometry": { "type": "MultiPoint", "coordinates": [ [ 487870.334542830009013, 4162313.955797350034118 ] ] } },
{ "type": "Feature", "properties": { "municipio": "Linares", "provincia": "Jaén" }, "geometry": { "type": "MultiPoint", "coordinates": [ [ 444238.807098640012555, 4218073.627767929807305 ] ] } },
{ "type": "Feature", "properties": { "municipio": "Beas de Segura", "provincia": "Jaén" }, "geometry": { "type": "MultiPoint", "coordinates": [ [ 519585.361662729992531, 4236347.075444599613547 ] ] } },
{ "type": "Feature", "properties": { "municipio": "Cortes de Baza", "provincia": "Granada" }, "geometry": { "type": "MultiPoint", "coordinates": [ [ 518049.232197819976136, 4172968.668965219985694 ] ] } },
{ "type": "Feature", "properties": { "municipio": "La Victoria", "provincia": "Córdoba" }, "geometry": { "type": "MultiPoint", "coordinates": [ [ 336635.33556849998422, 4172371.532415229827166 ] ] } },
{ "type": "Feature", "properties": { "municipio": "Pedro Abad", "provincia": "Córdoba" }, "geometry": { "type": "MultiPoint", "coordinates": [ [ 371630.842033690016251, 4202680.706076320260763 ] ] } },
{ "type": "Feature", "properties": { "municipio": "Málaga", "provincia": "Málaga" }, "geometry": { "type": "MultiPoint", "coordinates": [ [ 370803.020200009981636, 4062231.3438 ] ] } },
{ "type": "Feature", "properties": { "municipio": "Marbella", "provincia": "Málaga" }, "geometry": { "type": "MultiPoint", "coordinates": [ [ 332230.193014059972484, 4042298.848639800213277 ] ] } },
{ "type": "Feature", "properties": { "municipio": "Villatorres", "provincia": "Jaén" }, "geometry": { "type": "MultiPoint", "coordinates": [ [ 443755.07760000001872, 4199675.386800000444055 ] ] } },
{ "type": "Feature", "properties": { "municipio": "Pozoblanco", "provincia": "Córdoba" }, "geometry": { "type": "MultiPoint", "coordinates": [ [ 338612.543227630027104, 4250133.326392879709601 ] ] } },
{ "type": "Feature", "properties": { "municipio": "Abla", "provincia": "Almería" }, "geometry": { "type": "MultiPoint", "coordinates": [ [ 519973.524698279972654, 4110861.473408460151404 ] ] } },
{ "type": "Feature", "properties": { "municipio": "Casariche", "provincia": "Sevilla" }, "geometry": { "type": "MultiPoint", "coordinates": [ [ 343692.659400029981043, 4128428.007000000216067 ] ] } },
{ "type": "Feature", "properties": { "municipio": "Dos Hermanas", "provincia": "Sevilla" }, "geometry": { "type": "MultiPoint", "coordinates": [ [ 240750.592335549998097, 4134949.327820340171456 ] ] } },
{ "type": "Feature", "properties": { "municipio": "Alcalá del Río", "provincia": "Sevilla" }, "geometry": { "type": "MultiPoint", "coordinates": [ [ 242541.200098359986441, 4162571.18920587003231 ] ] } },
{ "type": "Feature", "properties": { "municipio": "Baños de la Encina", "provincia": "Jaén" }, "geometry": { "type": "MultiPoint", "coordinates": [ [ 432037.212799999979325, 4225252.68059999961406 ] ] } },
{ "type": "Feature", "properties": { "municipio": "Montizón", "provincia": "Jaén" }, "geometry": { "type": "MultiPoint", "coordinates": [ [ 493822.86228449997725, 4245983.263650899752975 ] ] } },
{ "type": "Feature", "properties": { "municipio": "Guadix", "provincia": "Granada" }, "geometry": { "type": "MultiPoint", "coordinates": [ [ 485025.7855, 4127458.9712 ] ] } },
{ "type": "Feature", "properties": { "municipio": "Albuñol", "provincia": "Granada" }, "geometry": { "type": "MultiPoint", "coordinates": [ [ 486304.866630020027515, 4067011.581214469857514 ] ] } },
{ "type": "Feature", "properties": { "municipio": "Punta Umbría", "provincia": "Huelva" }, "geometry": { "type": "MultiPoint", "coordinates": [ [ 147750.837884289998328, 4122452.396836650092155 ] ] } },
{ "type": "Feature", "properties": { "municipio": "Cádiz", "provincia": "Cádiz" }, "geometry": { "type": "MultiPoint", "coordinates": [ [ 205248.748602420004318, 4047661.867499949876219 ] ] } },
{ "type": "Feature", "properties": { "municipio": "Almería", "provincia": "Almería" }, "geometry": { "type": "MultiPoint", "coordinates": [ [ 555231.34911677998025, 4077234.332621229812503 ] ] } },
{ "type": "Feature", "properties": { "municipio": "Pulpí", "provincia": "Almería" }, "geometry": { "type": "MultiPoint", "coordinates": [ [ 611738.928514810046181, 4144621.531354629900306 ] ] } },
{ "type": "Feature", "properties": { "municipio": "Polopos", "provincia": "Granada" }, "geometry": { "type": "MultiPoint", "coordinates": [ [ 475391.866635199985467, 4066936.854660510085523 ] ] } },
{ "type": "Feature", "properties": { "municipio": "Benarrabá", "provincia": "Málaga" }, "geometry": { "type": "MultiPoint", "coordinates": [ [ 296173.280900179990567, 4047676.3613 ] ] } },
{ "type": "Feature", "properties": { "municipio": "Algeciras", "provincia": "Cádiz" }, "geometry": { "type": "MultiPoint", "coordinates": [ [ 279244.311140450008679, 4002680.188596549909562 ] ] } },
{ "type": "Feature", "properties": { "municipio": "Cuevas del Becerro", "provincia": "Málaga" }, "geometry": { "type": "MultiPoint", "coordinates": [ [ 317757.91350008000154, 4083034.87099999981001 ] ] } },
{ "type": "Feature", "properties": { "municipio": "Lecrín", "provincia": "Granada" }, "geometry": { "type": "MultiPoint", "coordinates": [ [ 451832.951764710014686, 4086936.364378749858588 ] ] } },
{ "type": "Feature", "properties": { "municipio": "Sevilla", "provincia": "Sevilla" }, "geometry": { "type": "MultiPoint", "coordinates": [ [ 236660.861001120007131, 4144516.485999980010092 ] ] } },
{ "type": "Feature", "properties": { "municipio": "Jerez de la Frontera", "provincia": "Cádiz" }, "geometry": { "type": "MultiPoint", "coordinates": [ [ 229450.401001329999417, 4072243.02879997016862 ] ] } },
{ "type": "Feature", "properties": { "municipio": "Alhaurín el Grande", "provincia": "Málaga" }, "geometry": { "type": "MultiPoint", "coordinates": [ [ 349510.034000020008534, 4056225.7464 ] ] } },
{ "type": "Feature", "properties": { "municipio": "Villamena", "provincia": "Granada" }, "geometry": { "type": "MultiPoint", "coordinates": [ [ 447611.283115400001407, 4094025.09096624981612 ] ] } },
{ "type": "Feature", "properties": { "municipio": "Archidona", "provincia": "Málaga" }, "geometry": { "type": "MultiPoint", "coordinates": [ [ 384169.483799999987241, 4109509.0715 ] ] } },
{ "type": "Feature", "properties": { "municipio": "Gójar", "provincia": "Granada" }, "geometry": { "type": "MultiPoint", "coordinates": [ [ 446153.776657119975425, 4106723.971336230169982 ] ] } },
{ "type": "Feature", "properties": { "municipio": "Hinojares", "provincia": "Jaén" }, "geometry": { "type": "MultiPoint", "coordinates": [ [ 500040.856495169980917, 4174179.409305430017412 ] ] } },
{ "type": "Feature", "properties": { "municipio": "Alcaudete", "provincia": "Jaén" }, "geometry": { "type": "MultiPoint", "coordinates": [ [ 404570.162075439991895, 4160529.048832970205694 ] ] } },
{ "type": "Feature", "properties": { "municipio": "Navas de San Juan", "provincia": "Jaén" }, "geometry": { "type": "MultiPoint", "coordinates": [ [ 472093.781309530022554, 4226150.857120839878917 ] ] } },
{ "type": "Feature", "properties": { "municipio": "Sorbas", "provincia": "Almería" }, "geometry": { "type": "MultiPoint", "coordinates": [ [ 577316.223009029985406, 4106253.353842999786139 ] ] } },
{ "type": "Feature", "properties": { "municipio": "Chiclana de Segura", "provincia": "Jaén" }, "geometry": { "type": "MultiPoint", "coordinates": [ [ 499610.176733980013523, 4236367.184199339710176 ] ] } },
{ "type": "Feature", "properties": { "municipio": "Málaga", "provincia": "Málaga" }, "geometry": { "type": "MultiPoint", "coordinates": [ [ 373612.155400010000449, 4065609.860100000165403 ] ] } },
{ "type": "Feature", "properties": { "municipio": "Cartajima", "provincia": "Málaga" }, "geometry": { "type": "MultiPoint", "coordinates": [ [ 307518.447900119994301, 4057663.629499999806285 ] ] } },
{ "type": "Feature", "properties": { "municipio": "Sevilla", "provincia": "Sevilla" }, "geometry": { "type": "MultiPoint", "coordinates": [ [ 235825.893001140007982, 4144855.390999979805201 ] ] } },
{ "type": "Feature", "properties": { "municipio": "Gelves", "provincia": "Sevilla" }, "geometry": { "type": "MultiPoint", "coordinates": [ [ 231851.679405720002251, 4136411.014055650215596 ] ] } },
{ "type": "Feature", "properties": { "municipio": "Lanteira", "provincia": "Granada" }, "geometry": { "type": "MultiPoint", "coordinates": [ [ 487832.207101439998951, 4113550.42898873006925 ] ] } },
{ "type": "Feature", "properties": { "municipio": "Huércal-Overa", "provincia": "Almería" }, "geometry": { "type": "MultiPoint", "coordinates": [ [ 589366.777711980044842, 4146454.569848959799856 ] ] } },
{ "type": "Feature", "properties": { "municipio": "Jayena", "provincia": "Granada" }, "geometry": { "type": "MultiPoint", "coordinates": [ [ 426582.154145820008125, 4089530.613193769939244 ] ] } },
{ "type": "Feature", "properties": { "municipio": "Málaga", "provincia": "Málaga" }, "geometry": { "type": "MultiPoint", "coordinates": [ [ 370544.295600010023918, 4061270.5469 ] ] } },
{ "type": "Feature", "properties": { "municipio": "Mancha Real", "provincia": "Jaén" }, "geometry": { "type": "MultiPoint", "coordinates": [ [ 447539.855067980010062, 4200641.099441770464182 ] ] } },
{ "type": "Feature", "properties": { "municipio": "Villanueva de Tapia", "provincia": "Málaga" }, "geometry": { "type": "MultiPoint", "coordinates": [ [ 381458.5245, 4115868.207700000144541 ] ] } },
{ "type": "Feature", "properties": { "municipio": "Roquetas de Mar", "provincia": "Almería" }, "geometry": { "type": "MultiPoint", "coordinates": [ [ 530628.074299999978393, 4065493.410999999847263 ] ] } },
{ "type": "Feature", "properties": { "municipio": "La Iruela", "provincia": "Jaén" }, "geometry": { "type": "MultiPoint", "coordinates": [ [ 506965.05899693001993, 4199710.416606930084527 ] ] } },
{ "type": "Feature", "properties": { "municipio": "Armilla", "provincia": "Granada" }, "geometry": { "type": "MultiPoint", "coordinates": [ [ 444582.147076210007071, 4110769.682187569793314 ] ] } },
{ "type": "Feature", "properties": { "municipio": "Cádiz", "provincia": "Cádiz" }, "geometry": { "type": "MultiPoint", "coordinates": [ [ 206738.714425710000796, 4044955.492977510206401 ] ] } },
{ "type": "Feature", "properties": { "municipio": "Fuente Obejuna", "provincia": "Córdoba" }, "geometry": { "type": "MultiPoint", "coordinates": [ [ 293636.033408559975214, 4228613.406022310256958 ] ] } },
{ "type": "Feature", "properties": { "municipio": "Almería", "provincia": "Almería" }, "geometry": { "type": "MultiPoint", "coordinates": [ [ 550508.906311649945565, 4078207.478590460028499 ] ] } },
{ "type": "Feature", "properties": { "municipio": "El Ejido", "provincia": "Almería" }, "geometry": { "type": "MultiPoint", "coordinates": [ [ 519931.41925157001242, 4071064.013784150127321 ] ] } },
{ "type": "Feature", "properties": { "municipio": "Jerez de la Frontera", "provincia": "Cádiz" }, "geometry": { "type": "MultiPoint", "coordinates": [ [ 236664.412809239991475, 4055415.406977499835193 ] ] } },
{ "type": "Feature", "properties": { "municipio": "Sierro", "provincia": "Almería" }, "geometry": { "type": "MultiPoint", "coordinates": [ [ 553189.013638900010847, 4130618.749880389776081 ] ] } },
{ "type": "Feature", "properties": { "municipio": "Sanlúcar de Guadiana", "provincia": "Huelva" }, "geometry": { "type": "MultiPoint", "coordinates": [ [ 104882.653328650005278, 4156749.231100370176136 ] ] } },
{ "type": "Feature", "properties": { "municipio": "Láchar", "provincia": "Granada" }, "geometry": { "type": "MultiPoint", "coordinates": [ [ 423816.154664980014786, 4114510.982865360099822 ] ] } },
{ "type": "Feature", "properties": { "municipio": "Segura de la Sierra", "provincia": "Jaén" }, "geometry": { "type": "MultiPoint", "coordinates": [ [ 530485.973400000017136, 4238903.820000000298023 ] ] } },
{ "type": "Feature", "properties": { "municipio": "El Viso del Alcor", "provincia": "Sevilla" }, "geometry": { "type": "MultiPoint", "coordinates": [ [ 258721.030134850007016, 4140955.958240570034832 ] ] } },
{ "type": "Feature", "properties": { "municipio": "Constantina", "provincia": "Sevilla" }, "geometry": { "type": "MultiPoint", "coordinates": [ [ 269574.718689760018606, 4193748.558643919881433 ] ] } },
{ "type": "Feature", "properties": { "municipio": "Huelva", "provincia": "Huelva" }, "geometry": { "type": "MultiPoint", "coordinates": [ [ 150800.740908170002513, 4130780.943799780216068 ] ] } },
{ "type": "Feature", "properties": { "municipio": "Ohanes", "provincia": "Almería" }, "geometry": { "type": "MultiPoint", "coordinates": [ [ 522474.567721560015343, 4099237.971257190220058 ] ] } },
{ "type": "Feature", "properties": { "municipio": "Ibros", "provincia": "Jaén" }, "geometry": { "type": "MultiPoint", "coordinates": [ [ 455677.009875349991489, 4208345.285337070003152 ] ] } },
{ "type": "Feature", "properties": { "municipio": "Cúllar", "provincia": "Granada" }, "geometry": { "type": "MultiPoint", "coordinates": [ [ 534634.716951759997755, 4156547.457614440005273 ] ] } },
{ "type": "Feature", "properties": { "municipio": "Líjar", "provincia": "Almería" }, "geometry": { "type": "MultiPoint", "coordinates": [ [ 569411.519311620038934, 4127848.828419010154903 ] ] } },
{ "type": "Feature", "properties": { "municipio": "Alcolea del Río", "provincia": "Sevilla" }, "geometry": { "type": "MultiPoint", "coordinates": [ [ 264624.833057500014547, 4166246.896216239780188 ] ] } },
{ "type": "Feature", "properties": { "municipio": "Barbate", "provincia": "Cádiz" }, "geometry": { "type": "MultiPoint", "coordinates": [ [ 244159.770200880011544, 4002736.575999990105629 ] ] } },
{ "type": "Feature", "properties": { "municipio": "Serrato", "provincia": "Málaga" }, "geometry": { "type": "MultiPoint", "coordinates": [ [ 323431.964300070016179, 4084204.7648 ] ] } },
{ "type": "Feature", "properties": { "municipio": "Frigiliana", "provincia": "Málaga" }, "geometry": { "type": "MultiPoint", "coordinates": [ [ 420193.9265, 4071734.827 ] ] } },
{ "type": "Feature", "properties": { "municipio": "Isla Cristina", "provincia": "Huelva" }, "geometry": { "type": "MultiPoint", "coordinates": [ [ 116220.63493667000148, 4125440.20855628978461 ] ] } },
{ "type": "Feature", "properties": { "municipio": "Los Guájares", "provincia": "Granada" }, "geometry": { "type": "MultiPoint", "coordinates": [ [ 444404.478088090021629, 4078661.61251043016091 ] ] } },
{ "type": "Feature", "properties": { "municipio": "Vejer de la Frontera", "provincia": "Cádiz" }, "geometry": { "type": "MultiPoint", "coordinates": [ [ 240984.560900970012881, 4022823.036999990232289 ] ] } },
{ "type": "Feature", "properties": { "municipio": "La Rinconada", "provincia": "Sevilla" }, "geometry": { "type": "MultiPoint", "coordinates": [ [ 239984.480590619990835, 4153510.628993790131062 ] ] } },
{ "type": "Feature", "properties": { "municipio": "Benamargosa", "provincia": "Málaga" }, "geometry": { "type": "MultiPoint", "coordinates": [ [ 393672.110900000028778, 4076975.897599999792874 ] ] } },
{ "type": "Feature", "properties": { "municipio": "El Carpio", "provincia": "Córdoba" }, "geometry": { "type": "MultiPoint", "coordinates": [ [ 370832.819031250022817, 4199662.741654179990292 ] ] } },
{ "type": "Feature", "properties": { "municipio": "Camas", "provincia": "Sevilla" }, "geometry": { "type": "MultiPoint", "coordinates": [ [ 231044.22189496998908, 4142486.406856620218605 ] ] } },
{ "type": "Feature", "properties": { "municipio": "San José del Valle", "provincia": "Cádiz" }, "geometry": { "type": "MultiPoint", "coordinates": [ [ 249559.049224729998969, 4054717.893149530049413 ] ] } },
{ "type": "Feature", "properties": { "municipio": "Baza", "provincia": "Granada" }, "geometry": { "type": "MultiPoint", "coordinates": [ [ 519559.707400000013877, 4149539.647599999792874 ] ] } },
{ "type": "Feature", "properties": { "municipio": "Minas de Riotinto", "provincia": "Huelva" }, "geometry": { "type": "MultiPoint", "coordinates": [ [ 183560.746198640001239, 4178125.458261160179973 ] ] } },
{ "type": "Feature", "properties": { "municipio": "Málaga", "provincia": "Málaga" }, "geometry": { "type": "MultiPoint", "coordinates": [ [ 371921.157300009974279, 4063052.354600000195205 ] ] } },
{ "type": "Feature", "properties": { "municipio": "Rus", "provincia": "Jaén" }, "geometry": { "type": "MultiPoint", "coordinates": [ [ 461915.428435710025951, 4212540.298154640011489 ] ] } },
{ "type": "Feature", "properties": { "municipio": "Alquife", "provincia": "Granada" }, "geometry": { "type": "MultiPoint", "coordinates": [ [ 490440.449543730006553, 4114882.403711109887809 ] ] } },
{ "type": "Feature", "properties": { "municipio": "Roquetas de Mar", "provincia": "Almería" }, "geometry": { "type": "MultiPoint", "coordinates": [ [ 534164.747500000055879, 4068734.610599999781698 ] ] } },
{ "type": "Feature", "properties": { "municipio": "Alboloduy", "provincia": "Almería" }, "geometry": { "type": "MultiPoint", "coordinates": [ [ 536993.400718249962665, 4105046.317621000111103 ] ] } },
{ "type": "Feature", "properties": { "municipio": "Almería", "provincia": "Almería" }, "geometry": { "type": "MultiPoint", "coordinates": [ [ 567560.150000000023283, 4070922.439999809954315 ] ] } },
{ "type": "Feature", "properties": { "municipio": "Arcos de la Frontera", "provincia": "Cádiz" }, "geometry": { "type": "MultiPoint", "coordinates": [ [ 250257.060976159991696, 4069985.549246300011873 ] ] } },
{ "type": "Feature", "properties": { "municipio": "Ojén", "provincia": "Málaga" }, "geometry": { "type": "MultiPoint", "coordinates": [ [ 334000.369922149984632, 4048032.451413149945438 ] ] } },
{ "type": "Feature", "properties": { "municipio": "Vejer de la Frontera", "provincia": "Cádiz" }, "geometry": { "type": "MultiPoint", "coordinates": [ [ 231696.705499109986704, 4018169.077234120108187 ] ] } },
{ "type": "Feature", "properties": { "municipio": "Algeciras", "provincia": "Cádiz" }, "geometry": { "type": "MultiPoint", "coordinates": [ [ 279805.367662410018966, 4004396.264040620066226 ] ] } },
{ "type": "Feature", "properties": { "municipio": "Íllora", "provincia": "Granada" }, "geometry": { "type": "MultiPoint", "coordinates": [ [ 424095.188843070005532, 4123010.511854459997267 ] ] } },
{ "type": "Feature", "properties": { "municipio": "Órgiva", "provincia": "Granada" }, "geometry": { "type": "MultiPoint", "coordinates": [ [ 462407.0316122599761, 4084323.206219779793173 ] ] } },
{ "type": "Feature", "properties": { "municipio": "Atarfe", "provincia": "Granada" }, "geometry": { "type": "MultiPoint", "coordinates": [ [ 438988.886668930004817, 4119655.467460399959236 ] ] } },
{ "type": "Feature", "properties": { "municipio": "La Rinconada", "provincia": "Sevilla" }, "geometry": { "type": "MultiPoint", "coordinates": [ [ 236418.782212399994023, 4153281.574876230210066 ] ] } },
{ "type": "Feature", "properties": { "municipio": "Guadix", "provincia": "Granada" }, "geometry": { "type": "MultiPoint", "coordinates": [ [ 494333.2401, 4136123.682899999897927 ] ] } },
{ "type": "Feature", "properties": { "municipio": "Alozaina", "provincia": "Málaga" }, "geometry": { "type": "MultiPoint", "coordinates": [ [ 333356.75200004002545, 4066573.26189999980852 ] ] } },
{ "type": "Feature", "properties": { "municipio": "Aguilar de la Frontera", "provincia": "Córdoba" }, "geometry": { "type": "MultiPoint", "coordinates": [ [ 353815.248581900028512, 4153373.264914180152118 ] ] } },
{ "type": "Feature", "properties": { "municipio": "Córdoba", "provincia": "Córdoba" }, "geometry": { "type": "MultiPoint", "coordinates": [ [ 352885.118523280019872, 4199666.061866849660873 ] ] } },
{ "type": "Feature", "properties": { "municipio": "Almería", "provincia": "Almería" }, "geometry": { "type": "MultiPoint", "coordinates": [ [ 548056.921361639979295, 4076602.967910979874432 ] ] } },
{ "type": "Feature", "properties": { "municipio": "Villanueva de San Juan", "provincia": "Sevilla" }, "geometry": { "type": "MultiPoint", "coordinates": [ [ 306688.912041119998321, 4102682.809033900033683 ] ] } },
{ "type": "Feature", "properties": { "municipio": "Almodóvar del Río", "provincia": "Córdoba" }, "geometry": { "type": "MultiPoint", "coordinates": [ [ 327369.283215050003491, 4188704.025568270124495 ] ] } },
{ "type": "Feature", "properties": { "municipio": "Málaga", "provincia": "Málaga" }, "geometry": { "type": "MultiPoint", "coordinates": [ [ 371333.888400010007899, 4065749.598499999847263 ] ] } },
{ "type": "Feature", "properties": { "municipio": "La Puebla de Cazalla", "provincia": "Sevilla" }, "geometry": { "type": "MultiPoint", "coordinates": [ [ 294498.033709799987264, 4121939.136904540006071 ] ] } },
{ "type": "Feature", "properties": { "municipio": "Pilas", "provincia": "Sevilla" }, "geometry": { "type": "MultiPoint", "coordinates": [ [ 207021.231300000014016, 4133602.847700010053813 ] ] } },
{ "type": "Feature", "properties": { "municipio": "Sorihuela del Guadalimar", "provincia": "Jaén" }, "geometry": { "type": "MultiPoint", "coordinates": [ [ 495300.972140419995412, 4232383.526031290180981 ] ] } },
{ "type": "Feature", "properties": { "municipio": "El Granado", "provincia": "Huelva" }, "geometry": { "type": "MultiPoint", "coordinates": [ [ 109585.870208499996806, 4161752.419694929849356 ] ] } },
{ "type": "Feature", "properties": { "municipio": "Córdoba", "provincia": "Córdoba" }, "geometry": { "type": "MultiPoint", "coordinates": [ [ 345648.216437240014784, 4195796.794068239629269 ] ] } },
{ "type": "Feature", "properties": { "municipio": "Dos Hermanas", "provincia": "Sevilla" }, "geometry": { "type": "MultiPoint", "coordinates": [ [ 240244.287598800001433, 4136688.326690319925547 ] ] } },
{ "type": "Feature", "properties": { "municipio": "Arahal", "provincia": "Sevilla" }, "geometry": { "type": "MultiPoint", "coordinates": [ [ 274909.423515469999984, 4127385.234371209982783 ] ] } },
{ "type": "Feature", "properties": { "municipio": "Siles", "provincia": "Jaén" }, "geometry": { "type": "MultiPoint", "coordinates": [ [ 536632.65823119005654, 4248858.023533020168543 ] ] } },
{ "type": "Feature", "properties": { "municipio": "Huécija", "provincia": "Almería" }, "geometry": { "type": "MultiPoint", "coordinates": [ [ 534615.216158670024015, 4091410.188542290125042 ] ] } },
{ "type": "Feature", "properties": { "municipio": "Écija", "provincia": "Sevilla" }, "geometry": { "type": "MultiPoint", "coordinates": [ [ 315671.171900090004783, 4157442.708999999798834 ] ] } },
{ "type": "Feature", "properties": { "municipio": "Coria del Río", "provincia": "Sevilla" }, "geometry": { "type": "MultiPoint", "coordinates": [ [ 228785.258544870011974, 4130984.835331640206277 ] ] } },
{ "type": "Feature", "properties": { "municipio": "Órgiva", "provincia": "Granada" }, "geometry": { "type": "MultiPoint", "coordinates": [ [ 469728.49135381000815, 4078234.015707740094513 ] ] } },
{ "type": "Feature", "properties": { "municipio": "El Cerro de Andévalo", "provincia": "Huelva" }, "geometry": { "type": "MultiPoint", "coordinates": [ [ 140838.409532590012532, 4178196.133211540058255 ] ] } },
{ "type": "Feature", "properties": { "municipio": "Lebrija", "provincia": "Sevilla" }, "geometry": { "type": "MultiPoint", "coordinates": [ [ 225603.468411720008589, 4090696.498412400018424 ] ] } },
{ "type": "Feature", "properties": { "municipio": "Cóbdar", "provincia": "Almería" }, "geometry": { "type": "MultiPoint", "coordinates": [ [ 570058.2960691699991, 4124012.153406780213118 ] ] } },
{ "type": "Feature", "properties": { "municipio": "Orcera", "provincia": "Jaén" }, "geometry": { "type": "MultiPoint", "coordinates": [ [ 529541.076385880005546, 4241081.521725449711084 ] ] } },
{ "type": "Feature", "properties": { "municipio": "Córdoba", "provincia": "Córdoba" }, "geometry": { "type": "MultiPoint", "coordinates": [ [ 343427.456900030025281, 4192690.627299999818206 ] ] } },
{ "type": "Feature", "properties": { "municipio": "Fuente Obejuna", "provincia": "Córdoba" }, "geometry": { "type": "MultiPoint", "coordinates": [ [ 300502.043975040025543, 4229366.809203360229731 ] ] } },
{ "type": "Feature", "properties": { "municipio": "Cúllar", "provincia": "Granada" }, "geometry": { "type": "MultiPoint", "coordinates": [ [ 538296.038464810000733, 4166173.075041620060802 ] ] } },
{ "type": "Feature", "properties": { "municipio": "Archidona", "provincia": "Málaga" }, "geometry": { "type": "MultiPoint", "coordinates": [ [ 373585.864002200018149, 4110644.835448460187763 ] ] } },
{ "type": "Feature", "properties": { "municipio": "Algarrobo", "provincia": "Málaga" }, "geometry": { "type": "MultiPoint", "coordinates": [ [ 405980.384277649980504, 4067376.041021570097655 ] ] } },
{ "type": "Feature", "properties": { "municipio": "Escañuela", "provincia": "Jaén" }, "geometry": { "type": "MultiPoint", "coordinates": [ [ 408965.636722599971108, 4192919.638682249933481 ] ] } },
{ "type": "Feature", "properties": { "municipio": "Jerez de la Frontera", "provincia": "Cádiz" }, "geometry": { "type": "MultiPoint", "coordinates": [ [ 237794.92054190998897, 4060133.233127139974385 ] ] } },
{ "type": "Feature", "properties": { "municipio": "Villafranca de Córdoba", "provincia": "Córdoba" }, "geometry": { "type": "MultiPoint", "coordinates": [ [ 364102.000265780021437, 4202424.798404039815068 ] ] } },
{ "type": "Feature", "properties": { "municipio": "Córdoba", "provincia": "Córdoba" }, "geometry": { "type": "MultiPoint", "coordinates": [ [ 331764.664757679973263, 4190794.45448610978201 ] ] } },
{ "type": "Feature", "properties": { "municipio": "Válor", "provincia": "Granada" }, "geometry": { "type": "MultiPoint", "coordinates": [ [ 492661.154301929986104, 4094513.75803583022207 ] ] } },
{ "type": "Feature", "properties": { "municipio": "Torrox", "provincia": "Málaga" }, "geometry": { "type": "MultiPoint", "coordinates": [ [ 411567.107299999974202, 4066270.50719999987632 ] ] } },
{ "type": "Feature", "properties": { "municipio": "Domingo Pérez de Granada", "provincia": "Granada" }, "geometry": { "type": "MultiPoint", "coordinates": [ [ 455082.63661508000223, 4150149.147170950192958 ] ] } },
{ "type": "Feature", "properties": { "municipio": "El Puerto de Santa María", "provincia": "Cádiz" }, "geometry": { "type": "MultiPoint", "coordinates": [ [ 210571.305699529999401, 4055183.139993079937994 ] ] } },
{ "type": "Feature", "properties": { "municipio": "El Castillo de las Guardas", "provincia": "Sevilla" }, "geometry": { "type": "MultiPoint", "coordinates": [ [ 207671.020274509995943, 4176772.54159078001976 ] ] } },
{ "type": "Feature", "properties": { "municipio": "Chiclana de Segura", "provincia": "Jaén" }, "geometry": { "type": "MultiPoint", "coordinates": [ [ 496000.8236, 4236257.372899999842048 ] ] } },
{ "type": "Feature", "properties": { "municipio": "Loja", "provincia": "Granada" }, "geometry": { "type": "MultiPoint", "coordinates": [ [ 386528.256525980017614, 4110922.162047340068966 ] ] } },
{ "type": "Feature", "properties": { "municipio": "Vegas del Genil", "provincia": "Granada" }, "geometry": { "type": "MultiPoint", "coordinates": [ [ 438747.566079210024327, 4114244.436137109994888 ] ] } },
{ "type": "Feature", "properties": { "municipio": "Las Navas de la Concepción", "provincia": "Sevilla" }, "geometry": { "type": "MultiPoint", "coordinates": [ [ 283524.177775520016439, 4201157.620491280220449 ] ] } },
{ "type": "Feature", "properties": { "municipio": "Tocina", "provincia": "Sevilla" }, "geometry": { "type": "MultiPoint", "coordinates": [ [ 258740.128980840003351, 4166051.853376959916204 ] ] } },
{ "type": "Feature", "properties": { "municipio": "Carataunas", "provincia": "Granada" }, "geometry": { "type": "MultiPoint", "coordinates": [ [ 463486.482785789994523, 4086334.486465710215271 ] ] } },
{ "type": "Feature", "properties": { "municipio": "Riogordo", "provincia": "Málaga" }, "geometry": { "type": "MultiPoint", "coordinates": [ [ 384738.408999999985099, 4086277.057 ] ] } },
{ "type": "Feature", "properties": { "municipio": "Sevilla", "provincia": "Sevilla" }, "geometry": { "type": "MultiPoint", "coordinates": [ [ 237282.325001099990914, 4142292.79099998017773 ] ] } },
{ "type": "Feature", "properties": { "municipio": "Alamedilla", "provincia": "Granada" }, "geometry": { "type": "MultiPoint", "coordinates": [ [ 478510.469721420027781, 4159443.802143719978631 ] ] } },
{ "type": "Feature", "properties": { "municipio": "Torrecampo", "provincia": "Córdoba" }, "geometry": { "type": "MultiPoint", "coordinates": [ [ 353674.461264649988152, 4259914.111254059709609 ] ] } },
{ "type": "Feature", "properties": { "municipio": "Árchez", "provincia": "Málaga" }, "geometry": { "type": "MultiPoint", "coordinates": [ [ 411706.820699999982025, 4077409.824 ] ] } },
{ "type": "Feature", "properties": { "municipio": "Arquillos", "provincia": "Jaén" }, "geometry": { "type": "MultiPoint", "coordinates": [ [ 463449.1224, 4230597.567300000227988 ] ] } },
{ "type": "Feature", "properties": { "municipio": "Almodóvar del Río", "provincia": "Córdoba" }, "geometry": { "type": "MultiPoint", "coordinates": [ [ 322442.184711690002587, 4187163.190581819973886 ] ] } },
{ "type": "Feature", "properties": { "municipio": "La Rinconada", "provincia": "Sevilla" }, "geometry": { "type": "MultiPoint", "coordinates": [ [ 239231.81240081001306, 4152134.765035760123283 ] ] } },
{ "type": "Feature", "properties": { "municipio": "Alpujarra de la Sierra", "provincia": "Granada" }, "geometry": { "type": "MultiPoint", "coordinates": [ [ 489420.663207379984669, 4092815.050363630056381 ] ] } },
{ "type": "Feature", "properties": { "municipio": "Villablanca", "provincia": "Huelva" }, "geometry": { "type": "MultiPoint", "coordinates": [ [ 115085.074935159995221, 4137414.632431020028889 ] ] } },
{ "type": "Feature", "properties": { "municipio": "Cortes y Graena", "provincia": "Granada" }, "geometry": { "type": "MultiPoint", "coordinates": [ [ 481149.1251, 4128323.9663 ] ] } },
{ "type": "Feature", "properties": { "municipio": "Écija", "provincia": "Sevilla" }, "geometry": { "type": "MultiPoint", "coordinates": [ [ 333575.204699689988047, 4146412.137799719814211 ] ] } },
{ "type": "Feature", "properties": { "municipio": "Almonaster la Real", "provincia": "Huelva" }, "geometry": { "type": "MultiPoint", "coordinates": [ [ 166962.262627040006919, 4198419.86147334985435 ] ] } },
{ "type": "Feature", "properties": { "municipio": "Jerez de la Frontera", "provincia": "Cádiz" }, "geometry": { "type": "MultiPoint", "coordinates": [ [ 222527.809001590008847, 4065780.855399969965219 ] ] } },
{ "type": "Feature", "properties": { "municipio": "Monachil", "provincia": "Granada" }, "geometry": { "type": "MultiPoint", "coordinates": [ [ 452093.631707159976941, 4109610.755596950184554 ] ] } },
{ "type": "Feature", "properties": { "municipio": "Carboneras", "provincia": "Almería" }, "geometry": { "type": "MultiPoint", "coordinates": [ [ 593078.651870119967498, 4099243.888548559974879 ] ] } },
{ "type": "Feature", "properties": { "municipio": "San Roque", "provincia": "Cádiz" }, "geometry": { "type": "MultiPoint", "coordinates": [ [ 281497.999652209982742, 4010275.333182469941676 ] ] } },
{ "type": "Feature", "properties": { "municipio": "Almonaster la Real", "provincia": "Huelva" }, "geometry": { "type": "MultiPoint", "coordinates": [ [ 165058.614751260000048, 4188172.644783529918641 ] ] } },
{ "type": "Feature", "properties": { "municipio": "El Campillo", "provincia": "Huelva" }, "geometry": { "type": "MultiPoint", "coordinates": [ [ 180193.69803309001145, 4178052.465209189802408 ] ] } },
{ "type": "Feature", "properties": { "municipio": "Andújar", "provincia": "Jaén" }, "geometry": { "type": "MultiPoint", "coordinates": [ [ 404627.585554089979269, 4210100.189970470033586 ] ] } },
{ "type": "Feature", "properties": { "municipio": "Pinos Puente", "provincia": "Granada" }, "geometry": { "type": "MultiPoint", "coordinates": [ [ 428805.037251350004226, 4123509.817805740050972 ] ] } },
{ "type": "Feature", "properties": { "municipio": "Vegas del Genil", "provincia": "Granada" }, "geometry": { "type": "MultiPoint", "coordinates": [ [ 440933.78065092000179, 4114170.886582700069994 ] ] } },
{ "type": "Feature", "properties": { "municipio": "Guadix", "provincia": "Granada" }, "geometry": { "type": "MultiPoint", "coordinates": [ [ 481159.2511, 4136098.889599999878556 ] ] } },
{ "type": "Feature", "properties": { "municipio": "Jaén", "provincia": "Jaén" }, "geometry": { "type": "MultiPoint", "coordinates": [ [ 430037.307481219992042, 4179589.032137400005013 ] ] } },
{ "type": "Feature", "properties": { "municipio": "Dos Hermanas", "provincia": "Sevilla" }, "geometry": { "type": "MultiPoint", "coordinates": [ [ 240837.099301, 4130198.184199979994446 ] ] } },
{ "type": "Feature", "properties": { "municipio": "Hornachuelos", "provincia": "Córdoba" }, "geometry": { "type": "MultiPoint", "coordinates": [ [ 302072.764629099983722, 4189370.665527190081775 ] ] } },
{ "type": "Feature", "properties": { "municipio": "Linares", "provincia": "Jaén" }, "geometry": { "type": "MultiPoint", "coordinates": [ [ 444914.592508409987204, 4216838.796010649763048 ] ] } },
{ "type": "Feature", "properties": { "municipio": "Priego de Córdoba", "provincia": "Córdoba" }, "geometry": { "type": "MultiPoint", "coordinates": [ [ 399005.813586919975933, 4150189.225591749884188 ] ] } },
{ "type": "Feature", "properties": { "municipio": "Fuentes de Andalucía", "provincia": "Sevilla" }, "geometry": { "type": "MultiPoint", "coordinates": [ [ 292392.087600209983066, 4148841.755599999800324 ] ] } },
{ "type": "Feature", "properties": { "municipio": "Arjona", "provincia": "Jaén" }, "geometry": { "type": "MultiPoint", "coordinates": [ [ 406906.45319999998901, 4199273.888799999840558 ] ] } },
{ "type": "Feature", "properties": { "municipio": "Zalamea la Real", "provincia": "Huelva" }, "geometry": { "type": "MultiPoint", "coordinates": [ [ 184521.48049742000876, 4173935.972032309975475 ] ] } },
{ "type": "Feature", "properties": { "municipio": "Ayamonte", "provincia": "Huelva" }, "geometry": { "type": "MultiPoint", "coordinates": [ [ 114493.78474991999974, 4124634.919090840034187 ] ] } },
{ "type": "Feature", "properties": { "municipio": "Barbate", "provincia": "Cádiz" }, "geometry": { "type": "MultiPoint", "coordinates": [ [ 237121.597573059989372, 4008777.262788210064173 ] ] } },
{ "type": "Feature", "properties": { "municipio": "Cuevas del Almanzora", "provincia": "Almería" }, "geometry": { "type": "MultiPoint", "coordinates": [ [ 609268.90860295004677, 4133003.634871120098978 ] ] } },
{ "type": "Feature", "properties": { "municipio": "Benaoján", "provincia": "Málaga" }, "geometry": { "type": "MultiPoint", "coordinates": [ [ 299156.46840016002534, 4066213.5888 ] ] } },
{ "type": "Feature", "properties": { "municipio": "Cardeña", "provincia": "Córdoba" }, "geometry": { "type": "MultiPoint", "coordinates": [ [ 388039.93322404997889, 4229088.659325489774346 ] ] } },
{ "type": "Feature", "properties": { "municipio": "Valenzuela", "provincia": "Córdoba" }, "geometry": { "type": "MultiPoint", "coordinates": [ [ 392606.066046, 4181529.522011579945683 ] ] } },
{ "type": "Feature", "properties": { "municipio": "Santa Olalla del Cala", "provincia": "Huelva" }, "geometry": { "type": "MultiPoint", "coordinates": [ [ 216145.652621949993772, 4200520.988780439831316 ] ] } },
{ "type": "Feature", "properties": { "municipio": "Alcalá de Guadaíra", "provincia": "Sevilla" }, "geometry": { "type": "MultiPoint", "coordinates": [ [ 248458.531509510008618, 4137373.161978759802878 ] ] } },
{ "type": "Feature", "properties": { "municipio": "Jaén", "provincia": "Jaén" }, "geometry": { "type": "MultiPoint", "coordinates": [ [ 431011.776865650026593, 4196731.578816370107234 ] ] } },
{ "type": "Feature", "properties": { "municipio": "Paterna de Rivera", "provincia": "Cádiz" }, "geometry": { "type": "MultiPoint", "coordinates": [ [ 243559.200141309993342, 4045564.077320780139416 ] ] } },
{ "type": "Feature", "properties": { "municipio": "Sierra de Yeguas", "provincia": "Málaga" }, "geometry": { "type": "MultiPoint", "coordinates": [ [ 333713.815800040028989, 4110313.153599999845028 ] ] } },
{ "type": "Feature", "properties": { "municipio": "Jamilena", "provincia": "Jaén" }, "geometry": { "type": "MultiPoint", "coordinates": [ [ 419268.438956019992474, 4178000.267635120078921 ] ] } },
{ "type": "Feature", "properties": { "municipio": "Los Palacios y Villafranca", "provincia": "Sevilla" }, "geometry": { "type": "MultiPoint", "coordinates": [ [ 240049.930366159998812, 4116172.230821810197085 ] ] } },
{ "type": "Feature", "properties": { "municipio": "Tocina", "provincia": "Sevilla" }, "geometry": { "type": "MultiPoint", "coordinates": [ [ 258752.779329150012927, 4163840.440293340012431 ] ] } },
{ "type": "Feature", "properties": { "municipio": "Marbella", "provincia": "Málaga" }, "geometry": { "type": "MultiPoint", "coordinates": [ [ 340506.58939029002795, 4040539.130845170002431 ] ] } },
{ "type": "Feature", "properties": { "municipio": "Cortes de la Frontera", "provincia": "Málaga" }, "geometry": { "type": "MultiPoint", "coordinates": [ [ 291386.664500210026745, 4052820.436499999836087 ] ] } },
{ "type": "Feature", "properties": { "municipio": "Alpujarra de la Sierra", "provincia": "Granada" }, "geometry": { "type": "MultiPoint", "coordinates": [ [ 486154.389594740001485, 4092760.937734549865127 ] ] } },
{ "type": "Feature", "properties": { "municipio": "Cáñar", "provincia": "Granada" }, "geometry": { "type": "MultiPoint", "coordinates": [ [ 461859.806760429986753, 4086730.234081930015236 ] ] } },
{ "type": "Feature", "properties": { "municipio": "Villamena", "provincia": "Granada" }, "geometry": { "type": "MultiPoint", "coordinates": [ [ 447531.043353759974707, 4091369.490674990229309 ] ] } },
{ "type": "Feature", "properties": { "municipio": "Vélez-Rubio", "provincia": "Almería" }, "geometry": { "type": "MultiPoint", "coordinates": [ [ 581302.883472579997033, 4167377.850265449844301 ] ] } },
{ "type": "Feature", "properties": { "municipio": "Alpandeire", "provincia": "Málaga" }, "geometry": { "type": "MultiPoint", "coordinates": [ [ 303058.380190889991354, 4056477.655631689820439 ] ] } },
{ "type": "Feature", "properties": { "municipio": "Vícar", "provincia": "Almería" }, "geometry": { "type": "MultiPoint", "coordinates": [ [ 533551.691556880017743, 4073514.552880180068314 ] ] } },
{ "type": "Feature", "properties": { "municipio": "Burguillos", "provincia": "Sevilla" }, "geometry": { "type": "MultiPoint", "coordinates": [ [ 238016.776278650009772, 4164040.227906770072877 ] ] } },
{ "type": "Feature", "properties": { "municipio": "Écija", "provincia": "Sevilla" }, "geometry": { "type": "MultiPoint", "coordinates": [ [ 325026.224500060023274, 4162217.638799999840558 ] ] } },
{ "type": "Feature", "properties": { "municipio": "Fuente Obejuna", "provincia": "Córdoba" }, "geometry": { "type": "MultiPoint", "coordinates": [ [ 298164.206368279992603, 4231689.902407259680331 ] ] } },
{ "type": "Feature", "properties": { "municipio": "Algar", "provincia": "Cádiz" }, "geometry": { "type": "MultiPoint", "coordinates": [ [ 262492.03063920000568, 4060181.622823659796268 ] ] } },
{ "type": "Feature", "properties": { "municipio": "Lúcar", "provincia": "Almería" }, "geometry": { "type": "MultiPoint", "coordinates": [ [ 549271.132499999948777, 4136424.945299999788404 ] ] } },
{ "type": "Feature", "properties": { "municipio": "Santaella", "provincia": "Córdoba" }, "geometry": { "type": "MultiPoint", "coordinates": [ [ 330438.936155750008766, 4154931.607818599790335 ] ] } },
{ "type": "Feature", "properties": { "municipio": "Huesa", "provincia": "Jaén" }, "geometry": { "type": "MultiPoint", "coordinates": [ [ 493333.103400000021793, 4179571.564499999862164 ] ] } },
{ "type": "Feature", "properties": { "municipio": "Algámitas", "provincia": "Sevilla" }, "geometry": { "type": "MultiPoint", "coordinates": [ [ 308814.151065720012411, 4098752.675524 ] ] } },
{ "type": "Feature", "properties": { "municipio": "Sevilla", "provincia": "Sevilla" }, "geometry": { "type": "MultiPoint", "coordinates": [ [ 238490.629001060005976, 4139725.254999979864806 ] ] } },
{ "type": "Feature", "properties": { "municipio": "Andújar", "provincia": "Jaén" }, "geometry": { "type": "MultiPoint", "coordinates": [ [ 407243.355859829986002, 4210666.893158989958465 ] ] } },
{ "type": "Feature", "properties": { "municipio": "Alcalá la Real", "provincia": "Jaén" }, "geometry": { "type": "MultiPoint", "coordinates": [ [ 427196.475307080021594, 4142012.219198190141469 ] ] } },
{ "type": "Feature", "properties": { "municipio": "Priego de Córdoba", "provincia": "Córdoba" }, "geometry": { "type": "MultiPoint", "coordinates": [ [ 389393.696735990000889, 4135092.177718169987202 ] ] } },
{ "type": "Feature", "properties": { "municipio": "Málaga", "provincia": "Málaga" }, "geometry": { "type": "MultiPoint", "coordinates": [ [ 368031.377000009990297, 4065030.3153 ] ] } },
{ "type": "Feature", "properties": { "municipio": "Quesada", "provincia": "Jaén" }, "geometry": { "type": "MultiPoint", "coordinates": [ [ 494251.026621330005582, 4188216.851095039863139 ] ] } },
{ "type": "Feature", "properties": { "municipio": "Huelva", "provincia": "Huelva" }, "geometry": { "type": "MultiPoint", "coordinates": [ [ 151073.808043430006364, 4132532.459273510146886 ] ] } },
{ "type": "Feature", "properties": { "municipio": "Fuente Palmera", "provincia": "Córdoba" }, "geometry": { "type": "MultiPoint", "coordinates": [ [ 312279.399594759976026, 4180568.785816050134599 ] ] } },
{ "type": "Feature", "properties": { "municipio": "Cantoria", "provincia": "Almería" }, "geometry": { "type": "MultiPoint", "coordinates": [ [ 576781.486966080032289, 4134018.467137550003827 ] ] } },
{ "type": "Feature", "properties": { "municipio": "Cuevas del Almanzora", "provincia": "Almería" }, "geometry": { "type": "MultiPoint", "coordinates": [ [ 607862.746066419989802, 4134154.145410770084709 ] ] } },
{ "type": "Feature", "properties": { "municipio": "Los Palacios y Villafranca", "provincia": "Sevilla" }, "geometry": { "type": "MultiPoint", "coordinates": [ [ 240332.638217380008427, 4117715.850090830121189 ] ] } },
{ "type": "Feature", "properties": { "municipio": "Granada", "provincia": "Granada" }, "geometry": { "type": "MultiPoint", "coordinates": [ [ 447189.5599, 4113489.933000000193715 ] ] } },
{ "type": "Feature", "properties": { "municipio": "La Campana", "provincia": "Sevilla" }, "geometry": { "type": "MultiPoint", "coordinates": [ [ 285545.469773020013236, 4160650.890528310090303 ] ] } },
{ "type": "Feature", "properties": { "municipio": "Sevilla", "provincia": "Sevilla" }, "geometry": { "type": "MultiPoint", "coordinates": [ [ 236000.953001140005654, 4140358.363999980036169 ] ] } },
{ "type": "Feature", "properties": { "municipio": "Alcalá la Real", "provincia": "Jaén" }, "geometry": { "type": "MultiPoint", "coordinates": [ [ 425933.237230150029063, 4146746.888907830230892 ] ] } },
{ "type": "Feature", "properties": { "municipio": "Berja", "provincia": "Almería" }, "geometry": { "type": "MultiPoint", "coordinates": [ [ 504808.965399999986403, 4077216.039100000169128 ] ] } },
{ "type": "Feature", "properties": { "municipio": "Cuevas Bajas", "provincia": "Málaga" }, "geometry": { "type": "MultiPoint", "coordinates": [ [ 367866.965100009983871, 4121979.3114 ] ] } },
{ "type": "Feature", "properties": { "municipio": "Villanueva de la Concepción", "provincia": "Málaga" }, "geometry": { "type": "MultiPoint", "coordinates": [ [ 363533.832500009972136, 4088277.05420000012964 ] ] } },
{ "type": "Feature", "properties": { "municipio": "Hornos", "provincia": "Jaén" }, "geometry": { "type": "MultiPoint", "coordinates": [ [ 524509.531495069968514, 4229898.208030980080366 ] ] } },
{ "type": "Feature", "properties": { "municipio": "Almensilla", "provincia": "Sevilla" }, "geometry": { "type": "MultiPoint", "coordinates": [ [ 223952.177588049991755, 4133610.190025450196117 ] ] } },
{ "type": "Feature", "properties": { "municipio": "Lubrín", "provincia": "Almería" }, "geometry": { "type": "MultiPoint", "coordinates": [ [ 580501.39000000001397, 4124663.21999979019165 ] ] } },
{ "type": "Feature", "properties": { "municipio": "Arboleas", "provincia": "Almería" }, "geometry": { "type": "MultiPoint", "coordinates": [ [ 582002.429363879957236, 4134329.400088749825954 ] ] } },
{ "type": "Feature", "properties": { "municipio": "Santa Fe", "provincia": "Granada" }, "geometry": { "type": "MultiPoint", "coordinates": [ [ 433286.645174539997242, 4118997.230744599830359 ] ] } },
{ "type": "Feature", "properties": { "municipio": "Uleila del Campo", "provincia": "Almería" }, "geometry": { "type": "MultiPoint", "coordinates": [ [ 570470.625800000037998, 4115781.592499999795109 ] ] } },
{ "type": "Feature", "properties": { "municipio": "Palenciana", "provincia": "Córdoba" }, "geometry": { "type": "MultiPoint", "coordinates": [ [ 359496.247324750002008, 4123602.900553559884429 ] ] } },
{ "type": "Feature", "properties": { "municipio": "Beas de Segura", "provincia": "Jaén" }, "geometry": { "type": "MultiPoint", "coordinates": [ [ 509559.469474380020984, 4233715.263779509812593 ] ] } },
{ "type": "Feature", "properties": { "municipio": "Alájar", "provincia": "Huelva" }, "geometry": { "type": "MultiPoint", "coordinates": [ [ 177929.179504680010723, 4198334.514299869537354 ] ] } },
{ "type": "Feature", "properties": { "municipio": "Pulpí", "provincia": "Almería" }, "geometry": { "type": "MultiPoint", "coordinates": [ [ 611004.392827120027505, 4138867.316490389872342 ] ] } },
{ "type": "Feature", "properties": { "municipio": "Quéntar", "provincia": "Granada" }, "geometry": { "type": "MultiPoint", "coordinates": [ [ 467038.552204719977453, 4121648.523746159859002 ] ] } },
{ "type": "Feature", "properties": { "municipio": "Granada", "provincia": "Granada" }, "geometry": { "type": "MultiPoint", "coordinates": [ [ 446335.793300000019372, 4114850.8481 ] ] } },
{ "type": "Feature", "properties": { "municipio": "Beires", "provincia": "Almería" }, "geometry": { "type": "MultiPoint", "coordinates": [ [ 518575.794702470011543, 4096276.052643740084022 ] ] } },
{ "type": "Feature", "properties": { "municipio": "Huélago", "provincia": "Granada" }, "geometry": { "type": "MultiPoint", "coordinates": [ [ 476810.47096753999358, 4141514.428051500115544 ] ] } },
{ "type": "Feature", "properties": { "municipio": "Almuñécar", "provincia": "Granada" }, "geometry": { "type": "MultiPoint", "coordinates": [ [ 433770.134974610002246, 4065683.669770120177418 ] ] } },
{ "type": "Feature", "properties": { "municipio": "Sevilla", "provincia": "Sevilla" }, "geometry": { "type": "MultiPoint", "coordinates": [ [ 239174.426455459994031, 4140265.068273 ] ] } },
{ "type": "Feature", "properties": { "municipio": "Vilches", "provincia": "Jaén" }, "geometry": { "type": "MultiPoint", "coordinates": [ [ 455458.152035449980758, 4221790.17846835963428 ] ] } },
{ "type": "Feature", "properties": { "municipio": "Pulianas", "provincia": "Granada" }, "geometry": { "type": "MultiPoint", "coordinates": [ [ 446009.861192349984776, 4119619.600403210148215 ] ] } },
{ "type": "Feature", "properties": { "municipio": "Rincón de la Victoria", "provincia": "Málaga" }, "geometry": { "type": "MultiPoint", "coordinates": [ [ 388885.102000000013504, 4066416.9822 ] ] } },
{ "type": "Feature", "properties": { "municipio": "Villanueva del Trabuco", "provincia": "Málaga" }, "geometry": { "type": "MultiPoint", "coordinates": [ [ 380763.61935747001553, 4098684.012870389968157 ] ] } },
{ "type": "Feature", "properties": { "municipio": "Granada", "provincia": "Granada" }, "geometry": { "type": "MultiPoint", "coordinates": [ [ 447514.316500000015367, 4114258.8216 ] ] } },
{ "type": "Feature", "properties": { "municipio": "Jerez de la Frontera", "provincia": "Cádiz" }, "geometry": { "type": "MultiPoint", "coordinates": [ [ 224097.245304890006082, 4067738.543137909844518 ] ] } },
{ "type": "Feature", "properties": { "municipio": "Medina Sidonia", "provincia": "Cádiz" }, "geometry": { "type": "MultiPoint", "coordinates": [ [ 237662.080201059987303, 4039556.153199980035424 ] ] } },
{ "type": "Feature", "properties": { "municipio": "Cacín", "provincia": "Granada" }, "geometry": { "type": "MultiPoint", "coordinates": [ [ 418452.661704999976791, 4101891.888085919898003 ] ] } },
{ "type": "Feature", "properties": { "municipio": "Albaida del Aljarafe", "provincia": "Sevilla" }, "geometry": { "type": "MultiPoint", "coordinates": [ [ 219980.535667919990374, 4146627.963266630191356 ] ] } },
{ "type": "Feature", "properties": { "municipio": "Los Guájares", "provincia": "Granada" }, "geometry": { "type": "MultiPoint", "coordinates": [ [ 448353.089614839991555, 4076770.304349910002202 ] ] } },
{ "type": "Feature", "properties": { "municipio": "El Valle", "provincia": "Granada" }, "geometry": { "type": "MultiPoint", "coordinates": [ [ 449143.588027869991492, 4087850.355916580185294 ] ] } },
{ "type": "Feature", "properties": { "municipio": "Turrillas", "provincia": "Almería" }, "geometry": { "type": "MultiPoint", "coordinates": [ [ 565433.495644310023636, 4098482.193210059776902 ] ] } },
{ "type": "Feature", "properties": { "municipio": "Salobreña", "provincia": "Granada" }, "geometry": { "type": "MultiPoint", "coordinates": [ [ 447615.383023419999518, 4066854.930331289768219 ] ] } },
{ "type": "Feature", "properties": { "municipio": "Purchena", "provincia": "Almería" }, "geometry": { "type": "MultiPoint", "coordinates": [ [ 556682.702416160027497, 4133706.218893600162119 ] ] } },
{ "type": "Feature", "properties": { "municipio": "Antequera", "provincia": "Málaga" }, "geometry": { "type": "MultiPoint", "coordinates": [ [ 346885.795976109977346, 4103192.256078210193664 ] ] } },
{ "type": "Feature", "properties": { "municipio": "Martos", "provincia": "Jaén" }, "geometry": { "type": "MultiPoint", "coordinates": [ [ 411666.302861889998894, 4166589.96465612994507 ] ] } },
{ "type": "Feature", "properties": { "municipio": "Montejícar", "provincia": "Granada" }, "geometry": { "type": "MultiPoint", "coordinates": [ [ 455401.812457490013912, 4158463.338563949801028 ] ] } },
{ "type": "Feature", "properties": { "municipio": "Huéneja", "provincia": "Granada" }, "geometry": { "type": "MultiPoint", "coordinates": [ [ 504445.955319779983256, 4114623.085376469884068 ] ] } },
{ "type": "Feature", "properties": { "municipio": "Canillas de Aceituno", "provincia": "Málaga" }, "geometry": { "type": "MultiPoint", "coordinates": [ [ 403615.6127, 4081326.0364 ] ] } },
{ "type": "Feature", "properties": { "municipio": "Segura de la Sierra", "provincia": "Jaén" }, "geometry": { "type": "MultiPoint", "coordinates": [ [ 524061.781299999973271, 4233192.8476 ] ] } },
{ "type": "Feature", "properties": { "municipio": "Motril", "provincia": "Granada" }, "geometry": { "type": "MultiPoint", "coordinates": [ [ 457223.197755830013193, 4064756.696316480170935 ] ] } },
{ "type": "Feature", "properties": { "municipio": "Moclinejo", "provincia": "Málaga" }, "geometry": { "type": "MultiPoint", "coordinates": [ [ 388187.868499999982305, 4070210.4257 ] ] } },
{ "type": "Feature", "properties": { "municipio": "Cardeña", "provincia": "Córdoba" }, "geometry": { "type": "MultiPoint", "coordinates": [ [ 384252.298685109999496, 4236669.509528500027955 ] ] } },
{ "type": "Feature", "properties": { "municipio": "Níjar", "provincia": "Almería" }, "geometry": { "type": "MultiPoint", "coordinates": [ [ 568609.63455601001624, 4072481.843743579927832 ] ] } },
{ "type": "Feature", "properties": { "municipio": "Antequera", "provincia": "Málaga" }, "geometry": { "type": "MultiPoint", "coordinates": [ [ 360852.847620719985571, 4098449.000509719830006 ] ] } },
{ "type": "Feature", "properties": { "municipio": "La Carolina", "provincia": "Jaén" }, "geometry": { "type": "MultiPoint", "coordinates": [ [ 448652.812800000014249, 4237749.695600000210106 ] ] } },
{ "type": "Feature", "properties": { "municipio": "Utrera", "provincia": "Sevilla" }, "geometry": { "type": "MultiPoint", "coordinates": [ [ 241543.628000969998538, 4106412.848599980119616 ] ] } },
{ "type": "Feature", "properties": { "municipio": "Estepa", "provincia": "Sevilla" }, "geometry": { "type": "MultiPoint", "coordinates": [ [ 333408.387100579973776, 4129357.312163679860532 ] ] } },
{ "type": "Feature", "properties": { "municipio": "Sorvilán", "provincia": "Granada" }, "geometry": { "type": "MultiPoint", "coordinates": [ [ 478880.524610940017737, 4067508.394315020181239 ] ] } },
{ "type": "Feature", "properties": { "municipio": "Ronda", "provincia": "Málaga" }, "geometry": { "type": "MultiPoint", "coordinates": [ [ 309648.749447480018716, 4077578.908972249832004 ] ] } },
{ "type": "Feature", "properties": { "municipio": "Espartinas", "provincia": "Sevilla" }, "geometry": { "type": "MultiPoint", "coordinates": [ [ 223564.797504619986285, 4141869.649016940034926 ] ] } },
{ "type": "Feature", "properties": { "municipio": "Terque", "provincia": "Almería" }, "geometry": { "type": "MultiPoint", "coordinates": [ [ 536042.521200660034083, 4093140.289863910060376 ] ] } },
{ "type": "Feature", "properties": { "municipio": "Nevada", "provincia": "Granada" }, "geometry": { "type": "MultiPoint", "coordinates": [ [ 496162.459674449986778, 4095225.361885069869459 ] ] } },
{ "type": "Feature", "properties": { "municipio": "Cómpeta", "provincia": "Málaga" }, "geometry": { "type": "MultiPoint", "coordinates": [ [ 412882.486199999984819, 4076972.745099800173193 ] ] } },
{ "type": "Feature", "properties": { "municipio": "Bujalance", "provincia": "Córdoba" }, "geometry": { "type": "MultiPoint", "coordinates": [ [ 378307.049165149976034, 4195325.539208229631186 ] ] } },
{ "type": "Feature", "properties": { "municipio": "Villarrodrigo", "provincia": "Jaén" }, "geometry": { "type": "MultiPoint", "coordinates": [ [ 531751.112627860042267, 4259830.085456670261919 ] ] } },
{ "type": "Feature", "properties": { "municipio": "Sevilla", "provincia": "Sevilla" }, "geometry": { "type": "MultiPoint", "coordinates": [ [ 240328.859213540010387, 4140191.73163456004113 ] ] } },
{ "type": "Feature", "properties": { "municipio": "El Rubio", "provincia": "Sevilla" }, "geometry": { "type": "MultiPoint", "coordinates": [ [ 323846.117668770020828, 4136109.047987509984523 ] ] } },
{ "type": "Feature", "properties": { "municipio": "Totalán", "provincia": "Málaga" }, "geometry": { "type": "MultiPoint", "coordinates": [ [ 384174.011500000022352, 4069481.571700000204146 ] ] } },
{ "type": "Feature", "properties": { "municipio": "Marmolejo", "provincia": "Jaén" }, "geometry": { "type": "MultiPoint", "coordinates": [ [ 394005.125080469995737, 4207488.579059720039368 ] ] } },
{ "type": "Feature", "properties": { "municipio": "Manilva", "provincia": "Málaga" }, "geometry": { "type": "MultiPoint", "coordinates": [ [ 300342.530700150004122, 4027186.713700000196695 ] ] } },
{ "type": "Feature", "properties": { "municipio": "Fuente de Piedra", "provincia": "Málaga" }, "geometry": { "type": "MultiPoint", "coordinates": [ [ 345998.582200029981323, 4111314.187899999786168 ] ] } },
{ "type": "Feature", "properties": { "municipio": "Castellar", "provincia": "Jaén" }, "geometry": { "type": "MultiPoint", "coordinates": [ [ 488415.669993260002229, 4234144.678119740448892 ] ] } },
{ "type": "Feature", "properties": { "municipio": "La Palma del Condado", "provincia": "Huelva" }, "geometry": { "type": "MultiPoint", "coordinates": [ [ 185639.182558469998185, 4144082.866184889804572 ] ] } },
{ "type": "Feature", "properties": { "municipio": "Castellar de la Frontera", "provincia": "Cádiz" }, "geometry": { "type": "MultiPoint", "coordinates": [ [ 281865.323223839979619, 4017443.707364330068231 ] ] } },
{ "type": "Feature", "properties": { "municipio": "Sevilla", "provincia": "Sevilla" }, "geometry": { "type": "MultiPoint", "coordinates": [ [ 236274.331001129990909, 4146895.76099997991696 ] ] } },
{ "type": "Feature", "properties": { "municipio": "Pulpí", "provincia": "Almería" }, "geometry": { "type": "MultiPoint", "coordinates": [ [ 615737.952729559969157, 4139124.366699079982936 ] ] } },
{ "type": "Feature", "properties": { "municipio": "Almadén de la Plata", "provincia": "Sevilla" }, "geometry": { "type": "MultiPoint", "coordinates": [ [ 228703.315422840008978, 4196334.663889739662409 ] ] } },
{ "type": "Feature", "properties": { "municipio": "Santiago-Pontones", "provincia": "Jaén" }, "geometry": { "type": "MultiPoint", "coordinates": [ [ 513251.340515789983328, 4210990.852754300460219 ] ] } },
{ "type": "Feature", "properties": { "municipio": "Los Palacios y Villafranca", "provincia": "Sevilla" }, "geometry": { "type": "MultiPoint", "coordinates": [ [ 242987.172415990004083, 4113654.875953800044954 ] ] } },
{ "type": "Feature", "properties": { "municipio": "Mojácar", "provincia": "Almería" }, "geometry": { "type": "MultiPoint", "coordinates": [ [ 603147.843880690052174, 4110792.55542198009789 ] ] } },
{ "type": "Feature", "properties": { "municipio": "Benahavís", "provincia": "Málaga" }, "geometry": { "type": "MultiPoint", "coordinates": [ [ 316836.373700079973787, 4043869.1488 ] ] } },
{ "type": "Feature", "properties": { "municipio": "Espeluy", "provincia": "Jaén" }, "geometry": { "type": "MultiPoint", "coordinates": [ [ 426465.371416300011333, 4207458.631233139894903 ] ] } },
{ "type": "Feature", "properties": { "municipio": "Montalbán de Córdoba", "provincia": "Córdoba" }, "geometry": { "type": "MultiPoint", "coordinates": [ [ 345490.877187269972637, 4160662.46580852009356 ] ] } },
{ "type": "Feature", "properties": { "municipio": "Sevilla", "provincia": "Sevilla" }, "geometry": { "type": "MultiPoint", "coordinates": [ [ 240052.989001020003343, 4148555.395999980159104 ] ] } },
{ "type": "Feature", "properties": { "municipio": "Fuente-Tójar", "provincia": "Córdoba" }, "geometry": { "type": "MultiPoint", "coordinates": [ [ 398691.467944390024059, 4152124.816561739891768 ] ] } },
{ "type": "Feature", "properties": { "municipio": "Humilladero", "provincia": "Málaga" }, "geometry": { "type": "MultiPoint", "coordinates": [ [ 349455.313148009998258, 4115476.187694820109755 ] ] } },
{ "type": "Feature", "properties": { "municipio": "Porcuna", "provincia": "Jaén" }, "geometry": { "type": "MultiPoint", "coordinates": [ [ 395715.139161190018058, 4192037.456818520091474 ] ] } },
{ "type": "Feature", "properties": { "municipio": "Jaén", "provincia": "Jaén" }, "geometry": { "type": "MultiPoint", "coordinates": [ [ 430471.797541740001179, 4180718.66035937005654 ] ] } },
{ "type": "Feature", "properties": { "municipio": "Granada", "provincia": "Granada" }, "geometry": { "type": "MultiPoint", "coordinates": [ [ 445179.0294, 4116933.563399999868125 ] ] } },
{ "type": "Feature", "properties": { "municipio": "Almegíjar", "provincia": "Granada" }, "geometry": { "type": "MultiPoint", "coordinates": [ [ 475332.561746780003887, 4085519.066290160175413 ] ] } },
{ "type": "Feature", "properties": { "municipio": "Alcalá la Real", "provincia": "Jaén" }, "geometry": { "type": "MultiPoint", "coordinates": [ [ 419859.107814989984035, 4150181.512564150150865 ] ] } },
{ "type": "Feature", "properties": { "municipio": "El Borge", "provincia": "Málaga" }, "geometry": { "type": "MultiPoint", "coordinates": [ [ 389813.0686, 4075111.361699999775738 ] ] } },
{ "type": "Feature", "properties": { "municipio": "Huércal de Almería", "provincia": "Almería" }, "geometry": { "type": "MultiPoint", "coordinates": [ [ 549839.488800000050105, 4083276.533600009977818 ] ] } },
{ "type": "Feature", "properties": { "municipio": "Antequera", "provincia": "Málaga" }, "geometry": { "type": "MultiPoint", "coordinates": [ [ 355389.477400019997731, 4088642.5913 ] ] } },
{ "type": "Feature", "properties": { "municipio": "Aljaraque", "provincia": "Huelva" }, "geometry": { "type": "MultiPoint", "coordinates": [ [ 146027.862099480000325, 4132621.400673829950392 ] ] } },
{ "type": "Feature", "properties": { "municipio": "Guadalcanal", "provincia": "Sevilla" }, "geometry": { "type": "MultiPoint", "coordinates": [ [ 252538.958893100003479, 4219815.483796910382807 ] ] } },
{ "type": "Feature", "properties": { "municipio": "Nívar", "provincia": "Granada" }, "geometry": { "type": "MultiPoint", "coordinates": [ [ 448909.707738059980329, 4123667.1160435997881 ] ] } },
{ "type": "Feature", "properties": { "municipio": "Gualchos", "provincia": "Granada" }, "geometry": { "type": "MultiPoint", "coordinates": [ [ 467776.800860940013081, 4064300.772569410037249 ] ] } },
{ "type": "Feature", "properties": { "municipio": "Periana", "provincia": "Málaga" }, "geometry": { "type": "MultiPoint", "coordinates": [ [ 390670.838927750010043, 4088940.315903369802982 ] ] } },
{ "type": "Feature", "properties": { "municipio": "Arjonilla", "provincia": "Jaén" }, "geometry": { "type": "MultiPoint", "coordinates": [ [ 402942.021021030028351, 4203352.551069550216198 ] ] } },
{ "type": "Feature", "properties": { "municipio": "Pinos Puente", "provincia": "Granada" }, "geometry": { "type": "MultiPoint", "coordinates": [ [ 422548.065426480025053, 4117225.70676558976993 ] ] } },
{ "type": "Feature", "properties": { "municipio": "Ítrabo", "provincia": "Granada" }, "geometry": { "type": "MultiPoint", "coordinates": [ [ 442928.983840089989826, 4072830.699044770095497 ] ] } },
{ "type": "Feature", "properties": { "municipio": "Jerez de la Frontera", "provincia": "Cádiz" }, "geometry": { "type": "MultiPoint", "coordinates": [ [ 220046.490669480001088, 4063035.860509490128607 ] ] } },
{ "type": "Feature", "properties": { "municipio": "Villanueva del Río y Minas", "provincia": "Sevilla" }, "geometry": { "type": "MultiPoint", "coordinates": [ [ 260842.170528310001828, 4171320.752276979852468 ] ] } },
{ "type": "Feature", "properties": { "municipio": "Alcalá la Real", "provincia": "Jaén" }, "geometry": { "type": "MultiPoint", "coordinates": [ [ 408532.602168069977779, 4148176.358920770231634 ] ] } },
{ "type": "Feature", "properties": { "municipio": "Motril", "provincia": "Granada" }, "geometry": { "type": "MultiPoint", "coordinates": [ [ 453188.184546620002948, 4064600.762581900227815 ] ] } },
{ "type": "Feature", "properties": { "municipio": "Salares", "provincia": "Málaga" }, "geometry": { "type": "MultiPoint", "coordinates": [ [ 408688.473999999987427, 4079178.6957 ] ] } },
{ "type": "Feature", "properties": { "municipio": "Alfarnate", "provincia": "Málaga" }, "geometry": { "type": "MultiPoint", "coordinates": [ [ 387993.306099999987055, 4094727.9194 ] ] } },
{ "type": "Feature", "properties": { "municipio": "Mengíbar", "provincia": "Jaén" }, "geometry": { "type": "MultiPoint", "coordinates": [ [ 428620.727492330013774, 4202789.156294169835746 ] ] } },
{ "type": "Feature", "properties": { "municipio": "Alhabia", "provincia": "Almería" }, "geometry": { "type": "MultiPoint", "coordinates": [ [ 536660.168119790032506, 4093768.911296950187534 ] ] } },
{ "type": "Feature", "properties": { "municipio": "Granada", "provincia": "Granada" }, "geometry": { "type": "MultiPoint", "coordinates": [ [ 446057.121099999989383, 4116372.969500000122935 ] ] } },
{ "type": "Feature", "properties": { "municipio": "Fuente Obejuna", "provincia": "Córdoba" }, "geometry": { "type": "MultiPoint", "coordinates": [ [ 289450.070840639993548, 4231341.527551099658012 ] ] } },
{ "type": "Feature", "properties": { "municipio": "Benatae", "provincia": "Jaén" }, "geometry": { "type": "MultiPoint", "coordinates": [ [ 530544.48230000003241, 4244952.757500000298023 ] ] } },
{ "type": "Feature", "properties": { "municipio": "Nevada", "provincia": "Granada" }, "geometry": { "type": "MultiPoint", "coordinates": [ [ 499465.763465909985825, 4094911.482288639992476 ] ] } },
{ "type": "Feature", "properties": { "municipio": "Lecrín", "provincia": "Granada" }, "geometry": { "type": "MultiPoint", "coordinates": [ [ 450808.998156939982437, 4089289.333674740046263 ] ] } },
{ "type": "Feature", "properties": { "municipio": "Larva", "provincia": "Jaén" }, "geometry": { "type": "MultiPoint", "coordinates": [ [ 482046.17220145999454, 4179201.751440709922463 ] ] } },
{ "type": "Feature", "properties": { "municipio": "Villanueva del Ariscal", "provincia": "Sevilla" }, "geometry": { "type": "MultiPoint", "coordinates": [ [ 222260.934775589994388, 4143410.906545130070299 ] ] } },
{ "type": "Feature", "properties": { "municipio": "Córdoba", "provincia": "Córdoba" }, "geometry": { "type": "MultiPoint", "coordinates": [ [ 330225.996682339988183, 4188879.921847589779645 ] ] } },
{ "type": "Feature", "properties": { "municipio": "Carratraca", "provincia": "Málaga" }, "geometry": { "type": "MultiPoint", "coordinates": [ [ 337854.146900039981119, 4079893.2201 ] ] } },
{ "type": "Feature", "properties": { "municipio": "Yunquera", "provincia": "Málaga" }, "geometry": { "type": "MultiPoint", "coordinates": [ [ 328707.168500049971044, 4067095.370500000193715 ] ] } },
{ "type": "Feature", "properties": { "municipio": "Níjar", "provincia": "Almería" }, "geometry": { "type": "MultiPoint", "coordinates": [ [ 585267.134899029973894, 4078358.44138744007796 ] ] } },
{ "type": "Feature", "properties": { "municipio": "Minas de Riotinto", "provincia": "Huelva" }, "geometry": { "type": "MultiPoint", "coordinates": [ [ 184170.842988699994748, 4180226.136514409910887 ] ] } },
{ "type": "Feature", "properties": { "municipio": "Montizón", "provincia": "Jaén" }, "geometry": { "type": "MultiPoint", "coordinates": [ [ 488870.197074659983627, 4242415.463203029707074 ] ] } },
{ "type": "Feature", "properties": { "municipio": "Aracena", "provincia": "Huelva" }, "geometry": { "type": "MultiPoint", "coordinates": [ [ 187113.573948439996457, 4199445.790053229779005 ] ] } },
{ "type": "Feature", "properties": { "municipio": "Guadix", "provincia": "Granada" }, "geometry": { "type": "MultiPoint", "coordinates": [ [ 487172.96181989001343, 4127964.805138649884611 ] ] } },
{ "type": "Feature", "properties": { "municipio": "Mairena del Aljarafe", "provincia": "Sevilla" }, "geometry": { "type": "MultiPoint", "coordinates": [ [ 229852.873051259986823, 4137990.980231299996376 ] ] } },
{ "type": "Feature", "properties": { "municipio": "Pegalajar", "provincia": "Jaén" }, "geometry": { "type": "MultiPoint", "coordinates": [ [ 443143.451815880020149, 4176984.132859869860113 ] ] } },
{ "type": "Feature", "properties": { "municipio": "Otívar", "provincia": "Granada" }, "geometry": { "type": "MultiPoint", "coordinates": [ [ 439398.220107369998004, 4074454.375540509819984 ] ] } },
{ "type": "Feature", "properties": { "municipio": "Almería", "provincia": "Almería" }, "geometry": { "type": "MultiPoint", "coordinates": [ [ 552653.464106839965098, 4077241.611250440124422 ] ] } },
{ "type": "Feature", "properties": { "municipio": "Pruna", "provincia": "Sevilla" }, "geometry": { "type": "MultiPoint", "coordinates": [ [ 302292.837301229999866, 4094238.434930120129138 ] ] } },
{ "type": "Feature", "properties": { "municipio": "Montizón", "provincia": "Jaén" }, "geometry": { "type": "MultiPoint", "coordinates": [ [ 490985.26334131002659, 4243859.631356170400977 ] ] } },
{ "type": "Feature", "properties": { "municipio": "Los Barrios", "provincia": "Cádiz" }, "geometry": { "type": "MultiPoint", "coordinates": [ [ 275819.634022400015965, 4007082.854075449984521 ] ] } },
{ "type": "Feature", "properties": { "municipio": "Fuente Obejuna", "provincia": "Córdoba" }, "geometry": { "type": "MultiPoint", "coordinates": [ [ 293405.622310810023919, 4224658.673593830317259 ] ] } },
{ "type": "Feature", "properties": { "municipio": "Loja", "provincia": "Granada" }, "geometry": { "type": "MultiPoint", "coordinates": [ [ 397568.342864500009455, 4114465.400738569907844 ] ] } },
{ "type": "Feature", "properties": { "municipio": "Cardeña", "provincia": "Córdoba" }, "geometry": { "type": "MultiPoint", "coordinates": [ [ 383984.921282840019558, 4242932.575423570349813 ] ] } },
{ "type": "Feature", "properties": { "municipio": "Jerez de la Frontera", "provincia": "Cádiz" }, "geometry": { "type": "MultiPoint", "coordinates": [ [ 229098.137074310012395, 4067647.970616349950433 ] ] } },
{ "type": "Feature", "properties": { "municipio": "Sevilla", "provincia": "Sevilla" }, "geometry": { "type": "MultiPoint", "coordinates": [ [ 237095.130759129999205, 4140070.526177369989455 ] ] } },
{ "type": "Feature", "properties": { "municipio": "Córdoba", "provincia": "Córdoba" }, "geometry": { "type": "MultiPoint", "coordinates": [ [ 333152.85713413998019, 4199409.16777778044343 ] ] } },
{ "type": "Feature", "properties": { "municipio": "Cañete la Real", "provincia": "Málaga" }, "geometry": { "type": "MultiPoint", "coordinates": [ [ 319910.651838589983527, 4091275.871805559843779 ] ] } },
{ "type": "Feature", "properties": { "municipio": "Fuente Obejuna", "provincia": "Córdoba" }, "geometry": { "type": "MultiPoint", "coordinates": [ [ 296153.072559629974421, 4243437.352969709783792 ] ] } },
{ "type": "Feature", "properties": { "municipio": "Archidona", "provincia": "Málaga" }, "geometry": { "type": "MultiPoint", "coordinates": [ [ 376274.93939999997383, 4106008.387500000186265 ] ] } },
{ "type": "Feature", "properties": { "municipio": "La Peza", "provincia": "Granada" }, "geometry": { "type": "MultiPoint", "coordinates": [ [ 474784.215963490016293, 4125665.048751940019429 ] ] } },
{ "type": "Feature", "properties": { "municipio": "Jimena", "provincia": "Jaén" }, "geometry": { "type": "MultiPoint", "coordinates": [ [ 458060.580165039980784, 4188355.259649970103055 ] ] } },
{ "type": "Feature", "properties": { "municipio": "La Granada de Río-Tinto", "provincia": "Huelva" }, "geometry": { "type": "MultiPoint", "coordinates": [ [ 190812.663838540000143, 4185907.119651180226356 ] ] } },
{ "type": "Feature", "properties": { "municipio": "Las Cabezas de San Juan", "provincia": "Sevilla" }, "geometry": { "type": "MultiPoint", "coordinates": [ [ 233131.257418439985486, 4098983.785867100115865 ] ] } },
{ "type": "Feature", "properties": { "municipio": "Níjar", "provincia": "Almería" }, "geometry": { "type": "MultiPoint", "coordinates": [ [ 569120.140518820029683, 4074786.891746600158513 ] ] } },
{ "type": "Feature", "properties": { "municipio": "Cabra del Santo Cristo", "provincia": "Jaén" }, "geometry": { "type": "MultiPoint", "coordinates": [ [ 474675.8958, 4173175.197999999858439 ] ] } },
{ "type": "Feature", "properties": { "municipio": "Villaharta", "provincia": "Córdoba" }, "geometry": { "type": "MultiPoint", "coordinates": [ [ 333389.097051649994683, 4222924.320169920101762 ] ] } },
{ "type": "Feature", "properties": { "municipio": "Hinojales", "provincia": "Huelva" }, "geometry": { "type": "MultiPoint", "coordinates": [ [ 184670.594495169993024, 4212843.630778639577329 ] ] } },
{ "type": "Feature", "properties": { "municipio": "Herrera", "provincia": "Sevilla" }, "geometry": { "type": "MultiPoint", "coordinates": [ [ 336425.439391950028948, 4136577.995916829910129 ] ] } },
{ "type": "Feature", "properties": { "municipio": "Badolatosa", "provincia": "Sevilla" }, "geometry": { "type": "MultiPoint", "coordinates": [ [ 350138.237067729991395, 4126244.088913990184665 ] ] } },
{ "type": "Feature", "properties": { "municipio": "Cádiz", "provincia": "Cádiz" }, "geometry": { "type": "MultiPoint", "coordinates": [ [ 206421.997602349991212, 4045902.376999959815294 ] ] } },
{ "type": "Feature", "properties": { "municipio": "Pizarra", "provincia": "Málaga" }, "geometry": { "type": "MultiPoint", "coordinates": [ [ 346250.54190001997631, 4067890.770700000226498 ] ] } },
{ "type": "Feature", "properties": { "municipio": "Roquetas de Mar", "provincia": "Almería" }, "geometry": { "type": "MultiPoint", "coordinates": [ [ 538466.118000000016764, 4074506.338099999818951 ] ] } },
{ "type": "Feature", "properties": { "municipio": "Roquetas de Mar", "provincia": "Almería" }, "geometry": { "type": "MultiPoint", "coordinates": [ [ 531436.888799999956973, 4068053.5693 ] ] } },
{ "type": "Feature", "properties": { "municipio": "Sanlúcar de Barrameda", "provincia": "Cádiz" }, "geometry": { "type": "MultiPoint", "coordinates": [ [ 202448.100389519997407, 4077706.246309420093894 ] ] } },
{ "type": "Feature", "properties": { "municipio": "Dólar", "provincia": "Granada" }, "geometry": { "type": "MultiPoint", "coordinates": [ [ 500700.983485130011104, 4114641.875713670160621 ] ] } },
{ "type": "Feature", "properties": { "municipio": "Málaga", "provincia": "Málaga" }, "geometry": { "type": "MultiPoint", "coordinates": [ [ 371240.078400010010228, 4063518.171699999831617 ] ] } },
{ "type": "Feature", "properties": { "municipio": "Almogía", "provincia": "Málaga" }, "geometry": { "type": "MultiPoint", "coordinates": [ [ 362620.154700010025408, 4076762.74280000012368 ] ] } },
{ "type": "Feature", "properties": { "municipio": "Zalamea la Real", "provincia": "Huelva" }, "geometry": { "type": "MultiPoint", "coordinates": [ [ 183824.321994819998508, 4170027.078691910021007 ] ] } },
{ "type": "Feature", "properties": { "municipio": "Santa Cruz del Comercio", "provincia": "Granada" }, "geometry": { "type": "MultiPoint", "coordinates": [ [ 413128.488973830011673, 4102074.338456919882447 ] ] } },
{ "type": "Feature", "properties": { "municipio": "El Cuervo de Sevilla", "provincia": "Sevilla" }, "geometry": { "type": "MultiPoint", "coordinates": [ [ 228969.379096279997611, 4082942.987242639996111 ] ] } },
{ "type": "Feature", "properties": { "municipio": "Macharaviaya", "provincia": "Málaga" }, "geometry": { "type": "MultiPoint", "coordinates": [ [ 391750.543500000028871, 4069191.812 ] ] } },
{ "type": "Feature", "properties": { "municipio": "Algarinejo", "provincia": "Granada" }, "geometry": { "type": "MultiPoint", "coordinates": [ [ 391021.670463869988453, 4125619.267165530007333 ] ] } },
{ "type": "Feature", "properties": { "municipio": "Fonelas", "provincia": "Granada" }, "geometry": { "type": "MultiPoint", "coordinates": [ [ 484563.300116289989091, 4140730.828372760210186 ] ] } },
{ "type": "Feature", "properties": { "municipio": "Alfacar", "provincia": "Granada" }, "geometry": { "type": "MultiPoint", "coordinates": [ [ 450205.854838690022007, 4121392.288031289819628 ] ] } },
{ "type": "Feature", "properties": { "municipio": "Benalmádena", "provincia": "Málaga" }, "geometry": { "type": "MultiPoint", "coordinates": [ [ 359086.364000450004824, 4051003.269856640137732 ] ] } },
{ "type": "Feature", "properties": { "municipio": "Diezma", "provincia": "Granada" }, "geometry": { "type": "MultiPoint", "coordinates": [ [ 467845.848221130028833, 4133156.329661909956485 ] ] } },
{ "type": "Feature", "properties": { "municipio": "Píñar", "provincia": "Granada" }, "geometry": { "type": "MultiPoint", "coordinates": [ [ 467024.546972040028777, 4140371.180954379960895 ] ] } },
{ "type": "Feature", "properties": { "municipio": "Torredonjimeno", "provincia": "Jaén" }, "geometry": { "type": "MultiPoint", "coordinates": [ [ 415927.374170959985349, 4179671.907332620117813 ] ] } },
{ "type": "Feature", "properties": { "municipio": "Torre-Cardela", "provincia": "Granada" }, "geometry": { "type": "MultiPoint", "coordinates": [ [ 468543.444034580024891, 4150823.944583990145475 ] ] } },
{ "type": "Feature", "properties": { "municipio": "Comares", "provincia": "Málaga" }, "geometry": { "type": "MultiPoint", "coordinates": [ [ 388629.923200000019278, 4078849.112199789844453 ] ] } },
{ "type": "Feature", "properties": { "municipio": "Cala", "provincia": "Huelva" }, "geometry": { "type": "MultiPoint", "coordinates": [ [ 208685.01442, 4207837.788911749608815 ] ] } },
{ "type": "Feature", "properties": { "municipio": "Íllora", "provincia": "Granada" }, "geometry": { "type": "MultiPoint", "coordinates": [ [ 424997.119132380001247, 4121563.509090569801629 ] ] } },
{ "type": "Feature", "properties": { "municipio": "Benizalón", "provincia": "Almería" }, "geometry": { "type": "MultiPoint", "coordinates": [ [ 567840.642314870026894, 4113823.137538290116936 ] ] } },
{ "type": "Feature", "properties": { "municipio": "Minas de Riotinto", "provincia": "Huelva" }, "geometry": { "type": "MultiPoint", "coordinates": [ [ 182907.530329930013977, 4177839.435191209893674 ] ] } },
{ "type": "Feature", "properties": { "municipio": "Jaén", "provincia": "Jaén" }, "geometry": { "type": "MultiPoint", "coordinates": [ [ 430746.722925669979304, 4181881.592973010148853 ] ] } },
{ "type": "Feature", "properties": { "municipio": "Linares", "provincia": "Jaén" }, "geometry": { "type": "MultiPoint", "coordinates": [ [ 444970.1178625599714, 4215750.484299859963357 ] ] } },
{ "type": "Feature", "properties": { "municipio": "Puente de Génave", "provincia": "Jaén" }, "geometry": { "type": "MultiPoint", "coordinates": [ [ 517695.222287470009178, 4241845.341594270430505 ] ] } },
{ "type": "Feature", "properties": { "municipio": "Espeluy", "provincia": "Jaén" }, "geometry": { "type": "MultiPoint", "coordinates": [ [ 424274.738619379990268, 4209732.483616660349071 ] ] } },
{ "type": "Feature", "properties": { "municipio": "Benizalón", "provincia": "Almería" }, "geometry": { "type": "MultiPoint", "coordinates": [ [ 567164.219400019966997, 4118634.977119099814445 ] ] } },
{ "type": "Feature", "properties": { "municipio": "Huércal de Almería", "provincia": "Almería" }, "geometry": { "type": "MultiPoint", "coordinates": [ [ 550360.081168549950235, 4082041.809338639955968 ] ] } },
{ "type": "Feature", "properties": { "municipio": "Sevilla", "provincia": "Sevilla" }, "geometry": { "type": "MultiPoint", "coordinates": [ [ 240954.199001, 4146553.090999979991466 ] ] } },
{ "type": "Feature", "properties": { "municipio": "Jerez de la Frontera", "provincia": "Cádiz" }, "geometry": { "type": "MultiPoint", "coordinates": [ [ 216749.278832229989348, 4076153.801458320114762 ] ] } },
{ "type": "Feature", "properties": { "municipio": "Viator", "provincia": "Almería" }, "geometry": { "type": "MultiPoint", "coordinates": [ [ 551002.773503959993832, 4082773.307376880198717 ] ] } },
{ "type": "Feature", "properties": { "municipio": "La Rambla", "provincia": "Córdoba" }, "geometry": { "type": "MultiPoint", "coordinates": [ [ 346619.252847959985957, 4163970.566658429801464 ] ] } },
{ "type": "Feature", "properties": { "municipio": "Villaluenga del Rosario", "provincia": "Cádiz" }, "geometry": { "type": "MultiPoint", "coordinates": [ [ 286735.47703496000031, 4063857.921971379779279 ] ] } },
{ "type": "Feature", "properties": { "municipio": "Gérgal", "provincia": "Almería" }, "geometry": { "type": "MultiPoint", "coordinates": [ [ 533148.046477340045385, 4112709.998880019877106 ] ] } },
{ "type": "Feature", "properties": { "municipio": "Aldeire", "provincia": "Granada" }, "geometry": { "type": "MultiPoint", "coordinates": [ [ 493487.235424790007528, 4112779.168241059873253 ] ] } },
{ "type": "Feature", "properties": { "municipio": "Almería", "provincia": "Almería" }, "geometry": { "type": "MultiPoint", "coordinates": [ [ 548759.326977550052106, 4076353.010977299883962 ] ] } },
{ "type": "Feature", "properties": { "municipio": "Vélez-Málaga", "provincia": "Málaga" }, "geometry": { "type": "MultiPoint", "coordinates": [ [ 402312.341612769989297, 4067083.465650329831988 ] ] } },
{ "type": "Feature", "properties": { "municipio": "Castilléjar", "provincia": "Granada" }, "geometry": { "type": "MultiPoint", "coordinates": [ [ 530286.340671680052765, 4173025.375917389988899 ] ] } },
{ "type": "Feature", "properties": { "municipio": "Teba", "provincia": "Málaga" }, "geometry": { "type": "MultiPoint", "coordinates": [ [ 329093.024400049995165, 4094879.8205 ] ] } },
{ "type": "Feature", "properties": { "municipio": "Cazorla", "provincia": "Jaén" }, "geometry": { "type": "MultiPoint", "coordinates": [ [ 486148.122423810011242, 4202664.996944810263813 ] ] } },
{ "type": "Feature", "properties": { "municipio": "Almócita", "provincia": "Almería" }, "geometry": { "type": "MultiPoint", "coordinates": [ [ 518666.6236114599742, 4095102.851523589808494 ] ] } },
{ "type": "Feature", "properties": { "municipio": "Arenas", "provincia": "Málaga" }, "geometry": { "type": "MultiPoint", "coordinates": [ [ 406839.757600000011735, 4074898.191699800081551 ] ] } },
{ "type": "Feature", "properties": { "municipio": "Níjar", "provincia": "Almería" }, "geometry": { "type": "MultiPoint", "coordinates": [ [ 586515.678301629959606, 4081201.59761293977499 ] ] } },
{ "type": "Feature", "properties": { "municipio": "Rus", "provincia": "Jaén" }, "geometry": { "type": "MultiPoint", "coordinates": [ [ 459710.04170477000298, 4210863.06270952988416 ] ] } },
{ "type": "Feature", "properties": { "municipio": "Higuera de Calatrava", "provincia": "Jaén" }, "geometry": { "type": "MultiPoint", "coordinates": [ [ 397990.488497360027395, 4184133.808725949842483 ] ] } },
{ "type": "Feature", "properties": { "municipio": "Alcolea", "provincia": "Almería" }, "geometry": { "type": "MultiPoint", "coordinates": [ [ 503362.199845629977062, 4091596.147803890053183 ] ] } },
{ "type": "Feature", "properties": { "municipio": "Rota", "provincia": "Cádiz" }, "geometry": { "type": "MultiPoint", "coordinates": [ [ 199326.676202789996751, 4058208.869299939833581 ] ] } },
{ "type": "Feature", "properties": { "municipio": "Algeciras", "provincia": "Cádiz" }, "geometry": { "type": "MultiPoint", "coordinates": [ [ 279596.766594199987594, 4000228.786757200025022 ] ] } },
{ "type": "Feature", "properties": { "municipio": "Huércal-Overa", "provincia": "Almería" }, "geometry": { "type": "MultiPoint", "coordinates": [ [ 589563.999277850030921, 4134342.9335902701132 ] ] } },
{ "type": "Feature", "properties": { "municipio": "Pizarra", "provincia": "Málaga" }, "geometry": { "type": "MultiPoint", "coordinates": [ [ 344283.794699980004225, 4070456.018099640030414 ] ] } },
{ "type": "Feature", "properties": { "municipio": "Segura de la Sierra", "provincia": "Jaén" }, "geometry": { "type": "MultiPoint", "coordinates": [ [ 527376.023999999975786, 4233763.605899999849498 ] ] } },
{ "type": "Feature", "properties": { "municipio": "Campillos", "provincia": "Málaga" }, "geometry": { "type": "MultiPoint", "coordinates": [ [ 334207.028299970028456, 4101299.343099549878389 ] ] } },
{ "type": "Feature", "properties": { "municipio": "Moclín", "provincia": "Granada" }, "geometry": { "type": "MultiPoint", "coordinates": [ [ 430235.591499999980442, 4130617.846 ] ] } },
{ "type": "Feature", "properties": { "municipio": "Alameda", "provincia": "Málaga" }, "geometry": { "type": "MultiPoint", "coordinates": [ [ 353356.62030001997482, 4119262.328799999784678 ] ] } },
{ "type": "Feature", "properties": { "municipio": "Villanueva del Rey", "provincia": "Córdoba" }, "geometry": { "type": "MultiPoint", "coordinates": [ [ 311516.33795444999123, 4230081.52774577960372 ] ] } },
{ "type": "Feature", "properties": { "municipio": "Níjar", "provincia": "Almería" }, "geometry": { "type": "MultiPoint", "coordinates": [ [ 579159.004009139956906, 4068474.132210049778223 ] ] } },
{ "type": "Feature", "properties": { "municipio": "Villanueva del Rosario", "provincia": "Málaga" }, "geometry": { "type": "MultiPoint", "coordinates": [ [ 378290.26508914999431, 4095572.52961495006457 ] ] } },
{ "type": "Feature", "properties": { "municipio": "Priego de Córdoba", "provincia": "Córdoba" }, "geometry": { "type": "MultiPoint", "coordinates": [ [ 392513.095577570027672, 4151112.978160509839654 ] ] } },
{ "type": "Feature", "properties": { "municipio": "Santa Cruz del Comercio", "provincia": "Granada" }, "geometry": { "type": "MultiPoint", "coordinates": [ [ 412468.127407799998764, 4104297.469460819847882 ] ] } },
{ "type": "Feature", "properties": { "municipio": "Málaga", "provincia": "Málaga" }, "geometry": { "type": "MultiPoint", "coordinates": [ [ 369936.137800009979401, 4062059.604900000151247 ] ] } },
{ "type": "Feature", "properties": { "municipio": "Granada", "provincia": "Granada" }, "geometry": { "type": "MultiPoint", "coordinates": [ [ 445980.991199999989476, 4118086.949700000230223 ] ] } },
{ "type": "Feature", "properties": { "municipio": "Cabezas Rubias", "provincia": "Huelva" }, "geometry": { "type": "MultiPoint", "coordinates": [ [ 139622.157580210012384, 4183319.316115039866418 ] ] } },
{ "type": "Feature", "properties": { "municipio": "Atarfe", "provincia": "Granada" }, "geometry": { "type": "MultiPoint", "coordinates": [ [ 435879.508874339982867, 4120529.819384819827974 ] ] } },
{ "type": "Feature", "properties": { "municipio": "Aguadulce", "provincia": "Sevilla" }, "geometry": { "type": "MultiPoint", "coordinates": [ [ 323373.671018179971725, 4124728.064754600171 ] ] } },
{ "type": "Feature", "properties": { "municipio": "Priego de Córdoba", "provincia": "Córdoba" }, "geometry": { "type": "MultiPoint", "coordinates": [ [ 397278.726050810015295, 4151903.293695299886167 ] ] } },
{ "type": "Feature", "properties": { "municipio": "San Nicolás del Puerto", "provincia": "Sevilla" }, "geometry": { "type": "MultiPoint", "coordinates": [ [ 267054.582866740005556, 4208427.261721449904144 ] ] } },
{ "type": "Feature", "properties": { "municipio": "Cañaveral de León", "provincia": "Huelva" }, "geometry": { "type": "MultiPoint", "coordinates": [ [ 190373.735207799996715, 4213282.75732864998281 ] ] } },
{ "type": "Feature", "properties": { "municipio": "Setenil de las Bodegas", "provincia": "Cádiz" }, "geometry": { "type": "MultiPoint", "coordinates": [ [ 305960.955181860015728, 4081686.968157350085676 ] ] } },
{ "type": "Feature", "properties": { "municipio": "Pedro Martínez", "provincia": "Granada" }, "geometry": { "type": "MultiPoint", "coordinates": [ [ 479522.69388145999983, 4150210.602699909824878 ] ] } },
{ "type": "Feature", "properties": { "municipio": "Ardales", "provincia": "Málaga" }, "geometry": { "type": "MultiPoint", "coordinates": [ [ 335419.020000040007289, 4082919.8191 ] ] } },
{ "type": "Feature", "properties": { "municipio": "Níjar", "provincia": "Almería" }, "geometry": { "type": "MultiPoint", "coordinates": [ [ 570538.242900160024874, 4091160.013983129989356 ] ] } },
{ "type": "Feature", "properties": { "municipio": "El Ejido", "provincia": "Almería" }, "geometry": { "type": "MultiPoint", "coordinates": [ [ 515844.082566099998076, 4069825.777724389918149 ] ] } },
{ "type": "Feature", "properties": { "municipio": "Tarifa", "provincia": "Cádiz" }, "geometry": { "type": "MultiPoint", "coordinates": [ [ 251271.785488519992214, 3996670.182176880072802 ] ] } },
{ "type": "Feature", "properties": { "municipio": "Granada", "provincia": "Granada" }, "geometry": { "type": "MultiPoint", "coordinates": [ [ 445950.4914, 4118151.079899999778718 ] ] } },
{ "type": "Feature", "properties": { "municipio": "Marbella", "provincia": "Málaga" }, "geometry": { "type": "MultiPoint", "coordinates": [ [ 323114.312023509992287, 4041348.052504959981889 ] ] } },
{ "type": "Feature", "properties": { "municipio": "Arenas del Rey", "provincia": "Granada" }, "geometry": { "type": "MultiPoint", "coordinates": [ [ 420691.411212150007486, 4094978.710100369993597 ] ] } },
{ "type": "Feature", "properties": { "municipio": "Campillo de Arenas", "provincia": "Jaén" }, "geometry": { "type": "MultiPoint", "coordinates": [ [ 443648.706798680010252, 4156376.214992200024426 ] ] } },
{ "type": "Feature", "properties": { "municipio": "Pampaneira", "provincia": "Granada" }, "geometry": { "type": "MultiPoint", "coordinates": [ [ 467818.696598590002395, 4088290.916978020220995 ] ] } },
{ "type": "Feature", "properties": { "municipio": "San Fernando", "provincia": "Cádiz" }, "geometry": { "type": "MultiPoint", "coordinates": [ [ 213307.208401990006678, 4039915.956399959977716 ] ] } },
{ "type": "Feature", "properties": { "municipio": "Sierra de Yeguas", "provincia": "Málaga" }, "geometry": { "type": "MultiPoint", "coordinates": [ [ 336425.043600040022284, 4113721.2286 ] ] } },
{ "type": "Feature", "properties": { "municipio": "Santiago-Pontones", "provincia": "Jaén" }, "geometry": { "type": "MultiPoint", "coordinates": [ [ 528868.6102, 4219011.3152 ] ] } },
{ "type": "Feature", "properties": { "municipio": "Jimena de la Frontera", "provincia": "Cádiz" }, "geometry": { "type": "MultiPoint", "coordinates": [ [ 280699.845275059982669, 4034575.176529760006815 ] ] } },
{ "type": "Feature", "properties": { "municipio": "Lubrín", "provincia": "Almería" }, "geometry": { "type": "MultiPoint", "coordinates": [ [ 582328.864876099978574, 4115002.443729150108993 ] ] } },
{ "type": "Feature", "properties": { "municipio": "Marchena", "provincia": "Sevilla" }, "geometry": { "type": "MultiPoint", "coordinates": [ [ 285478.330000000016298, 4134582.98700000019744 ] ] } },
{ "type": "Feature", "properties": { "municipio": "Santo Tomé", "provincia": "Jaén" }, "geometry": { "type": "MultiPoint", "coordinates": [ [ 491196.744948679988738, 4208917.245681249536574 ] ] } },
{ "type": "Feature", "properties": { "municipio": "Cortes de la Frontera", "provincia": "Málaga" }, "geometry": { "type": "MultiPoint", "coordinates": [ [ 290812.861000220000278, 4055454.111 ] ] } },
{ "type": "Feature", "properties": { "municipio": "Antequera", "provincia": "Málaga" }, "geometry": { "type": "MultiPoint", "coordinates": [ [ 346414.437400020018686, 4100202.5444 ] ] } },
{ "type": "Feature", "properties": { "municipio": "Cájar", "provincia": "Granada" }, "geometry": { "type": "MultiPoint", "coordinates": [ [ 449457.947543589980341, 4109019.867129109799862 ] ] } },
{ "type": "Feature", "properties": { "municipio": "Huévar del Aljarafe", "provincia": "Sevilla" }, "geometry": { "type": "MultiPoint", "coordinates": [ [ 209543.163080169993918, 4139377.684892099816352 ] ] } },
{ "type": "Feature", "properties": { "municipio": "Valencina de la Concepción", "provincia": "Sevilla" }, "geometry": { "type": "MultiPoint", "coordinates": [ [ 227649.569048130011652, 4145578.966866290196776 ] ] } },
{ "type": "Feature", "properties": { "municipio": "Moraleda de Zafayona", "provincia": "Granada" }, "geometry": { "type": "MultiPoint", "coordinates": [ [ 415064.055, 4115980.048 ] ] } },
{ "type": "Feature", "properties": { "municipio": "Segura de la Sierra", "provincia": "Jaén" }, "geometry": { "type": "MultiPoint", "coordinates": [ [ 525150.2722, 4237332.9682 ] ] } },
{ "type": "Feature", "properties": { "municipio": "Málaga", "provincia": "Málaga" }, "geometry": { "type": "MultiPoint", "coordinates": [ [ 369063.897974150022492, 4065053.956077259965241 ] ] } },
{ "type": "Feature", "properties": { "municipio": "Conquista", "provincia": "Córdoba" }, "geometry": { "type": "MultiPoint", "coordinates": [ [ 368979.548400219995528, 4252077.485229049809277 ] ] } },
{ "type": "Feature", "properties": { "municipio": "Zújar", "provincia": "Granada" }, "geometry": { "type": "MultiPoint", "coordinates": [ [ 513985.206481929984875, 4154977.31509651010856 ] ] } },
{ "type": "Feature", "properties": { "municipio": "Almería", "provincia": "Almería" }, "geometry": { "type": "MultiPoint", "coordinates": [ [ 549252.460012490046211, 4077263.016089839860797 ] ] } },
{ "type": "Feature", "properties": { "municipio": "Cuevas de San Marcos", "provincia": "Málaga" }, "geometry": { "type": "MultiPoint", "coordinates": [ [ 374590.87210000999039, 4125397.339499999769032 ] ] } },
{ "type": "Feature", "properties": { "municipio": "Zagra", "provincia": "Granada" }, "geometry": { "type": "MultiPoint", "coordinates": [ [ 396358.751257309981156, 4123734.728351519908756 ] ] } },
{ "type": "Feature", "properties": { "municipio": "Granada", "provincia": "Granada" }, "geometry": { "type": "MultiPoint", "coordinates": [ [ 446724.414999999979045, 4112902.706799999810755 ] ] } },
{ "type": "Feature", "properties": { "municipio": "Játar", "provincia": "Granada" }, "geometry": { "type": "MultiPoint", "coordinates": [ [ 418769.479345020023175, 4088120.395461219828576 ] ] } },
{ "type": "Feature", "properties": { "municipio": "Albolote", "provincia": "Granada" }, "geometry": { "type": "MultiPoint", "coordinates": [ [ 442076.063193299982231, 4120262.042751030065119 ] ] } },
{ "type": "Feature", "properties": { "municipio": "Cárcheles", "provincia": "Jaén" }, "geometry": { "type": "MultiPoint", "coordinates": [ [ 443849.696189159993082, 4167589.948276179842651 ] ] } },
{ "type": "Feature", "properties": { "municipio": "Los Gallardos", "provincia": "Almería" }, "geometry": { "type": "MultiPoint", "coordinates": [ [ 591747.470087429974228, 4110811.198443289846182 ] ] } },
{ "type": "Feature", "properties": { "municipio": "Cádiz", "provincia": "Cádiz" }, "geometry": { "type": "MultiPoint", "coordinates": [ [ 204050.519909099995857, 4048178.94972281018272 ] ] } },
{ "type": "Feature", "properties": { "municipio": "El Ejido", "provincia": "Almería" }, "geometry": { "type": "MultiPoint", "coordinates": [ [ 510115.658576779998839, 4065146.766941079869866 ] ] } },
{ "type": "Feature", "properties": { "municipio": "Dehesas de Guadix", "provincia": "Granada" }, "geometry": { "type": "MultiPoint", "coordinates": [ [ 490933.696200110018253, 4160319.69247377011925 ] ] } },
{ "type": "Feature", "properties": { "municipio": "Níjar", "provincia": "Almería" }, "geometry": { "type": "MultiPoint", "coordinates": [ [ 594909.17228369996883, 4088691.144156199879944 ] ] } },
{ "type": "Feature", "properties": { "municipio": "Antequera", "provincia": "Málaga" }, "geometry": { "type": "MultiPoint", "coordinates": [ [ 361210.838447659974918, 4098927.057909720111638 ] ] } },
{ "type": "Feature", "properties": { "municipio": "Fondón", "provincia": "Almería" }, "geometry": { "type": "MultiPoint", "coordinates": [ [ 511024.7535922100069, 4093232.651220289990306 ] ] } },
{ "type": "Feature", "properties": { "municipio": "Benalúa de las Villas", "provincia": "Granada" }, "geometry": { "type": "MultiPoint", "coordinates": [ [ 439584.987531149992719, 4142550.205825420096517 ] ] } },
{ "type": "Feature", "properties": { "municipio": "Fiñana", "provincia": "Almería" }, "geometry": { "type": "MultiPoint", "coordinates": [ [ 514234.112303910020273, 4113585.836315639782697 ] ] } },
{ "type": "Feature", "properties": { "municipio": "Granada", "provincia": "Granada" }, "geometry": { "type": "MultiPoint", "coordinates": [ [ 446299.065899999986868, 4113685.0581 ] ] } },
{ "type": "Feature", "properties": { "municipio": "Doña Mencía", "provincia": "Córdoba" }, "geometry": { "type": "MultiPoint", "coordinates": [ [ 380109.559709070017561, 4156970.758864069823176 ] ] } },
{ "type": "Feature", "properties": { "municipio": "Almonte", "provincia": "Huelva" }, "geometry": { "type": "MultiPoint", "coordinates": [ [ 187455.910541840014048, 4129448.761169199831784 ] ] } },
{ "type": "Feature", "properties": { "municipio": "Carboneras", "provincia": "Almería" }, "geometry": { "type": "MultiPoint", "coordinates": [ [ 598076.941668080049567, 4095242.465077990200371 ] ] } },
{ "type": "Feature", "properties": { "municipio": "Isla Cristina", "provincia": "Huelva" }, "geometry": { "type": "MultiPoint", "coordinates": [ [ 121025.417861769994488, 4127855.170957630034536 ] ] } },
{ "type": "Feature", "properties": { "municipio": "Santiago-Pontones", "provincia": "Jaén" }, "geometry": { "type": "MultiPoint", "coordinates": [ [ 543981.4118, 4226892.069299999624491 ] ] } },
{ "type": "Feature", "properties": { "municipio": "Prado del Rey", "provincia": "Cádiz" }, "geometry": { "type": "MultiPoint", "coordinates": [ [ 272018.531339370005298, 4074712.904760539997369 ] ] } },
{ "type": "Feature", "properties": { "municipio": "El Puerto de Santa María", "provincia": "Cádiz" }, "geometry": { "type": "MultiPoint", "coordinates": [ [ 212277.726799530006247, 4056481.367493299767375 ] ] } },
{ "type": "Feature", "properties": { "municipio": "Santaella", "provincia": "Córdoba" }, "geometry": { "type": "MultiPoint", "coordinates": [ [ 337111.272799430007581, 4158992.20259997015819 ] ] } },
{ "type": "Feature", "properties": { "municipio": "Íllora", "provincia": "Granada" }, "geometry": { "type": "MultiPoint", "coordinates": [ [ 416187.021247359982226, 4120642.641035399865359 ] ] } },
{ "type": "Feature", "properties": { "municipio": "Velefique", "provincia": "Almería" }, "geometry": { "type": "MultiPoint", "coordinates": [ [ 552802.142654860042967, 4116359.805935559794307 ] ] } },
{ "type": "Feature", "properties": { "municipio": "Segura de la Sierra", "provincia": "Jaén" }, "geometry": { "type": "MultiPoint", "coordinates": [ [ 528339.68460000003688, 4237834.17949999962002 ] ] } },
{ "type": "Feature", "properties": { "municipio": "Santa Bárbara de Casa", "provincia": "Huelva" }, "geometry": { "type": "MultiPoint", "coordinates": [ [ 131141.905985060002422, 4191519.829650819767267 ] ] } },
{ "type": "Feature", "properties": { "municipio": "Pechina", "provincia": "Almería" }, "geometry": { "type": "MultiPoint", "coordinates": [ [ 549818.919918930041604, 4085649.115694500040263 ] ] } },
{ "type": "Feature", "properties": { "municipio": "Las Gabias", "provincia": "Granada" }, "geometry": { "type": "MultiPoint", "coordinates": [ [ 440752.523514520027675, 4109932.139012319967151 ] ] } },
{ "type": "Feature", "properties": { "municipio": "Algodonales", "provincia": "Cádiz" }, "geometry": { "type": "MultiPoint", "coordinates": [ [ 285860.253743689972907, 4084298.854395749978721 ] ] } },
{ "type": "Feature", "properties": { "municipio": "Vícar", "provincia": "Almería" }, "geometry": { "type": "MultiPoint", "coordinates": [ [ 534488.235491910018027, 4072191.421748360153288 ] ] } },
{ "type": "Feature", "properties": { "municipio": "Villacarrillo", "provincia": "Jaén" }, "geometry": { "type": "MultiPoint", "coordinates": [ [ 497236.700296039984096, 4214206.902207899838686 ] ] } },
{ "type": "Feature", "properties": { "municipio": "Punta Umbría", "provincia": "Huelva" }, "geometry": { "type": "MultiPoint", "coordinates": [ [ 140316.774054420005996, 4126441.484171339776367 ] ] } },
{ "type": "Feature", "properties": { "municipio": "Montellano", "provincia": "Sevilla" }, "geometry": { "type": "MultiPoint", "coordinates": [ [ 271231.609864729980472, 4097074.70730001013726 ] ] } },
{ "type": "Feature", "properties": { "municipio": "Archidona", "provincia": "Málaga" }, "geometry": { "type": "MultiPoint", "coordinates": [ [ 371839.578123849991243, 4104598.635498030111194 ] ] } },
{ "type": "Feature", "properties": { "municipio": "Baeza", "provincia": "Jaén" }, "geometry": { "type": "MultiPoint", "coordinates": [ [ 459618.4925, 4205454.715699999593198 ] ] } },
{ "type": "Feature", "properties": { "municipio": "Alcaudete", "provincia": "Jaén" }, "geometry": { "type": "MultiPoint", "coordinates": [ [ 397577.819499999983236, 4168455.648200000170618 ] ] } },
{ "type": "Feature", "properties": { "municipio": "Sevilla", "provincia": "Sevilla" }, "geometry": { "type": "MultiPoint", "coordinates": [ [ 235492.055001150001772, 4143155.108999980147928 ] ] } },
{ "type": "Feature", "properties": { "municipio": "Huétor de Santillán", "provincia": "Granada" }, "geometry": { "type": "MultiPoint", "coordinates": [ [ 454111.202093450003304, 4119064.815292399842292 ] ] } },
{ "type": "Feature", "properties": { "municipio": "Torrox", "provincia": "Málaga" }, "geometry": { "type": "MultiPoint", "coordinates": [ [ 415114.07640000001993, 4068448.7568 ] ] } },
{ "type": "Feature", "properties": { "municipio": "Cazorla", "provincia": "Jaén" }, "geometry": { "type": "MultiPoint", "coordinates": [ [ 498705.519855100021232, 4196462.564874869771302 ] ] } },
{ "type": "Feature", "properties": { "municipio": "Espera", "provincia": "Cádiz" }, "geometry": { "type": "MultiPoint", "coordinates": [ [ 249822.136526399990544, 4084147.185447589959949 ] ] } },
{ "type": "Feature", "properties": { "municipio": "Nerva", "provincia": "Huelva" }, "geometry": { "type": "MultiPoint", "coordinates": [ [ 187756.554103739996208, 4177600.218799899797887 ] ] } },
{ "type": "Feature", "properties": { "municipio": "Aznalcázar", "provincia": "Sevilla" }, "geometry": { "type": "MultiPoint", "coordinates": [ [ 212185.526287649990991, 4133458.719243910163641 ] ] } },
{ "type": "Feature", "properties": { "municipio": "Granada", "provincia": "Granada" }, "geometry": { "type": "MultiPoint", "coordinates": [ [ 446411.316999999980908, 4113753.8975 ] ] } },
{ "type": "Feature", "properties": { "municipio": "Lecrín", "provincia": "Granada" }, "geometry": { "type": "MultiPoint", "coordinates": [ [ 450441.752127790008672, 4089279.707586510106921 ] ] } },
{ "type": "Feature", "properties": { "municipio": "Montecorto", "provincia": "Málaga" }, "geometry": { "type": "MultiPoint", "coordinates": [ [ 295230.470671740011312, 4076599.96229904005304 ] ] } },
{ "type": "Feature", "properties": { "municipio": "Paymogo", "provincia": "Huelva" }, "geometry": { "type": "MultiPoint", "coordinates": [ [ 117036.432208350001019, 4185747.500966189894825 ] ] } },
{ "type": "Feature", "properties": { "municipio": "Morón de la Frontera", "provincia": "Sevilla" }, "geometry": { "type": "MultiPoint", "coordinates": [ [ 282750.814144150004722, 4111626.65229518013075 ] ] } },
{ "type": "Feature", "properties": { "municipio": "Coripe", "provincia": "Sevilla" }, "geometry": { "type": "MultiPoint", "coordinates": [ [ 282776.407522959983908, 4094717.19642422022298 ] ] } },
{ "type": "Feature", "properties": { "municipio": "Arroyo del Ojanco", "provincia": "Jaén" }, "geometry": { "type": "MultiPoint", "coordinates": [ [ 508813.363717629981693, 4241336.472739299759269 ] ] } },
{ "type": "Feature", "properties": { "municipio": "Guillena", "provincia": "Sevilla" }, "geometry": { "type": "MultiPoint", "coordinates": [ [ 230064.660720470012166, 4159305.201911429874599 ] ] } },
{ "type": "Feature", "properties": { "municipio": "La Zarza-Perrunal", "provincia": "Huelva" }, "geometry": { "type": "MultiPoint", "coordinates": [ [ 158775.139991059986642, 4180666.387612840160728 ] ] } },
{ "type": "Feature", "properties": { "municipio": "Santiago-Pontones", "provincia": "Jaén" }, "geometry": { "type": "MultiPoint", "coordinates": [ [ 535649.1178, 4215045.233199999667704 ] ] } },
{ "type": "Feature", "properties": { "municipio": "Alcóntar", "provincia": "Almería" }, "geometry": { "type": "MultiPoint", "coordinates": [ [ 536038.330337499966845, 4138871.067323079798371 ] ] } },
{ "type": "Feature", "properties": { "municipio": "Sevilla", "provincia": "Sevilla" }, "geometry": { "type": "MultiPoint", "coordinates": [ [ 237413.012301100010518, 4139536.971399980131537 ] ] } },
{ "type": "Feature", "properties": { "municipio": "Benamocarra", "provincia": "Málaga" }, "geometry": { "type": "MultiPoint", "coordinates": [ [ 396544.340005850011948, 4072359.26882835989818 ] ] } },
{ "type": "Feature", "properties": { "municipio": "Las Tres Villas", "provincia": "Almería" }, "geometry": { "type": "MultiPoint", "coordinates": [ [ 525562.002614359953441, 4109944.654059099964797 ] ] } },
{ "type": "Feature", "properties": { "municipio": "Campotéjar", "provincia": "Granada" }, "geometry": { "type": "MultiPoint", "coordinates": [ [ 445582.490150159981567, 4148622.642655290197581 ] ] } },
{ "type": "Feature", "properties": { "municipio": "Jaén", "provincia": "Jaén" }, "geometry": { "type": "MultiPoint", "coordinates": [ [ 431188.816108329978306, 4181860.526235640048981 ] ] } },
{ "type": "Feature", "properties": { "municipio": "Torvizcón", "provincia": "Granada" }, "geometry": { "type": "MultiPoint", "coordinates": [ [ 473369.623496150015853, 4081363.292791619896889 ] ] } },
{ "type": "Feature", "properties": { "municipio": "Felix", "provincia": "Almería" }, "geometry": { "type": "MultiPoint", "coordinates": [ [ 530570.611519280006178, 4080293.309319769963622 ] ] } },
{ "type": "Feature", "properties": { "municipio": "Ayamonte", "provincia": "Huelva" }, "geometry": { "type": "MultiPoint", "coordinates": [ [ 117100.977053189999424, 4128600.466459029819816 ] ] } },
{ "type": "Feature", "properties": { "municipio": "Algatocín", "provincia": "Málaga" }, "geometry": { "type": "MultiPoint", "coordinates": [ [ 296298.372300180024467, 4049959.206900000106543 ] ] } },
{ "type": "Feature", "properties": { "municipio": "Bornos", "provincia": "Cádiz" }, "geometry": { "type": "MultiPoint", "coordinates": [ [ 255103.489878960011993, 4078204.048033149912953 ] ] } },
{ "type": "Feature", "properties": { "municipio": "Jaén", "provincia": "Jaén" }, "geometry": { "type": "MultiPoint", "coordinates": [ [ 429767.426346120017115, 4180818.019504770170897 ] ] } },
{ "type": "Feature", "properties": { "municipio": "Palomares del Río", "provincia": "Sevilla" }, "geometry": { "type": "MultiPoint", "coordinates": [ [ 228632.312325979990419, 4134619.660114699974656 ] ] } },
{ "type": "Feature", "properties": { "municipio": "Barbate", "provincia": "Cádiz" }, "geometry": { "type": "MultiPoint", "coordinates": [ [ 236858.666204779990949, 4008901.771453300025314 ] ] } },
{ "type": "Feature", "properties": { "municipio": "Pozo Alcón", "provincia": "Jaén" }, "geometry": { "type": "MultiPoint", "coordinates": [ [ 505970.471441050001886, 4172811.512604290153831 ] ] } },
{ "type": "Feature", "properties": { "municipio": "Alcalá la Real", "provincia": "Jaén" }, "geometry": { "type": "MultiPoint", "coordinates": [ [ 418757.644309260009322, 4146000.074384780135006 ] ] } },
{ "type": "Feature", "properties": { "municipio": "Fuente Palmera", "provincia": "Córdoba" }, "geometry": { "type": "MultiPoint", "coordinates": [ [ 318237.594226800021715, 4167498.73816240997985 ] ] } },
{ "type": "Feature", "properties": { "municipio": "El Pinar", "provincia": "Granada" }, "geometry": { "type": "MultiPoint", "coordinates": [ [ 454373.681826089974493, 4083306.700071750208735 ] ] } },
{ "type": "Feature", "properties": { "municipio": "Alcalá del Río", "provincia": "Sevilla" }, "geometry": { "type": "MultiPoint", "coordinates": [ [ 236482.032540079992032, 4156546.68313767015934 ] ] } },
{ "type": "Feature", "properties": { "municipio": "Gilena", "provincia": "Sevilla" }, "geometry": { "type": "MultiPoint", "coordinates": [ [ 330275.891435479978099, 4124646.291418769862503 ] ] } },
{ "type": "Feature", "properties": { "municipio": "Dalías", "provincia": "Almería" }, "geometry": { "type": "MultiPoint", "coordinates": [ [ 511537.129837159998715, 4075099.922601889818907 ] ] } },
{ "type": "Feature", "properties": { "municipio": "Quesada", "provincia": "Jaén" }, "geometry": { "type": "MultiPoint", "coordinates": [ [ 497146.337300000013784, 4179148.6061 ] ] } },
{ "type": "Feature", "properties": { "municipio": "Manzanilla", "provincia": "Huelva" }, "geometry": { "type": "MultiPoint", "coordinates": [ [ 195620.098022599995602, 4143555.122038209810853 ] ] } },
{ "type": "Feature", "properties": { "municipio": "Albuñol", "provincia": "Granada" }, "geometry": { "type": "MultiPoint", "coordinates": [ [ 483313.482519800018054, 4069631.94184644985944 ] ] } },
{ "type": "Feature", "properties": { "municipio": "Albox", "provincia": "Almería" }, "geometry": { "type": "MultiPoint", "coordinates": [ [ 575905.490372639964335, 4138666.453878710046411 ] ] } },
{ "type": "Feature", "properties": { "municipio": "Jerez de la Frontera", "provincia": "Cádiz" }, "geometry": { "type": "MultiPoint", "coordinates": [ [ 221836.942956929997308, 4063204.517972560133785 ] ] } },
{ "type": "Feature", "properties": { "municipio": "Cañete de las Torres", "provincia": "Córdoba" }, "geometry": { "type": "MultiPoint", "coordinates": [ [ 383882.34399994998239, 4191391.519600229803473 ] ] } },
{ "type": "Feature", "properties": { "municipio": "Júzcar", "provincia": "Málaga" }, "geometry": { "type": "MultiPoint", "coordinates": [ [ 305892.946000129973982, 4055487.171500000171363 ] ] } },
{ "type": "Feature", "properties": { "municipio": "Valdepeñas de Jaén", "provincia": "Jaén" }, "geometry": { "type": "MultiPoint", "coordinates": [ [ 427795.826398360019084, 4160803.663816430140287 ] ] } },
{ "type": "Feature", "properties": { "municipio": "Ventas de Huelma", "provincia": "Granada" }, "geometry": { "type": "MultiPoint", "coordinates": [ [ 428013.418246040004306, 4104343.780081289820373 ] ] } },
{ "type": "Feature", "properties": { "municipio": "El Bosque", "provincia": "Cádiz" }, "geometry": { "type": "MultiPoint", "coordinates": [ [ 276268.506047950009815, 4070955.571515900082886 ] ] } },
{ "type": "Feature", "properties": { "municipio": "Jerez de la Frontera", "provincia": "Cádiz" }, "geometry": { "type": "MultiPoint", "coordinates": [ [ 220246.971248170011677, 4063838.562275390140712 ] ] } },
{ "type": "Feature", "properties": { "municipio": "El Coronil", "provincia": "Sevilla" }, "geometry": { "type": "MultiPoint", "coordinates": [ [ 265939.006515969987959, 4106831.108257969841361 ] ] } },
{ "type": "Feature", "properties": { "municipio": "La Nava", "provincia": "Huelva" }, "geometry": { "type": "MultiPoint", "coordinates": [ [ 171013.305734819994541, 4208355.008073340170085 ] ] } },
{ "type": "Feature", "properties": { "municipio": "Iznájar", "provincia": "Córdoba" }, "geometry": { "type": "MultiPoint", "coordinates": [ [ 388965.997228999971412, 4130858.803179310169071 ] ] } },
{ "type": "Feature", "properties": { "municipio": "Ventas de Huelma", "provincia": "Granada" }, "geometry": { "type": "MultiPoint", "coordinates": [ [ 427007.958699360024184, 4102606.236511 ] ] } },
{ "type": "Feature", "properties": { "municipio": "Viñuela", "provincia": "Málaga" }, "geometry": { "type": "MultiPoint", "coordinates": [ [ 393293.543, 4081047.907000000122935 ] ] } },
{ "type": "Feature", "properties": { "municipio": "Mairena del Aljarafe", "provincia": "Sevilla" }, "geometry": { "type": "MultiPoint", "coordinates": [ [ 229094.730783589999191, 4137425.139710390008986 ] ] } },
{ "type": "Feature", "properties": { "municipio": "Baza", "provincia": "Granada" }, "geometry": { "type": "MultiPoint", "coordinates": [ [ 519373.386296130018309, 4148595.255548609886318 ] ] } },
{ "type": "Feature", "properties": { "municipio": "Canena", "provincia": "Jaén" }, "geometry": { "type": "MultiPoint", "coordinates": [ [ 457608.774269120011013, 4211248.359840339981019 ] ] } },
{ "type": "Feature", "properties": { "municipio": "San Nicolás del Puerto", "provincia": "Sevilla" }, "geometry": { "type": "MultiPoint", "coordinates": [ [ 269671.088018469978124, 4204451.844345539808273 ] ] } },
{ "type": "Feature", "properties": { "municipio": "Tíjola", "provincia": "Almería" }, "geometry": { "type": "MultiPoint", "coordinates": [ [ 549691.792916779988445, 4133421.741095010191202 ] ] } },
{ "type": "Feature", "properties": { "municipio": "Casarabonela", "provincia": "Málaga" }, "geometry": { "type": "MultiPoint", "coordinates": [ [ 335560.996200039982796, 4072789.279800000134856 ] ] } },
{ "type": "Feature", "properties": { "municipio": "La Peza", "provincia": "Granada" }, "geometry": { "type": "MultiPoint", "coordinates": [ [ 470579.193103910016362, 4133619.298540450166911 ] ] } },
{ "type": "Feature", "properties": { "municipio": "Lújar", "provincia": "Granada" }, "geometry": { "type": "MultiPoint", "coordinates": [ [ 466527.588251220004167, 4068694.552979869768023 ] ] } },
{ "type": "Feature", "properties": { "municipio": "Úbeda", "provincia": "Jaén" }, "geometry": { "type": "MultiPoint", "coordinates": [ [ 467124.247419409977738, 4207387.686318979598582 ] ] } },
{ "type": "Feature", "properties": { "municipio": "Grazalema", "provincia": "Cádiz" }, "geometry": { "type": "MultiPoint", "coordinates": [ [ 279805.822430089989211, 4071617.184590349905193 ] ] } },
{ "type": "Feature", "properties": { "municipio": "Mijas", "provincia": "Málaga" }, "geometry": { "type": "MultiPoint", "coordinates": [ [ 349349.945877820020542, 4041647.929591659922153 ] ] } },
{ "type": "Feature", "properties": { "municipio": "Belalcázar", "provincia": "Córdoba" }, "geometry": { "type": "MultiPoint", "coordinates": [ [ 311115.626515529991593, 4271790.924367420375347 ] ] } },
{ "type": "Feature", "properties": { "municipio": "Valdelarco", "provincia": "Huelva" }, "geometry": { "type": "MultiPoint", "coordinates": [ [ 176317.112120479985606, 4206725.967544839717448 ] ] } },
{ "type": "Feature", "properties": { "municipio": "Málaga", "provincia": "Málaga" }, "geometry": { "type": "MultiPoint", "coordinates": [ [ 367732.85750000999542, 4066815.777900000102818 ] ] } },
{ "type": "Feature", "properties": { "municipio": "Huelva", "provincia": "Huelva" }, "geometry": { "type": "MultiPoint", "coordinates": [ [ 149103.836381300003268, 4131550.274777419865131 ] ] } },
{ "type": "Feature", "properties": { "municipio": "Granada", "provincia": "Granada" }, "geometry": { "type": "MultiPoint", "coordinates": [ [ 444381.108701679972, 4117578.029238619841635 ] ] } },
{ "type": "Feature", "properties": { "municipio": "Albanchez", "provincia": "Almería" }, "geometry": { "type": "MultiPoint", "coordinates": [ [ 572473.042359780054539, 4126943.284628480207175 ] ] } },
{ "type": "Feature", "properties": { "municipio": "Badolatosa", "provincia": "Sevilla" }, "geometry": { "type": "MultiPoint", "coordinates": [ [ 351788.76738908002153, 4130131.452649239916354 ] ] } },
{ "type": "Feature", "properties": { "municipio": "Dehesas Viejas", "provincia": "Granada" }, "geometry": { "type": "MultiPoint", "coordinates": [ [ 451215.934109000023454, 4147460.032297589816153 ] ] } },
{ "type": "Feature", "properties": { "municipio": "Málaga", "provincia": "Málaga" }, "geometry": { "type": "MultiPoint", "coordinates": [ [ 359905.582300010020845, 4066387.638900000136346 ] ] } },
{ "type": "Feature", "properties": { "municipio": "Vejer de la Frontera", "provincia": "Cádiz" }, "geometry": { "type": "MultiPoint", "coordinates": [ [ 223967.775086770008784, 4014111.214485879987478 ] ] } },
{ "type": "Feature", "properties": { "municipio": "Málaga", "provincia": "Málaga" }, "geometry": { "type": "MultiPoint", "coordinates": [ [ 372784.991700010024942, 4065946.740000000223517 ] ] } },
{ "type": "Feature", "properties": { "municipio": "Hinojosa del Duque", "provincia": "Córdoba" }, "geometry": { "type": "MultiPoint", "coordinates": [ [ 313225.498940219986252, 4262895.958151229657233 ] ] } },
{ "type": "Feature", "properties": { "municipio": "El Guijo", "provincia": "Córdoba" }, "geometry": { "type": "MultiPoint", "coordinates": [ [ 344685.945755070017185, 4262400.054862559773028 ] ] } },
{ "type": "Feature", "properties": { "municipio": "Antequera", "provincia": "Málaga" }, "geometry": { "type": "MultiPoint", "coordinates": [ [ 365679.149600010016002, 4108129.1242 ] ] } },
{ "type": "Feature", "properties": { "municipio": "Dos Hermanas", "provincia": "Sevilla" }, "geometry": { "type": "MultiPoint", "coordinates": [ [ 241273.229263299988816, 4131038.158565369900316 ] ] } },
{ "type": "Feature", "properties": { "municipio": "San Juan de Aznalfarache", "provincia": "Sevilla" }, "geometry": { "type": "MultiPoint", "coordinates": [ [ 231364.169601289991988, 4139058.727699980139732 ] ] } },
{ "type": "Feature", "properties": { "municipio": "La Línea de la Concepción", "provincia": "Cádiz" }, "geometry": { "type": "MultiPoint", "coordinates": [ [ 289789.729100220021792, 4006360.822199999820441 ] ] } },
{ "type": "Feature", "properties": { "municipio": "El Burgo", "provincia": "Málaga" }, "geometry": { "type": "MultiPoint", "coordinates": [ [ 325742.111600060015917, 4073593.427500000223517 ] ] } },
{ "type": "Feature", "properties": { "municipio": "Camas", "provincia": "Sevilla" }, "geometry": { "type": "MultiPoint", "coordinates": [ [ 231581.1466, 4142088.5269 ] ] } },
{ "type": "Feature", "properties": { "municipio": "Almería", "provincia": "Almería" }, "geometry": { "type": "MultiPoint", "coordinates": [ [ 550131.513792279991321, 4077805.608188659884036 ] ] } },
{ "type": "Feature", "properties": { "municipio": "Paterna del Campo", "provincia": "Huelva" }, "geometry": { "type": "MultiPoint", "coordinates": [ [ 198759.226900650013704, 4146708.653834930155426 ] ] } },
{ "type": "Feature", "properties": { "municipio": "Alhama de Granada", "provincia": "Granada" }, "geometry": { "type": "MultiPoint", "coordinates": [ [ 412209.338008810009342, 4107105.280608870089054 ] ] } },
{ "type": "Feature", "properties": { "municipio": "Lubrín", "provincia": "Almería" }, "geometry": { "type": "MultiPoint", "coordinates": [ [ 584366.605349760036916, 4124490.22408057982102 ] ] } },
{ "type": "Feature", "properties": { "municipio": "Alboloduy", "provincia": "Almería" }, "geometry": { "type": "MultiPoint", "coordinates": [ [ 533733.707800099975429, 4098598.580055229831487 ] ] } },
{ "type": "Feature", "properties": { "municipio": "Algeciras", "provincia": "Cádiz" }, "geometry": { "type": "MultiPoint", "coordinates": [ [ 274993.729936429997906, 3995820.679598989896476 ] ] } },
{ "type": "Feature", "properties": { "municipio": "Trigueros", "provincia": "Huelva" }, "geometry": { "type": "MultiPoint", "coordinates": [ [ 160709.710451160004595, 4144300.065003050025553 ] ] } },
{ "type": "Feature", "properties": { "municipio": "Benitagla", "provincia": "Almería" }, "geometry": { "type": "MultiPoint", "coordinates": [ [ 567520.256337090046145, 4120772.252202960196882 ] ] } },
{ "type": "Feature", "properties": { "municipio": "Fuengirola", "provincia": "Málaga" }, "geometry": { "type": "MultiPoint", "coordinates": [ [ 354224.436337220016867, 4044229.50463780015707 ] ] } },
{ "type": "Feature", "properties": { "municipio": "Fuente Obejuna", "provincia": "Córdoba" }, "geometry": { "type": "MultiPoint", "coordinates": [ [ 284023.198448029987048, 4228199.755787909962237 ] ] } },
{ "type": "Feature", "properties": { "municipio": "Alcaucín", "provincia": "Málaga" }, "geometry": { "type": "MultiPoint", "coordinates": [ [ 400791.873399999982212, 4084521.9079 ] ] } },
{ "type": "Feature", "properties": { "municipio": "Córdoba", "provincia": "Córdoba" }, "geometry": { "type": "MultiPoint", "coordinates": [ [ 340338.560900030017365, 4194024.9833 ] ] } },
{ "type": "Feature", "properties": { "municipio": "Mojácar", "provincia": "Almería" }, "geometry": { "type": "MultiPoint", "coordinates": [ [ 601894.293701180024073, 4110980.773293669801205 ] ] } },
{ "type": "Feature", "properties": { "municipio": "Zalamea la Real", "provincia": "Huelva" }, "geometry": { "type": "MultiPoint", "coordinates": [ [ 178461.759240070008673, 4171819.078243440017104 ] ] } },
{ "type": "Feature", "properties": { "municipio": "Fuente Palmera", "provincia": "Córdoba" }, "geometry": { "type": "MultiPoint", "coordinates": [ [ 314353.280798699997831, 4175236.892938400153071 ] ] } },
{ "type": "Feature", "properties": { "municipio": "Cártama", "provincia": "Málaga" }, "geometry": { "type": "MultiPoint", "coordinates": [ [ 354696.298900020017754, 4064303.2204 ] ] } },
{ "type": "Feature", "properties": { "municipio": "Ronda", "provincia": "Málaga" }, "geometry": { "type": "MultiPoint", "coordinates": [ [ 307183.130899370007683, 4068793.387999389786273 ] ] } },
{ "type": "Feature", "properties": { "municipio": "Obejo", "provincia": "Córdoba" }, "geometry": { "type": "MultiPoint", "coordinates": [ [ 342365.995099779975135, 4221861.233000240288675 ] ] } },
{ "type": "Feature", "properties": { "municipio": "Olula del Río", "provincia": "Almería" }, "geometry": { "type": "MultiPoint", "coordinates": [ [ 561866.413310389965773, 4134935.100749080069363 ] ] } },
{ "type": "Feature", "properties": { "municipio": "Cartaya", "provincia": "Huelva" }, "geometry": { "type": "MultiPoint", "coordinates": [ [ 133817.848183589987457, 4127100.514860029798001 ] ] } },
{ "type": "Feature", "properties": { "municipio": "Iznatoraf", "provincia": "Jaén" }, "geometry": { "type": "MultiPoint", "coordinates": [ [ 497048.148238810012117, 4223299.437038780190051 ] ] } },
{ "type": "Feature", "properties": { "municipio": "Ferreira", "provincia": "Granada" }, "geometry": { "type": "MultiPoint", "coordinates": [ [ 496834.153298810007982, 4114090.778904149774462 ] ] } },
{ "type": "Feature", "properties": { "municipio": "Granada", "provincia": "Granada" }, "geometry": { "type": "MultiPoint", "coordinates": [ [ 446655.60720000002766, 4115173.1965 ] ] } },
{ "type": "Feature", "properties": { "municipio": "Espiel", "provincia": "Córdoba" }, "geometry": { "type": "MultiPoint", "coordinates": [ [ 322793.782699019997381, 4228522.096627079881728 ] ] } },
{ "type": "Feature", "properties": { "municipio": "Bacares", "provincia": "Almería" }, "geometry": { "type": "MultiPoint", "coordinates": [ [ 548445.331317989970557, 4124016.29505639988929 ] ] } },
{ "type": "Feature", "properties": { "municipio": "Sorbas", "provincia": "Almería" }, "geometry": { "type": "MultiPoint", "coordinates": [ [ 586977.042477270006202, 4101663.326009760145098 ] ] } },
{ "type": "Feature", "properties": { "municipio": "Jerez de la Frontera", "provincia": "Cádiz" }, "geometry": { "type": "MultiPoint", "coordinates": [ [ 221658.306301620003069, 4064349.599899969995022 ] ] } },
{ "type": "Feature", "properties": { "municipio": "Bedmar y Garcíez", "provincia": "Jaén" }, "geometry": { "type": "MultiPoint", "coordinates": [ [ 463621.040269189979881, 4186081.97445137007162 ] ] } },
{ "type": "Feature", "properties": { "municipio": "Lobras", "provincia": "Granada" }, "geometry": { "type": "MultiPoint", "coordinates": [ [ 481221.408632930018939, 4088712.978846259880811 ] ] } },
{ "type": "Feature", "properties": { "municipio": "Los Palacios y Villafranca", "provincia": "Sevilla" }, "geometry": { "type": "MultiPoint", "coordinates": [ [ 234922.920342350000283, 4115769.974054200109094 ] ] } },
{ "type": "Feature", "properties": { "municipio": "Sabiote", "provincia": "Jaén" }, "geometry": { "type": "MultiPoint", "coordinates": [ [ 472578.605721, 4213511.809439060278237 ] ] } },
{ "type": "Feature", "properties": { "municipio": "Cádiar", "provincia": "Granada" }, "geometry": { "type": "MultiPoint", "coordinates": [ [ 487859.541401929978747, 4090172.687255640048534 ] ] } },
{ "type": "Feature", "properties": { "municipio": "Roquetas de Mar", "provincia": "Almería" }, "geometry": { "type": "MultiPoint", "coordinates": [ [ 537065.634700000053272, 4073379.6628 ] ] } },
{ "type": "Feature", "properties": { "municipio": "Colmenar", "provincia": "Málaga" }, "geometry": { "type": "MultiPoint", "coordinates": [ [ 380915.367000000027474, 4085293.488299999851733 ] ] } },
{ "type": "Feature", "properties": { "municipio": "Víznar", "provincia": "Granada" }, "geometry": { "type": "MultiPoint", "coordinates": [ [ 450867.47205441002734, 4120667.936255239881575 ] ] } },
{ "type": "Feature", "properties": { "municipio": "El Ejido", "provincia": "Almería" }, "geometry": { "type": "MultiPoint", "coordinates": [ [ 514400.628089800011367, 4064158.588865160010755 ] ] } },
{ "type": "Feature", "properties": { "municipio": "Almería", "provincia": "Almería" }, "geometry": { "type": "MultiPoint", "coordinates": [ [ 561155.046886630007066, 4078528.347598370164633 ] ] } },
{ "type": "Feature", "properties": { "municipio": "Córdoba", "provincia": "Córdoba" }, "geometry": { "type": "MultiPoint", "coordinates": [ [ 356263.315421189996414, 4177563.024068930186331 ] ] } },
{ "type": "Feature", "properties": { "municipio": "Carmona", "provincia": "Sevilla" }, "geometry": { "type": "MultiPoint", "coordinates": [ [ 265838.106800490000751, 4149666.698599989991635 ] ] } },
{ "type": "Feature", "properties": { "municipio": "Fuensanta de Martos", "provincia": "Jaén" }, "geometry": { "type": "MultiPoint", "coordinates": [ [ 420205.278065090009477, 4167141.68314319010824 ] ] } },
{ "type": "Feature", "properties": { "municipio": "Jaén", "provincia": "Jaén" }, "geometry": { "type": "MultiPoint", "coordinates": [ [ 429641.77837139001349, 4181367.59446911001578 ] ] } },
{ "type": "Feature", "properties": { "municipio": "Algarrobo", "provincia": "Málaga" }, "geometry": { "type": "MultiPoint", "coordinates": [ [ 407162.4203, 4069993.619499810039997 ] ] } },
{ "type": "Feature", "properties": { "municipio": "Coria del Río", "provincia": "Sevilla" }, "geometry": { "type": "MultiPoint", "coordinates": [ [ 229665.565245230012806, 4130802.23295415006578 ] ] } },
{ "type": "Feature", "properties": { "municipio": "Quéntar", "provincia": "Granada" }, "geometry": { "type": "MultiPoint", "coordinates": [ [ 458587.256017729989253, 4116287.025898019783199 ] ] } },
{ "type": "Feature", "properties": { "municipio": "Dúdar", "provincia": "Granada" }, "geometry": { "type": "MultiPoint", "coordinates": [ [ 457110.909011269977782, 4115641.438908169977367 ] ] } },
{ "type": "Feature", "properties": { "municipio": "San Roque", "provincia": "Cádiz" }, "geometry": { "type": "MultiPoint", "coordinates": [ [ 285826.931002260011155, 4010229.768345800228417 ] ] } },
{ "type": "Feature", "properties": { "municipio": "Purullena", "provincia": "Granada" }, "geometry": { "type": "MultiPoint", "coordinates": [ [ 484046.882223239983432, 4132453.286483029834926 ] ] } },
{ "type": "Feature", "properties": { "municipio": "Benahadux", "provincia": "Almería" }, "geometry": { "type": "MultiPoint", "coordinates": [ [ 548079.485607640002854, 4087407.543281349819154 ] ] } },
{ "type": "Feature", "properties": { "municipio": "Pedrera", "provincia": "Sevilla" }, "geometry": { "type": "MultiPoint", "coordinates": [ [ 331623.157447330013383, 4121881.344463789835572 ] ] } },
{ "type": "Feature", "properties": { "municipio": "Puerto Serrano", "provincia": "Cádiz" }, "geometry": { "type": "MultiPoint", "coordinates": [ [ 273780.094464050023817, 4089134.763125330209732 ] ] } },
{ "type": "Feature", "properties": { "municipio": "Baza", "provincia": "Granada" }, "geometry": { "type": "MultiPoint", "coordinates": [ [ 506178.163318649982102, 4142361.112483160104603 ] ] } },
{ "type": "Feature", "properties": { "municipio": "Ubrique", "provincia": "Cádiz" }, "geometry": { "type": "MultiPoint", "coordinates": [ [ 281413.022564009996131, 4061629.598036500159651 ] ] } },
{ "type": "Feature", "properties": { "municipio": "Motril", "provincia": "Granada" }, "geometry": { "type": "MultiPoint", "coordinates": [ [ 453726.384379320021253, 4067901.268827059771866 ] ] } },
{ "type": "Feature", "properties": { "municipio": "Albuñol", "provincia": "Granada" }, "geometry": { "type": "MultiPoint", "coordinates": [ [ 484807.569272649998311, 4067078.063236339949071 ] ] } },
{ "type": "Feature", "properties": { "municipio": "Níjar", "provincia": "Almería" }, "geometry": { "type": "MultiPoint", "coordinates": [ [ 584556.236866150051355, 4074658.130214300006628 ] ] } },
{ "type": "Feature", "properties": { "municipio": "Oria", "provincia": "Almería" }, "geometry": { "type": "MultiPoint", "coordinates": [ [ 569123.096799970022403, 4147075.423409259878099 ] ] } },
{ "type": "Feature", "properties": { "municipio": "Huéneja", "provincia": "Granada" }, "geometry": { "type": "MultiPoint", "coordinates": [ [ 509079.631799999973737, 4115908.6042 ] ] } },
{ "type": "Feature", "properties": { "municipio": "Cortegana", "provincia": "Huelva" }, "geometry": { "type": "MultiPoint", "coordinates": [ [ 150558.150173350004479, 4190569.961303459946066 ] ] } },
{ "type": "Feature", "properties": { "municipio": "Mollina", "provincia": "Málaga" }, "geometry": { "type": "MultiPoint", "coordinates": [ [ 352740.773100020014681, 4109363.0584 ] ] } },
{ "type": "Feature", "properties": { "municipio": "Carboneras", "provincia": "Almería" }, "geometry": { "type": "MultiPoint", "coordinates": [ [ 590893.374326179968193, 4095233.729522950015962 ] ] } },
{ "type": "Feature", "properties": { "municipio": "Cumbres de Enmedio", "provincia": "Huelva" }, "geometry": { "type": "MultiPoint", "coordinates": [ [ 176115.558258959994419, 4220292.743983129970729 ] ] } },
{ "type": "Feature", "properties": { "municipio": "Medina Sidonia", "provincia": "Cádiz" }, "geometry": { "type": "MultiPoint", "coordinates": [ [ 242496.260700929997256, 4027543.807799989823252 ] ] } },
{ "type": "Feature", "properties": { "municipio": "Nerja", "provincia": "Málaga" }, "geometry": { "type": "MultiPoint", "coordinates": [ [ 421907.753000000026077, 4068107.05849999981001 ] ] } },
{ "type": "Feature", "properties": { "municipio": "Cúllar", "provincia": "Granada" }, "geometry": { "type": "MultiPoint", "coordinates": [ [ 537456.70901504997164, 4159757.717304049991071 ] ] } },
{ "type": "Feature", "properties": { "municipio": "La Granjuela", "provincia": "Córdoba" }, "geometry": { "type": "MultiPoint", "coordinates": [ [ 294642.160970540018752, 4249626.230959339998662 ] ] } },
{ "type": "Feature", "properties": { "municipio": "Somontín", "provincia": "Almería" }, "geometry": { "type": "MultiPoint", "coordinates": [ [ 554133.458361550001428, 4138472.01996401976794 ] ] } },
{ "type": "Feature", "properties": { "municipio": "Deifontes", "provincia": "Granada" }, "geometry": { "type": "MultiPoint", "coordinates": [ [ 447368.950717579980846, 4131216.256325080059469 ] ] } },
{ "type": "Feature", "properties": { "municipio": "Gorafe", "provincia": "Granada" }, "geometry": { "type": "MultiPoint", "coordinates": [ [ 496330.099495409987867, 4147981.361939670052379 ] ] } },
{ "type": "Feature", "properties": { "municipio": "Linares", "provincia": "Jaén" }, "geometry": { "type": "MultiPoint", "coordinates": [ [ 444202.883891789999325, 4216911.691892130300403 ] ] } },
{ "type": "Feature", "properties": { "municipio": "Montillana", "provincia": "Granada" }, "geometry": { "type": "MultiPoint", "coordinates": [ [ 440619.812323660007678, 4150549.163947590161115 ] ] } },
{ "type": "Feature", "properties": { "municipio": "Colomera", "provincia": "Granada" }, "geometry": { "type": "MultiPoint", "coordinates": [ [ 436891.961047259974293, 4136047.890947139821947 ] ] } },
{ "type": "Feature", "properties": { "municipio": "Arroyomolinos de León", "provincia": "Huelva" }, "geometry": { "type": "MultiPoint", "coordinates": [ [ 199766.918399810005212, 4214029.540866560302675 ] ] } },
{ "type": "Feature", "properties": { "municipio": "Zufre", "provincia": "Huelva" }, "geometry": { "type": "MultiPoint", "coordinates": [ [ 206042.732017319998704, 4192589.223741619847715 ] ] } },
{ "type": "Feature", "properties": { "municipio": "La Roda de Andalucía", "provincia": "Sevilla" }, "geometry": { "type": "MultiPoint", "coordinates": [ [ 342102.877073479990941, 4118824.978315650019795 ] ] } },
{ "type": "Feature", "properties": { "municipio": "Moclín", "provincia": "Granada" }, "geometry": { "type": "MultiPoint", "coordinates": [ [ 430778.517600000021048, 4137628.7379 ] ] } },
{ "type": "Feature", "properties": { "municipio": "Calañas", "provincia": "Huelva" }, "geometry": { "type": "MultiPoint", "coordinates": [ [ 157825.040957640012493, 4174166.608026170171797 ] ] } },
{ "type": "Feature", "properties": { "municipio": "Villarrodrigo", "provincia": "Jaén" }, "geometry": { "type": "MultiPoint", "coordinates": [ [ 534601.5514, 4256802.795699999667704 ] ] } },
{ "type": "Feature", "properties": { "municipio": "Vilches", "provincia": "Jaén" }, "geometry": { "type": "MultiPoint", "coordinates": [ [ 455056.241467330022715, 4229247.379145990125835 ] ] } },
{ "type": "Feature", "properties": { "municipio": "Castro del Río", "provincia": "Córdoba" }, "geometry": { "type": "MultiPoint", "coordinates": [ [ 369486.786884060013108, 4172663.419052840210497 ] ] } },
{ "type": "Feature", "properties": { "municipio": "Marmolejo", "provincia": "Jaén" }, "geometry": { "type": "MultiPoint", "coordinates": [ [ 397109.088420070009306, 4211181.318453210406005 ] ] } },
{ "type": "Feature", "properties": { "municipio": "Castilléjar", "provincia": "Granada" }, "geometry": { "type": "MultiPoint", "coordinates": [ [ 529276.567589199985377, 4171101.420134259853512 ] ] } },
{ "type": "Feature", "properties": { "municipio": "Estepona", "provincia": "Málaga" }, "geometry": { "type": "MultiPoint", "coordinates": [ [ 316080.900923229986802, 4037104.745778880082071 ] ] } },
{ "type": "Feature", "properties": { "municipio": "Peñaflor", "provincia": "Sevilla" }, "geometry": { "type": "MultiPoint", "coordinates": [ [ 293560.103568509977777, 4175989.184704279992729 ] ] } },
{ "type": "Feature", "properties": { "municipio": "Cogollos de Guadix", "provincia": "Granada" }, "geometry": { "type": "MultiPoint", "coordinates": [ [ 486040.024552270013373, 4119872.750876700039953 ] ] } },
{ "type": "Feature", "properties": { "municipio": "Almería", "provincia": "Almería" }, "geometry": { "type": "MultiPoint", "coordinates": [ [ 548515.859599999967031, 4078520.295899999793619 ] ] } },
{ "type": "Feature", "properties": { "municipio": "Los Blázquez", "provincia": "Córdoba" }, "geometry": { "type": "MultiPoint", "coordinates": [ [ 287156.524253499985207, 4253778.895538539625704 ] ] } },
{ "type": "Feature", "properties": { "municipio": "Alcaudete", "provincia": "Jaén" }, "geometry": { "type": "MultiPoint", "coordinates": [ [ 407810.395599999988917, 4153739.264599999878556 ] ] } },
{ "type": "Feature", "properties": { "municipio": "Bedmar y Garcíez", "provincia": "Jaén" }, "geometry": { "type": "MultiPoint", "coordinates": [ [ 459729.76926364999963, 4191943.193827799987048 ] ] } },
{ "type": "Feature", "properties": { "municipio": "Peligros", "provincia": "Granada" }, "geometry": { "type": "MultiPoint", "coordinates": [ [ 444484.692240460019093, 4120611.476087430026382 ] ] } },
{ "type": "Feature", "properties": { "municipio": "Fuente Vaqueros", "provincia": "Granada" }, "geometry": { "type": "MultiPoint", "coordinates": [ [ 430524.458468379976694, 4119597.819866289850324 ] ] } },
{ "type": "Feature", "properties": { "municipio": "Polícar", "provincia": "Granada" }, "geometry": { "type": "MultiPoint", "coordinates": [ [ 479318.7949518400128, 4123458.854162880219519 ] ] } },
{ "type": "Feature", "properties": { "municipio": "Roquetas de Mar", "provincia": "Almería" }, "geometry": { "type": "MultiPoint", "coordinates": [ [ 535646.066800000029616, 4073433.9361 ] ] } },
{ "type": "Feature", "properties": { "municipio": "Gérgal", "provincia": "Almería" }, "geometry": { "type": "MultiPoint", "coordinates": [ [ 540937.570271100034006, 4108295.127723279874772 ] ] } },
{ "type": "Feature", "properties": { "municipio": "Bédar", "provincia": "Almería" }, "geometry": { "type": "MultiPoint", "coordinates": [ [ 590365.457399999955669, 4116409.8879 ] ] } },
{ "type": "Feature", "properties": { "municipio": "Salteras", "provincia": "Sevilla" }, "geometry": { "type": "MultiPoint", "coordinates": [ [ 224724.164515940006822, 4145565.57014768011868 ] ] } },
{ "type": "Feature", "properties": { "municipio": "Sevilla", "provincia": "Sevilla" }, "geometry": { "type": "MultiPoint", "coordinates": [ [ 238542.085001060011564, 4140740.048999980092049 ] ] } },
{ "type": "Feature", "properties": { "municipio": "Tarifa", "provincia": "Cádiz" }, "geometry": { "type": "MultiPoint", "coordinates": [ [ 265592.665209099999629, 3989021.175114479847252 ] ] } },
{ "type": "Feature", "properties": { "municipio": "El Campillo", "provincia": "Huelva" }, "geometry": { "type": "MultiPoint", "coordinates": [ [ 177422.213797970005544, 4178897.601211399771273 ] ] } },
{ "type": "Feature", "properties": { "municipio": "Sanlúcar la Mayor", "provincia": "Sevilla" }, "geometry": { "type": "MultiPoint", "coordinates": [ [ 215887.121362579986453, 4142952.500384360086173 ] ] } },
{ "type": "Feature", "properties": { "municipio": "Córdoba", "provincia": "Córdoba" }, "geometry": { "type": "MultiPoint", "coordinates": [ [ 342261.166606639977545, 4193659.352818840183318 ] ] } },
{ "type": "Feature", "properties": { "municipio": "Níjar", "provincia": "Almería" }, "geometry": { "type": "MultiPoint", "coordinates": [ [ 583117.041271080030128, 4085512.83044078014791 ] ] } },
{ "type": "Feature", "properties": { "municipio": "Alosno", "provincia": "Huelva" }, "geometry": { "type": "MultiPoint", "coordinates": [ [ 136472.935904140002094, 4163763.607869269791991 ] ] } },
{ "type": "Feature", "properties": { "municipio": "Málaga", "provincia": "Málaga" }, "geometry": { "type": "MultiPoint", "coordinates": [ [ 370737.839200009999331, 4065996.0493 ] ] } },
{ "type": "Feature", "properties": { "municipio": "Calicasas", "provincia": "Granada" }, "geometry": { "type": "MultiPoint", "coordinates": [ [ 445170.811016279971227, 4125376.807002330198884 ] ] } },
{ "type": "Feature", "properties": { "municipio": "Villacarrillo", "provincia": "Jaén" }, "geometry": { "type": "MultiPoint", "coordinates": [ [ 493649.635321039997507, 4211725.669796589761972 ] ] } },
{ "type": "Feature", "properties": { "municipio": "Benacazón", "provincia": "Sevilla" }, "geometry": { "type": "MultiPoint", "coordinates": [ [ 216633.39620186999673, 4139229.295799959916621 ] ] } },
{ "type": "Feature", "properties": { "municipio": "Taberno", "provincia": "Almería" }, "geometry": { "type": "MultiPoint", "coordinates": [ [ 581518.582649930031039, 4147415.927698229905218 ] ] } },
{ "type": "Feature", "properties": { "municipio": "Santiponce", "provincia": "Sevilla" }, "geometry": { "type": "MultiPoint", "coordinates": [ [ 230901.162236130010569, 4147169.537295729853213 ] ] } },
{ "type": "Feature", "properties": { "municipio": "Rociana del Condado", "provincia": "Huelva" }, "geometry": { "type": "MultiPoint", "coordinates": [ [ 181026.75188843999058, 4135316.401577920187265 ] ] } },
{ "type": "Feature", "properties": { "municipio": "El Ejido", "provincia": "Almería" }, "geometry": { "type": "MultiPoint", "coordinates": [ [ 514949.977740300004371, 4070674.651567799970508 ] ] } },
{ "type": "Feature", "properties": { "municipio": "Huelva", "provincia": "Huelva" }, "geometry": { "type": "MultiPoint", "coordinates": [ [ 150909.561383099993691, 4133177.209381570108235 ] ] } },
{ "type": "Feature", "properties": { "municipio": "Marbella", "provincia": "Málaga" }, "geometry": { "type": "MultiPoint", "coordinates": [ [ 329962.382354389992543, 4042212.611632029991597 ] ] } },
{ "type": "Feature", "properties": { "municipio": "Chucena", "provincia": "Huelva" }, "geometry": { "type": "MultiPoint", "coordinates": [ [ 199392.533538170013344, 4140416.619998049922287 ] ] } },
{ "type": "Feature", "properties": { "municipio": "La Luisiana", "provincia": "Sevilla" }, "geometry": { "type": "MultiPoint", "coordinates": [ [ 304156.604000139981508, 4157437.178600000217557 ] ] } },
{ "type": "Feature", "properties": { "municipio": "La Taha", "provincia": "Granada" }, "geometry": { "type": "MultiPoint", "coordinates": [ [ 471189.320758709975053, 4086974.281672609969974 ] ] } },
{ "type": "Feature", "properties": { "municipio": "Sevilla", "provincia": "Sevilla" }, "geometry": { "type": "MultiPoint", "coordinates": [ [ 238231.056001070013735, 4141064.973999979905784 ] ] } },
{ "type": "Feature", "properties": { "municipio": "Santiago de Calatrava", "provincia": "Jaén" }, "geometry": { "type": "MultiPoint", "coordinates": [ [ 397195.868149970017839, 4179096.388378920033574 ] ] } },
{ "type": "Feature", "properties": { "municipio": "Almonaster la Real", "provincia": "Huelva" }, "geometry": { "type": "MultiPoint", "coordinates": [ [ 163341.261372189997928, 4199816.262414010241628 ] ] } },
{ "type": "Feature", "properties": { "municipio": "La Línea de la Concepción", "provincia": "Cádiz" }, "geometry": { "type": "MultiPoint", "coordinates": [ [ 288829.799678789975587, 4004937.615965229924768 ] ] } },
{ "type": "Feature", "properties": { "municipio": "Viñuela", "provincia": "Málaga" }, "geometry": { "type": "MultiPoint", "coordinates": [ [ 398167.793, 4080569.9937 ] ] } },
{ "type": "Feature", "properties": { "municipio": "Albox", "provincia": "Almería" }, "geometry": { "type": "MultiPoint", "coordinates": [ [ 573788.644355459953658, 4142532.929447010159492 ] ] } },
{ "type": "Feature", "properties": { "municipio": "Albuñán", "provincia": "Granada" }, "geometry": { "type": "MultiPoint", "coordinates": [ [ 487861.817728660011198, 4120512.456211570184678 ] ] } },
{ "type": "Feature", "properties": { "municipio": "Lecrín", "provincia": "Granada" }, "geometry": { "type": "MultiPoint", "coordinates": [ [ 452113.346903749974445, 4091318.464085650164634 ] ] } },
{ "type": "Feature", "properties": { "municipio": "Noalejo", "provincia": "Jaén" }, "geometry": { "type": "MultiPoint", "coordinates": [ [ 442243.297180670022499, 4153838.107402699999511 ] ] } },
{ "type": "Feature", "properties": { "municipio": "Cabra", "provincia": "Córdoba" }, "geometry": { "type": "MultiPoint", "coordinates": [ [ 362479.885998849989846, 4148106.397195360157639 ] ] } },
{ "type": "Feature", "properties": { "municipio": "Píñar", "provincia": "Granada" }, "geometry": { "type": "MultiPoint", "coordinates": [ [ 461032.422648329986259, 4144061.386470950208604 ] ] } },
{ "type": "Feature", "properties": { "municipio": "Istán", "provincia": "Málaga" }, "geometry": { "type": "MultiPoint", "coordinates": [ [ 325662.201500059978571, 4050429.0905 ] ] } },
{ "type": "Feature", "properties": { "municipio": "Almería", "provincia": "Almería" }, "geometry": { "type": "MultiPoint", "coordinates": [ [ 548914.927140149986371, 4078948.739202649798244 ] ] } },
{ "type": "Feature", "properties": { "municipio": "Adamuz", "provincia": "Córdoba" }, "geometry": { "type": "MultiPoint", "coordinates": [ [ 372127.492480569984764, 4206669.973898789845407 ] ] } },
{ "type": "Feature", "properties": { "municipio": "Benalauría", "provincia": "Málaga" }, "geometry": { "type": "MultiPoint", "coordinates": [ [ 297722.390900170023087, 4052210.948299999814481 ] ] } },
{ "type": "Feature", "properties": { "municipio": "Roquetas de Mar", "provincia": "Almería" }, "geometry": { "type": "MultiPoint", "coordinates": [ [ 534832.895000000018626, 4068569.9964 ] ] } },
{ "type": "Feature", "properties": { "municipio": "Instinción", "provincia": "Almería" }, "geometry": { "type": "MultiPoint", "coordinates": [ [ 530271.955979119986296, 4094171.94447867013514 ] ] } },
{ "type": "Feature", "properties": { "municipio": "Bollullos de la Mitación", "provincia": "Sevilla" }, "geometry": { "type": "MultiPoint", "coordinates": [ [ 222010.859573530004127, 4136692.975905130151659 ] ] } },
{ "type": "Feature", "properties": { "municipio": "Granada", "provincia": "Granada" }, "geometry": { "type": "MultiPoint", "coordinates": [ [ 445661.645399999979418, 4115836.451400000136346 ] ] } },
{ "type": "Feature", "properties": { "municipio": "La Luisiana", "provincia": "Sevilla" }, "geometry": { "type": "MultiPoint", "coordinates": [ [ 301534.976320550020318, 4155688.830924170091748 ] ] } },
{ "type": "Feature", "properties": { "municipio": "Fuerte del Rey", "provincia": "Jaén" }, "geometry": { "type": "MultiPoint", "coordinates": [ [ 422414.126275339978747, 4192128.233734960202128 ] ] } },
{ "type": "Feature", "properties": { "municipio": "Alhama de Almería", "provincia": "Almería" }, "geometry": { "type": "MultiPoint", "coordinates": [ [ 538432.942150659975596, 4090312.697418950032443 ] ] } },
{ "type": "Feature", "properties": { "municipio": "Motril", "provincia": "Granada" }, "geometry": { "type": "MultiPoint", "coordinates": [ [ 454087.894096070027445, 4066838.434197570197284 ] ] } },
{ "type": "Feature", "properties": { "municipio": "Jerez de la Frontera", "provincia": "Cádiz" }, "geometry": { "type": "MultiPoint", "coordinates": [ [ 219496.982201709994115, 4066125.455299970228225 ] ] } },
{ "type": "Feature", "properties": { "municipio": "Ugíjar", "provincia": "Granada" }, "geometry": { "type": "MultiPoint", "coordinates": [ [ 498806.89269, 4091200.431587540078908 ] ] } },
{ "type": "Feature", "properties": { "municipio": "Casares", "provincia": "Málaga" }, "geometry": { "type": "MultiPoint", "coordinates": [ [ 296159.457100179977715, 4035924.672300000209361 ] ] } },
{ "type": "Feature", "properties": { "municipio": "Brenes", "provincia": "Sevilla" }, "geometry": { "type": "MultiPoint", "coordinates": [ [ 246144.0062648000021, 4159988.959793650079519 ] ] } },
{ "type": "Feature", "properties": { "municipio": "Sevilla", "provincia": "Sevilla" }, "geometry": { "type": "MultiPoint", "coordinates": [ [ 237863.389001080009621, 4142737.738999980036169 ] ] } },
{ "type": "Feature", "properties": { "municipio": "Córdoba", "provincia": "Córdoba" }, "geometry": { "type": "MultiPoint", "coordinates": [ [ 345328.561600029992405, 4194524.282200000248849 ] ] } },
{ "type": "Feature", "properties": { "municipio": "Cuevas del Campo", "provincia": "Granada" }, "geometry": { "type": "MultiPoint", "coordinates": [ [ 506216.629980140016414, 4162223.170863070059568 ] ] } },
{ "type": "Feature", "properties": { "municipio": "Roquetas de Mar", "provincia": "Almería" }, "geometry": { "type": "MultiPoint", "coordinates": [ [ 533000.748799999943003, 4065264.666799999773502 ] ] } },
{ "type": "Feature", "properties": { "municipio": "El Valle", "provincia": "Granada" }, "geometry": { "type": "MultiPoint", "coordinates": [ [ 447140.585779850021936, 4087239.640599680133164 ] ] } },
{ "type": "Feature", "properties": { "municipio": "Corteconcepción", "provincia": "Huelva" }, "geometry": { "type": "MultiPoint", "coordinates": [ [ 191665.418103439995321, 4200093.057599909603596 ] ] } },
{ "type": "Feature", "properties": { "municipio": "La Malahá", "provincia": "Granada" }, "geometry": { "type": "MultiPoint", "coordinates": [ [ 435970.901300000026822, 4106273.187599999830127 ] ] } },
{ "type": "Feature", "properties": { "municipio": "Fuente Obejuna", "provincia": "Córdoba" }, "geometry": { "type": "MultiPoint", "coordinates": [ [ 294133.310613850015216, 4224654.19425734039396 ] ] } },
{ "type": "Feature", "properties": { "municipio": "Lepe", "provincia": "Huelva" }, "geometry": { "type": "MultiPoint", "coordinates": [ [ 126987.095713029993931, 4130522.43169962009415 ] ] } },
{ "type": "Feature", "properties": { "municipio": "Luque", "provincia": "Córdoba" }, "geometry": { "type": "MultiPoint", "coordinates": [ [ 387249.399145570001565, 4157677.699199169874191 ] ] } },
{ "type": "Feature", "properties": { "municipio": "Puente Genil", "provincia": "Córdoba" }, "geometry": { "type": "MultiPoint", "coordinates": [ [ 344524.89883669000119, 4140186.953065549954772 ] ] } },
{ "type": "Feature", "properties": { "municipio": "Utrera", "provincia": "Sevilla" }, "geometry": { "type": "MultiPoint", "coordinates": [ [ 253253.000041119987145, 4119585.698746730107814 ] ] } },
{ "type": "Feature", "properties": { "municipio": "Albox", "provincia": "Almería" }, "geometry": { "type": "MultiPoint", "coordinates": [ [ 571647.160000000032596, 4143672.009999790228903 ] ] } },
{ "type": "Feature", "properties": { "municipio": "Cogollos de la Vega", "provincia": "Granada" }, "geometry": { "type": "MultiPoint", "coordinates": [ [ 449189.5308, 4125593.670299999881536 ] ] } },
{ "type": "Feature", "properties": { "municipio": "El Almendro", "provincia": "Huelva" }, "geometry": { "type": "MultiPoint", "coordinates": [ [ 122512.041954400003306, 4159681.058530170004815 ] ] } },
{ "type": "Feature", "properties": { "municipio": "María", "provincia": "Almería" }, "geometry": { "type": "MultiPoint", "coordinates": [ [ 573516.446430639945902, 4174141.733084720093757 ] ] } },
{ "type": "Feature", "properties": { "municipio": "Alosno", "provincia": "Huelva" }, "geometry": { "type": "MultiPoint", "coordinates": [ [ 136076.703910029988037, 4170011.345633210148662 ] ] } },
{ "type": "Feature", "properties": { "municipio": "Dílar", "provincia": "Granada" }, "geometry": { "type": "MultiPoint", "coordinates": [ [ 446465.1054079500027, 4103432.808442629873753 ] ] } },
{ "type": "Feature", "properties": { "municipio": "Espiel", "provincia": "Córdoba" }, "geometry": { "type": "MultiPoint", "coordinates": [ [ 337374.867824500019196, 4216114.849220049567521 ] ] } },
{ "type": "Feature", "properties": { "municipio": "Aljaraque", "provincia": "Huelva" }, "geometry": { "type": "MultiPoint", "coordinates": [ [ 145246.001582180004334, 4132966.554083819966763 ] ] } },
{ "type": "Feature", "properties": { "municipio": "Iznate", "provincia": "Málaga" }, "geometry": { "type": "MultiPoint", "coordinates": [ [ 394336.945300000021234, 4070638.963999799918383 ] ] } },
{ "type": "Feature", "properties": { "municipio": "Algarinejo", "provincia": "Granada" }, "geometry": { "type": "MultiPoint", "coordinates": [ [ 398162.061922969995067, 4127052.182358379941434 ] ] } },
{ "type": "Feature", "properties": { "municipio": "Utrera", "provincia": "Sevilla" }, "geometry": { "type": "MultiPoint", "coordinates": [ [ 232078.751501249993453, 4111229.614099979866296 ] ] } },
{ "type": "Feature", "properties": { "municipio": "Granada", "provincia": "Granada" }, "geometry": { "type": "MultiPoint", "coordinates": [ [ 447166.745600000023842, 4117678.8849 ] ] } },
{ "type": "Feature", "properties": { "municipio": "Peal de Becerro", "provincia": "Jaén" }, "geometry": { "type": "MultiPoint", "coordinates": [ [ 483473.680832499987446, 4193282.443332539871335 ] ] } },
{ "type": "Feature", "properties": { "municipio": "La Taha", "provincia": "Granada" }, "geometry": { "type": "MultiPoint", "coordinates": [ [ 472103.1372, 4087117.0666 ] ] } },
{ "type": "Feature", "properties": { "municipio": "Dos Torres", "provincia": "Córdoba" }, "geometry": { "type": "MultiPoint", "coordinates": [ [ 334705.348711670027114, 4256743.340534379705787 ] ] } },
{ "type": "Feature", "properties": { "municipio": "Zafarraya", "provincia": "Granada" }, "geometry": { "type": "MultiPoint", "coordinates": [ [ 399677.679691649973392, 4093939.253342540003359 ] ] } },
{ "type": "Feature", "properties": { "municipio": "La Guardia de Jaén", "provincia": "Jaén" }, "geometry": { "type": "MultiPoint", "coordinates": [ [ 438936.674299589998554, 4177476.310767369810492 ] ] } },
{ "type": "Feature", "properties": { "municipio": "Puebla de Guzmán", "provincia": "Huelva" }, "geometry": { "type": "MultiPoint", "coordinates": [ [ 125168.550187720000395, 4171245.564118490088731 ] ] } },
{ "type": "Feature", "properties": { "municipio": "Fuengirola", "provincia": "Málaga" }, "geometry": { "type": "MultiPoint", "coordinates": [ [ 354879.029316670028493, 4046267.995332689955831 ] ] } },
{ "type": "Feature", "properties": { "municipio": "Trevélez", "provincia": "Granada" }, "geometry": { "type": "MultiPoint", "coordinates": [ [ 476286.282767719996627, 4094945.811366649810225 ] ] } },
{ "type": "Feature", "properties": { "municipio": "Villamanrique de la Condesa", "provincia": "Sevilla" }, "geometry": { "type": "MultiPoint", "coordinates": [ [ 206606.119349629996577, 4127104.982653540093452 ] ] } },
{ "type": "Feature", "properties": { "municipio": "El Puerto de Santa María", "provincia": "Cádiz" }, "geometry": { "type": "MultiPoint", "coordinates": [ [ 211417.852299530000892, 4055350.901593190152198 ] ] } },
{ "type": "Feature", "properties": { "municipio": "La Zubia", "provincia": "Granada" }, "geometry": { "type": "MultiPoint", "coordinates": [ [ 448305.421775149996392, 4107766.972422960214317 ] ] } },
{ "type": "Feature", "properties": { "municipio": "Granada", "provincia": "Granada" }, "geometry": { "type": "MultiPoint", "coordinates": [ [ 446810.03279999998631, 4112078.688200000207871 ] ] } },
{ "type": "Feature", "properties": { "municipio": "Moclinejo", "provincia": "Málaga" }, "geometry": { "type": "MultiPoint", "coordinates": [ [ 389099.611444620008115, 4068802.948753780219704 ] ] } },
{ "type": "Feature", "properties": { "municipio": "Vegas del Genil", "provincia": "Granada" }, "geometry": { "type": "MultiPoint", "coordinates": [ [ 441237.52137940999819, 4113392.079334190115333 ] ] } },
{ "type": "Feature", "properties": { "municipio": "San Fernando", "provincia": "Cádiz" }, "geometry": { "type": "MultiPoint", "coordinates": [ [ 214135.671301950002089, 4040739.939499959815294 ] ] } },
{ "type": "Feature", "properties": { "municipio": "Enix", "provincia": "Almería" }, "geometry": { "type": "MultiPoint", "coordinates": [ [ 535477.376482559950091, 4081308.84887083992362 ] ] } },
{ "type": "Feature", "properties": { "municipio": "Ayamonte", "provincia": "Huelva" }, "geometry": { "type": "MultiPoint", "coordinates": [ [ 109128.6461, 4127349.239500000141561 ] ] } },
{ "type": "Feature", "properties": { "municipio": "Santiago-Pontones", "provincia": "Jaén" }, "geometry": { "type": "MultiPoint", "coordinates": [ [ 545986.013478880049661, 4230654.162246289663017 ] ] } },
{ "type": "Feature", "properties": { "municipio": "Alcalá la Real", "provincia": "Jaén" }, "geometry": { "type": "MultiPoint", "coordinates": [ [ 415709.720678779995069, 4140878.275013550184667 ] ] } },
{ "type": "Feature", "properties": { "municipio": "Benaocaz", "provincia": "Cádiz" }, "geometry": { "type": "MultiPoint", "coordinates": [ [ 283652.005607990024146, 4064344.583782489877194 ] ] } },
{ "type": "Feature", "properties": { "municipio": "Córdoba", "provincia": "Córdoba" }, "geometry": { "type": "MultiPoint", "coordinates": [ [ 341903.922868760011625, 4194845.915806019678712 ] ] } },
{ "type": "Feature", "properties": { "municipio": "Tarifa", "provincia": "Cádiz" }, "geometry": { "type": "MultiPoint", "coordinates": [ [ 257194.821393149992218, 4003012.54636354977265 ] ] } },
{ "type": "Feature", "properties": { "municipio": "Sevilla", "provincia": "Sevilla" }, "geometry": { "type": "MultiPoint", "coordinates": [ [ 236713.894814300001599, 4137344.700473569799215 ] ] } },
{ "type": "Feature", "properties": { "municipio": "Vícar", "provincia": "Almería" }, "geometry": { "type": "MultiPoint", "coordinates": [ [ 534647.452575179981068, 4076669.768630240112543 ] ] } },
{ "type": "Feature", "properties": { "municipio": "Carmona", "provincia": "Sevilla" }, "geometry": { "type": "MultiPoint", "coordinates": [ [ 264383.293687189987395, 4162586.452468019910157 ] ] } },
{ "type": "Feature", "properties": { "municipio": "Cortes de Baza", "provincia": "Granada" }, "geometry": { "type": "MultiPoint", "coordinates": [ [ 518988.412026390025858, 4164331.357594099827111 ] ] } },
{ "type": "Feature", "properties": { "municipio": "Cortegana", "provincia": "Huelva" }, "geometry": { "type": "MultiPoint", "coordinates": [ [ 163534.864571760001127, 4202288.723650359548628 ] ] } },
{ "type": "Feature", "properties": { "municipio": "Moclín", "provincia": "Granada" }, "geometry": { "type": "MultiPoint", "coordinates": [ [ 430348.9106, 4132796.3092 ] ] } },
{ "type": "Feature", "properties": { "municipio": "Lújar", "provincia": "Granada" }, "geometry": { "type": "MultiPoint", "coordinates": [ [ 464029.777019080007449, 4071350.486231499817222 ] ] } },
{ "type": "Feature", "properties": { "municipio": "Torremolinos", "provincia": "Málaga" }, "geometry": { "type": "MultiPoint", "coordinates": [ [ 364878.257860979996622, 4052080.932493269909173 ] ] } },
{ "type": "Feature", "properties": { "municipio": "Sevilla", "provincia": "Sevilla" }, "geometry": { "type": "MultiPoint", "coordinates": [ [ 240920.371001, 4143266.804999980144203 ] ] } },
{ "type": "Feature", "properties": { "municipio": "Armuña de Almanzora", "provincia": "Almería" }, "geometry": { "type": "MultiPoint", "coordinates": [ [ 552140.386235799989663, 4133868.54244069987908 ] ] } },
{ "type": "Feature", "properties": { "municipio": "Iznalloz", "provincia": "Granada" }, "geometry": { "type": "MultiPoint", "coordinates": [ [ 453822.084256320027635, 4138331.88381718005985 ] ] } },
{ "type": "Feature", "properties": { "municipio": "Mancha Real", "provincia": "Jaén" }, "geometry": { "type": "MultiPoint", "coordinates": [ [ 446624.15659999998752, 4181815.3901 ] ] } },
{ "type": "Feature", "properties": { "municipio": "Olula de Castro", "provincia": "Almería" }, "geometry": { "type": "MultiPoint", "coordinates": [ [ 546471.102122750016861, 4114455.761324559804052 ] ] } },
{ "type": "Feature", "properties": { "municipio": "El Ejido", "provincia": "Almería" }, "geometry": { "type": "MultiPoint", "coordinates": [ [ 516655.477752480015624, 4069263.787365150172263 ] ] } },
{ "type": "Feature", "properties": { "municipio": "Adra", "provincia": "Almería" }, "geometry": { "type": "MultiPoint", "coordinates": [ [ 497773.49730281002121, 4066863.408295449800789 ] ] } },
{ "type": "Feature", "properties": { "municipio": "Morón de la Frontera", "provincia": "Sevilla" }, "geometry": { "type": "MultiPoint", "coordinates": [ [ 281830.422353609988932, 4110751.885547109879553 ] ] } },
{ "type": "Feature", "properties": { "municipio": "Cortegana", "provincia": "Huelva" }, "geometry": { "type": "MultiPoint", "coordinates": [ [ 158470.564870750007685, 4189324.799138939939439 ] ] } },
{ "type": "Feature", "properties": { "municipio": "Loja", "provincia": "Granada" }, "geometry": { "type": "MultiPoint", "coordinates": [ [ 398021.360840599983931, 4122794.518936269916594 ] ] } },
{ "type": "Feature", "properties": { "municipio": "Almegíjar", "provincia": "Granada" }, "geometry": { "type": "MultiPoint", "coordinates": [ [ 473261.683176229998935, 4084003.562587109860033 ] ] } },
{ "type": "Feature", "properties": { "municipio": "Vícar", "provincia": "Almería" }, "geometry": { "type": "MultiPoint", "coordinates": [ [ 532928.798500000033528, 4072920.3934 ] ] } },
{ "type": "Feature", "properties": { "municipio": "Níjar", "provincia": "Almería" }, "geometry": { "type": "MultiPoint", "coordinates": [ [ 574963.799698899965733, 4081869.508217299822718 ] ] } },
{ "type": "Feature", "properties": { "municipio": "Albondón", "provincia": "Granada" }, "geometry": { "type": "MultiPoint", "coordinates": [ [ 481045.530686709971633, 4075665.958516419865191 ] ] } },
{ "type": "Feature", "properties": { "municipio": "Jerez de la Frontera", "provincia": "Cádiz" }, "geometry": { "type": "MultiPoint", "coordinates": [ [ 229029.592990650009597, 4058754.162873310036957 ] ] } },
{ "type": "Feature", "properties": { "municipio": "Almáchar", "provincia": "Málaga" }, "geometry": { "type": "MultiPoint", "coordinates": [ [ 391420.371700000017881, 4074387.565099999774247 ] ] } },
{ "type": "Feature", "properties": { "municipio": "Málaga", "provincia": "Málaga" }, "geometry": { "type": "MultiPoint", "coordinates": [ [ 373225.002200009999797, 4067838.4109 ] ] } },
{ "type": "Feature", "properties": { "municipio": "Jabugo", "provincia": "Huelva" }, "geometry": { "type": "MultiPoint", "coordinates": [ [ 168484.087539110012585, 4204518.069154559634626 ] ] } },
{ "type": "Feature", "properties": { "municipio": "Osuna", "provincia": "Sevilla" }, "geometry": { "type": "MultiPoint", "coordinates": [ [ 313500.798702810017858, 4123119.167805320117623 ] ] } },
{ "type": "Feature", "properties": { "municipio": "Coín", "provincia": "Málaga" }, "geometry": { "type": "MultiPoint", "coordinates": [ [ 342430.027682579995599, 4058963.121134779881686 ] ] } },
{ "type": "Feature", "properties": { "municipio": "Lobras", "provincia": "Granada" }, "geometry": { "type": "MultiPoint", "coordinates": [ [ 481031.534668369975407, 4087123.021253420040011 ] ] } },
{ "type": "Feature", "properties": { "municipio": "Chiclana de la Frontera", "provincia": "Cádiz" }, "geometry": { "type": "MultiPoint", "coordinates": [ [ 217392.296609200013336, 4035010.364028119947761 ] ] } },
{ "type": "Feature", "properties": { "municipio": "Balanegra", "provincia": "Almería" }, "geometry": { "type": "MultiPoint", "coordinates": [ [ 508324.735045390028972, 4066996.889891599770635 ] ] } },
{ "type": "Feature", "properties": { "municipio": "Fuente Obejuna", "provincia": "Córdoba" }, "geometry": { "type": "MultiPoint", "coordinates": [ [ 291481.049551929987501, 4230587.304036159999669 ] ] } },
{ "type": "Feature", "properties": { "municipio": "Villacarrillo", "provincia": "Jaén" }, "geometry": { "type": "MultiPoint", "coordinates": [ [ 491561.015116190013941, 4210529.280913500115275 ] ] } },
{ "type": "Feature", "properties": { "municipio": "Nacimiento", "provincia": "Almería" }, "geometry": { "type": "MultiPoint", "coordinates": [ [ 531306.318764450028539, 4106696.158010889776051 ] ] } },
{ "type": "Feature", "properties": { "municipio": "Sevilla", "provincia": "Sevilla" }, "geometry": { "type": "MultiPoint", "coordinates": [ [ 236896.597001109999837, 4138938.256999980192631 ] ] } },
{ "type": "Feature", "properties": { "municipio": "San Roque", "provincia": "Cádiz" }, "geometry": { "type": "MultiPoint", "coordinates": [ [ 282251.500957310025115, 4009531.303204860072583 ] ] } },
{ "type": "Feature", "properties": { "municipio": "Peñarroya-Pueblonuevo", "provincia": "Córdoba" }, "geometry": { "type": "MultiPoint", "coordinates": [ [ 301195.066567460016813, 4241928.932549269869924 ] ] } },
{ "type": "Feature", "properties": { "municipio": "Cádiz", "provincia": "Cádiz" }, "geometry": { "type": "MultiPoint", "coordinates": [ [ 207100.745941889996175, 4045043.495379310101271 ] ] } },
{ "type": "Feature", "properties": { "municipio": "Huétor Vega", "provincia": "Granada" }, "geometry": { "type": "MultiPoint", "coordinates": [ [ 449507.709198369993828, 4111423.386666589882225 ] ] } },
{ "type": "Feature", "properties": { "municipio": "Santa Cruz de Marchena", "provincia": "Almería" }, "geometry": { "type": "MultiPoint", "coordinates": [ [ 535385.555000000051223, 4096739.2919 ] ] } },
{ "type": "Feature", "properties": { "municipio": "Freila", "provincia": "Granada" }, "geometry": { "type": "MultiPoint", "coordinates": [ [ 508235.600902740028687, 4153520.360091090202332 ] ] } },
{ "type": "Feature", "properties": { "municipio": "San Martín del Tesorillo", "provincia": "Cádiz" }, "geometry": { "type": "MultiPoint", "coordinates": [ [ 291433.748592949996237, 4024219.016709819901735 ] ] } },
{ "type": "Feature", "properties": { "municipio": "Las Tres Villas", "provincia": "Almería" }, "geometry": { "type": "MultiPoint", "coordinates": [ [ 523595.599411609990057, 4114455.283348510041833 ] ] } },
{ "type": "Feature", "properties": { "municipio": "Níjar", "provincia": "Almería" }, "geometry": { "type": "MultiPoint", "coordinates": [ [ 582775.489470870001242, 4094144.567975270096213 ] ] } },
{ "type": "Feature", "properties": { "municipio": "Marbella", "provincia": "Málaga" }, "geometry": { "type": "MultiPoint", "coordinates": [ [ 331135.002334229997359, 4042498.675694920122623 ] ] } },
{ "type": "Feature", "properties": { "municipio": "Turón", "provincia": "Granada" }, "geometry": { "type": "MultiPoint", "coordinates": [ [ 494761.361584779981058, 4079867.48265941021964 ] ] } },
{ "type": "Feature", "properties": { "municipio": "Humilladero", "provincia": "Málaga" }, "geometry": { "type": "MultiPoint", "coordinates": [ [ 349181.571300019975752, 4108835.713099999818951 ] ] } },
{ "type": "Feature", "properties": { "municipio": "Algeciras", "provincia": "Cádiz" }, "geometry": { "type": "MultiPoint", "coordinates": [ [ 279728.543619589996524, 3998315.831858289893717 ] ] } },
{ "type": "Feature", "properties": { "municipio": "Vélez-Málaga", "provincia": "Málaga" }, "geometry": { "type": "MultiPoint", "coordinates": [ [ 401302.640330400026869, 4071462.073323139920831 ] ] } },
{ "type": "Feature", "properties": { "municipio": "Moguer", "provincia": "Huelva" }, "geometry": { "type": "MultiPoint", "coordinates": [ [ 159979.960141279996606, 4116972.280105779878795 ] ] } },
{ "type": "Feature", "properties": { "municipio": "Santa Fe", "provincia": "Granada" }, "geometry": { "type": "MultiPoint", "coordinates": [ [ 436067.722885420022067, 4115698.824028819799423 ] ] } },
{ "type": "Feature", "properties": { "municipio": "El Garrobo", "provincia": "Sevilla" }, "geometry": { "type": "MultiPoint", "coordinates": [ [ 220017.180180210008984, 4168995.330862340051681 ] ] } },
{ "type": "Feature", "properties": { "municipio": "El Cerro de Andévalo", "provincia": "Huelva" }, "geometry": { "type": "MultiPoint", "coordinates": [ [ 152761.596997860004194, 4183806.225230829790235 ] ] } },
{ "type": "Feature", "properties": { "municipio": "Villacarrillo", "provincia": "Jaén" }, "geometry": { "type": "MultiPoint", "coordinates": [ [ 492774.596473619982135, 4218896.714818200096488 ] ] } },
{ "type": "Feature", "properties": { "municipio": "Lupión", "provincia": "Jaén" }, "geometry": { "type": "MultiPoint", "coordinates": [ [ 452095.660900000017136, 4205640.037100000306964 ] ] } },
{ "type": "Feature", "properties": { "municipio": "Baeza", "provincia": "Jaén" }, "geometry": { "type": "MultiPoint", "coordinates": [ [ 452502.87599999998929, 4200485.194500000216067 ] ] } },
{ "type": "Feature", "properties": { "municipio": "Cumbres Mayores", "provincia": "Huelva" }, "geometry": { "type": "MultiPoint", "coordinates": [ [ 180509.152712479990441, 4218675.239089080132544 ] ] } },
{ "type": "Feature", "properties": { "municipio": "Sanlúcar de Barrameda", "provincia": "Cádiz" }, "geometry": { "type": "MultiPoint", "coordinates": [ [ 200989.02731043001404, 4075477.572824080009013 ] ] } },
{ "type": "Feature", "properties": { "municipio": "Pujerra", "provincia": "Málaga" }, "geometry": { "type": "MultiPoint", "coordinates": [ [ 307706.805200120026711, 4054036.409200000111014 ] ] } },
{ "type": "Feature", "properties": { "municipio": "Manilva", "provincia": "Málaga" }, "geometry": { "type": "MultiPoint", "coordinates": [ [ 297844.800200170022435, 4028098.677199999801815 ] ] } },
{ "type": "Feature", "properties": { "municipio": "El Ejido", "provincia": "Almería" }, "geometry": { "type": "MultiPoint", "coordinates": [ [ 517783.8038, 4069294.600999809801579 ] ] } },
{ "type": "Feature", "properties": { "municipio": "Fuengirola", "provincia": "Málaga" }, "geometry": { "type": "MultiPoint", "coordinates": [ [ 355541.09781537001254, 4047441.858731410000473 ] ] } },
{ "type": "Feature", "properties": { "municipio": "Almuñécar", "provincia": "Granada" }, "geometry": { "type": "MultiPoint", "coordinates": [ [ 437214.157852859993, 4066128.027412670198828 ] ] } },
{ "type": "Feature", "properties": { "municipio": "Chauchina", "provincia": "Granada" }, "geometry": { "type": "MultiPoint", "coordinates": [ [ 429437.982111620018259, 4117626.623239180073142 ] ] } },
{ "type": "Feature", "properties": { "municipio": "Casabermeja", "provincia": "Málaga" }, "geometry": { "type": "MultiPoint", "coordinates": [ [ 372601.317200010002125, 4084024.3649 ] ] } },
{ "type": "Feature", "properties": { "municipio": "Puerto Real", "provincia": "Cádiz" }, "geometry": { "type": "MultiPoint", "coordinates": [ [ 211291.730769599991618, 4046777.853982150088996 ] ] } },
{ "type": "Feature", "properties": { "municipio": "Salar", "provincia": "Granada" }, "geometry": { "type": "MultiPoint", "coordinates": [ [ 405280.48916018998716, 4111834.882484689820558 ] ] } },
{ "type": "Feature", "properties": { "municipio": "San Fernando", "provincia": "Cádiz" }, "geometry": { "type": "MultiPoint", "coordinates": [ [ 212444.117802029999439, 4039578.271499960217625 ] ] } },
{ "type": "Feature", "properties": { "municipio": "El Real de la Jara", "provincia": "Sevilla" }, "geometry": { "type": "MultiPoint", "coordinates": [ [ 222875.903081430005841, 4204907.294328230433166 ] ] } },
{ "type": "Feature", "properties": { "municipio": "Alfarnatejo", "provincia": "Málaga" }, "geometry": { "type": "MultiPoint", "coordinates": [ [ 386735.61109999998007, 4093330.2889 ] ] } },
{ "type": "Feature", "properties": { "municipio": "Castilleja del Campo", "provincia": "Sevilla" }, "geometry": { "type": "MultiPoint", "coordinates": [ [ 204591.085207280004397, 4143168.427438629791141 ] ] } },
{ "type": "Feature", "properties": { "municipio": "Paradas", "provincia": "Sevilla" }, "geometry": { "type": "MultiPoint", "coordinates": [ [ 279125.731248299998697, 4129929.81652597989887 ] ] } },
{ "type": "Feature", "properties": { "municipio": "Vera", "provincia": "Almería" }, "geometry": { "type": "MultiPoint", "coordinates": [ [ 600649.888668330037035, 4122950.171664960216731 ] ] } },
{ "type": "Feature", "properties": { "municipio": "Almería", "provincia": "Almería" }, "geometry": { "type": "MultiPoint", "coordinates": [ [ 550241.25155777996406, 4075625.723673589993268 ] ] } },
{ "type": "Feature", "properties": { "municipio": "Palma del Río", "provincia": "Córdoba" }, "geometry": { "type": "MultiPoint", "coordinates": [ [ 300195.81889927998418, 4175049.131400220096111 ] ] } },
{ "type": "Feature", "properties": { "municipio": "Martos", "provincia": "Jaén" }, "geometry": { "type": "MultiPoint", "coordinates": [ [ 414559.519635019998532, 4174829.21071137022227 ] ] } },
{ "type": "Feature", "properties": { "municipio": "Guillena", "provincia": "Sevilla" }, "geometry": { "type": "MultiPoint", "coordinates": [ [ 225503.740122910006903, 4163734.339438249822706 ] ] } },
{ "type": "Feature", "properties": { "municipio": "Adra", "provincia": "Almería" }, "geometry": { "type": "MultiPoint", "coordinates": [ [ 501807.4289, 4068254.388300000224262 ] ] } },
{ "type": "Feature", "properties": { "municipio": "Villaviciosa de Córdoba", "provincia": "Córdoba" }, "geometry": { "type": "MultiPoint", "coordinates": [ [ 323438.345694140007254, 4215966.913369540125132 ] ] } },
{ "type": "Feature", "properties": { "municipio": "Tíjola", "provincia": "Almería" }, "geometry": { "type": "MultiPoint", "coordinates": [ [ 544291.954116150038317, 4137595.085385019890964 ] ] } },
{ "type": "Feature", "properties": { "municipio": "El Pinar", "provincia": "Granada" }, "geometry": { "type": "MultiPoint", "coordinates": [ [ 453041.260090729978401, 4083326.578460690099746 ] ] } },
{ "type": "Feature", "properties": { "municipio": "Baena", "provincia": "Córdoba" }, "geometry": { "type": "MultiPoint", "coordinates": [ [ 390700.956833960022777, 4170019.442717739846557 ] ] } },
{ "type": "Feature", "properties": { "municipio": "Huércal-Overa", "provincia": "Almería" }, "geometry": { "type": "MultiPoint", "coordinates": [ [ 595512.133160250028595, 4147286.798152280040085 ] ] } },
{ "type": "Feature", "properties": { "municipio": "Monturque", "provincia": "Córdoba" }, "geometry": { "type": "MultiPoint", "coordinates": [ [ 360039.006338229984976, 4148274.222688870038837 ] ] } },
{ "type": "Feature", "properties": { "municipio": "La Iruela", "provincia": "Jaén" }, "geometry": { "type": "MultiPoint", "coordinates": [ [ 504095.487226529978216, 4199818.180241080000997 ] ] } },
{ "type": "Feature", "properties": { "municipio": "Fuenteheridos", "provincia": "Huelva" }, "geometry": { "type": "MultiPoint", "coordinates": [ [ 177979.747165870008757, 4201604.234890489839017 ] ] } },
{ "type": "Feature", "properties": { "municipio": "Castril", "provincia": "Granada" }, "geometry": { "type": "MultiPoint", "coordinates": [ [ 523509.4831231199787, 4185803.342263820115477 ] ] } },
{ "type": "Feature", "properties": { "municipio": "Almería", "provincia": "Almería" }, "geometry": { "type": "MultiPoint", "coordinates": [ [ 547438.507699999958277, 4076949.9199 ] ] } },
{ "type": "Feature", "properties": { "municipio": "Loja", "provincia": "Granada" }, "geometry": { "type": "MultiPoint", "coordinates": [ [ 391023.4723237400176, 4118067.614593680016696 ] ] } },
{ "type": "Feature", "properties": { "municipio": "Chimeneas", "provincia": "Granada" }, "geometry": { "type": "MultiPoint", "coordinates": [ [ 426770.161136440001428, 4109835.040438499767333 ] ] } },
{ "type": "Feature", "properties": { "municipio": "Ugíjar", "provincia": "Granada" }, "geometry": { "type": "MultiPoint", "coordinates": [ [ 495078.006365240027662, 4090957.681618379894644 ] ] } },
{ "type": "Feature", "properties": { "municipio": "Alcalá la Real", "provincia": "Jaén" }, "geometry": { "type": "MultiPoint", "coordinates": [ [ 410490.680206099990755, 4144049.485167460050434 ] ] } },
{ "type": "Feature", "properties": { "municipio": "Jerez de la Frontera", "provincia": "Cádiz" }, "geometry": { "type": "MultiPoint", "coordinates": [ [ 239210.497076709987596, 4079754.960560020059347 ] ] } },
{ "type": "Feature", "properties": { "municipio": "Camas", "provincia": "Sevilla" }, "geometry": { "type": "MultiPoint", "coordinates": [ [ 231310.680750920000719, 4144123.605003410018981 ] ] } },
{ "type": "Feature", "properties": { "municipio": "Vélez de Benaudalla", "provincia": "Granada" }, "geometry": { "type": "MultiPoint", "coordinates": [ [ 453920.270426189992577, 4076219.607588789891452 ] ] } },
{ "type": "Feature", "properties": { "municipio": "Rute", "provincia": "Córdoba" }, "geometry": { "type": "MultiPoint", "coordinates": [ [ 374930.787583540019114, 4140846.093560299836099 ] ] } },
{ "type": "Feature", "properties": { "municipio": "Cuevas del Almanzora", "provincia": "Almería" }, "geometry": { "type": "MultiPoint", "coordinates": [ [ 609315.796034710016102, 4129636.206361980177462 ] ] } },
{ "type": "Feature", "properties": { "municipio": "Alsodux", "provincia": "Almería" }, "geometry": { "type": "MultiPoint", "coordinates": [ [ 536061.323662559967488, 4095246.363768970128149 ] ] } },
{ "type": "Feature", "properties": { "municipio": "Puerto Real", "provincia": "Cádiz" }, "geometry": { "type": "MultiPoint", "coordinates": [ [ 215633.052001879987074, 4046785.188599970191717 ] ] } },
{ "type": "Feature", "properties": { "municipio": "Jerez de la Frontera", "provincia": "Cádiz" }, "geometry": { "type": "MultiPoint", "coordinates": [ [ 224426.308101889997488, 4060995.407308329828084 ] ] } },
{ "type": "Feature", "properties": { "municipio": "Córdoba", "provincia": "Córdoba" }, "geometry": { "type": "MultiPoint", "coordinates": [ [ 343525.94798036001157, 4191893.116369800176471 ] ] } },
{ "type": "Feature", "properties": { "municipio": "Los Marines", "provincia": "Huelva" }, "geometry": { "type": "MultiPoint", "coordinates": [ [ 181426.950797039986355, 4201166.228515209630132 ] ] } },
{ "type": "Feature", "properties": { "municipio": "El Ejido", "provincia": "Almería" }, "geometry": { "type": "MultiPoint", "coordinates": [ [ 522281.683829849993344, 4067955.548095980193466 ] ] } },
{ "type": "Feature", "properties": { "municipio": "Jerez de la Frontera", "provincia": "Cádiz" }, "geometry": { "type": "MultiPoint", "coordinates": [ [ 219437.592101719987113, 4064323.525999969802797 ] ] } },
{ "type": "Feature", "properties": { "municipio": "Chauchina", "provincia": "Granada" }, "geometry": { "type": "MultiPoint", "coordinates": [ [ 428586.059409520006739, 4113402.607277910225093 ] ] } },
{ "type": "Feature", "properties": { "municipio": "Chirivel", "provincia": "Almería" }, "geometry": { "type": "MultiPoint", "coordinates": [ [ 556236.722799999988638, 4160480.523699999786913 ] ] } },
{ "type": "Feature", "properties": { "municipio": "Castro del Río", "provincia": "Córdoba" }, "geometry": { "type": "MultiPoint", "coordinates": [ [ 365360.271477119997144, 4158558.787955869920552 ] ] } },
{ "type": "Feature", "properties": { "municipio": "Huércal de Almería", "provincia": "Almería" }, "geometry": { "type": "MultiPoint", "coordinates": [ [ 549600.920752919977531, 4080732.802368309814483 ] ] } },
{ "type": "Feature", "properties": { "municipio": "Alcalá del Río", "provincia": "Sevilla" }, "geometry": { "type": "MultiPoint", "coordinates": [ [ 235349.651342900004238, 4159739.0739551698789 ] ] } },
{ "type": "Feature", "properties": { "municipio": "Quesada", "provincia": "Jaén" }, "geometry": { "type": "MultiPoint", "coordinates": [ [ 487726.950093819992617, 4182813.520748110022396 ] ] } },
{ "type": "Feature", "properties": { "municipio": "Villanueva de los Castillejos", "provincia": "Huelva" }, "geometry": { "type": "MultiPoint", "coordinates": [ [ 122626.814235910002026, 4159091.734643079806119 ] ] } },
{ "type": "Feature", "properties": { "municipio": "Albuñuelas", "provincia": "Granada" }, "geometry": { "type": "MultiPoint", "coordinates": [ [ 444076.421977019985206, 4087169.040783950127661 ] ] } },
{ "type": "Feature", "properties": { "municipio": "Lúcar", "provincia": "Almería" }, "geometry": { "type": "MultiPoint", "coordinates": [ [ 550971.974125709966756, 4139375.465476490091532 ] ] } },
{ "type": "Feature", "properties": { "municipio": "Vera", "provincia": "Almería" }, "geometry": { "type": "MultiPoint", "coordinates": [ [ 605214.683311159955338, 4118972.369065110106021 ] ] } },
{ "type": "Feature", "properties": { "municipio": "Puerto Moral", "provincia": "Huelva" }, "geometry": { "type": "MultiPoint", "coordinates": [ [ 193977.627061309991404, 4199465.382999150082469 ] ] } },
{ "type": "Feature", "properties": { "municipio": "Vejer de la Frontera", "provincia": "Cádiz" }, "geometry": { "type": "MultiPoint", "coordinates": [ [ 232723.227315449999878, 4027763.435783450026065 ] ] } },
{ "type": "Feature", "properties": { "municipio": "Sevilla", "provincia": "Sevilla" }, "geometry": { "type": "MultiPoint", "coordinates": [ [ 237275.531001099996502, 4145553.45499998005107 ] ] } },
{ "type": "Feature", "properties": { "municipio": "Beas", "provincia": "Huelva" }, "geometry": { "type": "MultiPoint", "coordinates": [ [ 164068.627906239998993, 4148701.821599829941988 ] ] } },
{ "type": "Feature", "properties": { "municipio": "Beas de Guadix", "provincia": "Granada" }, "geometry": { "type": "MultiPoint", "coordinates": [ [ 481855.044241890020203, 4125918.176244869828224 ] ] } },
{ "type": "Feature", "properties": { "municipio": "Jaén", "provincia": "Jaén" }, "geometry": { "type": "MultiPoint", "coordinates": [ [ 428432.705192580004223, 4182031.274909750092775 ] ] } },
{ "type": "Feature", "properties": { "municipio": "Sanlúcar de Barrameda", "provincia": "Cádiz" }, "geometry": { "type": "MultiPoint", "coordinates": [ [ 200687.888990070001455, 4074289.153315799776465 ] ] } },
{ "type": "Feature", "properties": { "municipio": "Partaloa", "provincia": "Almería" }, "geometry": { "type": "MultiPoint", "coordinates": [ [ 568481.121032480034046, 4140201.167764639947563 ] ] } },
{ "type": "Feature", "properties": { "municipio": "Bormujos", "provincia": "Sevilla" }, "geometry": { "type": "MultiPoint", "coordinates": [ [ 227682.405645969993202, 4140922.579539659898728 ] ] } },
{ "type": "Feature", "properties": { "municipio": "Los Molares", "provincia": "Sevilla" }, "geometry": { "type": "MultiPoint", "coordinates": [ [ 258511.6576698400022, 4115582.746374359820038 ] ] } },
{ "type": "Feature", "properties": { "municipio": "Alcóntar", "provincia": "Almería" }, "geometry": { "type": "MultiPoint", "coordinates": [ [ 535750.134870899957605, 4132317.674923949874938 ] ] } },
{ "type": "Feature", "properties": { "municipio": "Macharaviaya", "provincia": "Málaga" }, "geometry": { "type": "MultiPoint", "coordinates": [ [ 391413.526200000022072, 4070102.77669999981299 ] ] } },
{ "type": "Feature", "properties": { "municipio": "Loja", "provincia": "Granada" }, "geometry": { "type": "MultiPoint", "coordinates": [ [ 388505.086246490012854, 4106519.664215140044689 ] ] } },
{ "type": "Feature", "properties": { "municipio": "Torre Alháquime", "provincia": "Cádiz" }, "geometry": { "type": "MultiPoint", "coordinates": [ [ 301081.131126280000899, 4087935.054068109951913 ] ] } },
{ "type": "Feature", "properties": { "municipio": "Martos", "provincia": "Jaén" }, "geometry": { "type": "MultiPoint", "coordinates": [ [ 413133.412695339997299, 4166984.020206990186125 ] ] } },
{ "type": "Feature", "properties": { "municipio": "Huércal-Overa", "provincia": "Almería" }, "geometry": { "type": "MultiPoint", "coordinates": [ [ 599312.26887984003406, 4142222.21723570022732 ] ] } },
{ "type": "Feature", "properties": { "municipio": "Alcalá de Guadaíra", "provincia": "Sevilla" }, "geometry": { "type": "MultiPoint", "coordinates": [ [ 248999.084423180000158, 4136214.098644319921732 ] ] } },
{ "type": "Feature", "properties": { "municipio": "Torres", "provincia": "Jaén" }, "geometry": { "type": "MultiPoint", "coordinates": [ [ 455185.468807709985413, 4181975.981819460168481 ] ] } },
{ "type": "Feature", "properties": { "municipio": "Jimena de la Frontera", "provincia": "Cádiz" }, "geometry": { "type": "MultiPoint", "coordinates": [ [ 283839.439028620021418, 4038483.720168559812009 ] ] } },
{ "type": "Feature", "properties": { "municipio": "Vícar", "provincia": "Almería" }, "geometry": { "type": "MultiPoint", "coordinates": [ [ 529482.672348669962958, 4067142.173844819888473 ] ] } },
{ "type": "Feature", "properties": { "municipio": "Güéjar Sierra", "provincia": "Granada" }, "geometry": { "type": "MultiPoint", "coordinates": [ [ 460931.835034789983183, 4112613.864329199772328 ] ] } },
{ "type": "Feature", "properties": { "municipio": "Cúllar", "provincia": "Granada" }, "geometry": { "type": "MultiPoint", "coordinates": [ [ 547595.096871590008959, 4159596.512040229979903 ] ] } },
{ "type": "Feature", "properties": { "municipio": "Estepona", "provincia": "Málaga" }, "geometry": { "type": "MultiPoint", "coordinates": [ [ 306900.825562170008197, 4033388.886666370090097 ] ] } },
{ "type": "Feature", "properties": { "municipio": "Sevilla", "provincia": "Sevilla" }, "geometry": { "type": "MultiPoint", "coordinates": [ [ 239833.82634031001362, 4143458.994168209843338 ] ] } },
{ "type": "Feature", "properties": { "municipio": "Santisteban del Puerto", "provincia": "Jaén" }, "geometry": { "type": "MultiPoint", "coordinates": [ [ 482180.692384479974862, 4234058.470595669932663 ] ] } },
{ "type": "Feature", "properties": { "municipio": "Sanlúcar de Barrameda", "provincia": "Cádiz" }, "geometry": { "type": "MultiPoint", "coordinates": [ [ 200508.824376670003403, 4075834.391510429792106 ] ] } },
{ "type": "Feature", "properties": { "municipio": "Bornos", "provincia": "Cádiz" }, "geometry": { "type": "MultiPoint", "coordinates": [ [ 259800.254963660001522, 4081832.264148309826851 ] ] } },
{ "type": "Feature", "properties": { "municipio": "Guadix", "provincia": "Granada" }, "geometry": { "type": "MultiPoint", "coordinates": [ [ 488061.162646810000297, 4127215.645720100030303 ] ] } },
{ "type": "Feature", "properties": { "municipio": "Cútar", "provincia": "Málaga" }, "geometry": { "type": "MultiPoint", "coordinates": [ [ 390522.520599999988917, 4076886.802799790166318 ] ] } },
{ "type": "Feature", "properties": { "municipio": "La Carolina", "provincia": "Jaén" }, "geometry": { "type": "MultiPoint", "coordinates": [ [ 448283.608377999975346, 4230708.086043179966509 ] ] } },
{ "type": "Feature", "properties": { "municipio": "Benamejí", "provincia": "Córdoba" }, "geometry": { "type": "MultiPoint", "coordinates": [ [ 363338.639290159975644, 4126111.590794059913605 ] ] } },
{ "type": "Feature", "properties": { "municipio": "Jaén", "provincia": "Jaén" }, "geometry": { "type": "MultiPoint", "coordinates": [ [ 431023.07144539, 4180193.730219199787825 ] ] } },
{ "type": "Feature", "properties": { "municipio": "Rute", "provincia": "Córdoba" }, "geometry": { "type": "MultiPoint", "coordinates": [ [ 377350.808542600017972, 4138878.662782370112836 ] ] } },
{ "type": "Feature", "properties": { "municipio": "Santa Fe de Mondújar", "provincia": "Almería" }, "geometry": { "type": "MultiPoint", "coordinates": [ [ 541617.674676139955409, 4091973.766232400201261 ] ] } },
{ "type": "Feature", "properties": { "municipio": "Carboneras", "provincia": "Almería" }, "geometry": { "type": "MultiPoint", "coordinates": [ [ 594774.601565880002454, 4095538.549892739858478 ] ] } },
{ "type": "Feature", "properties": { "municipio": "Valle de Abdalajís", "provincia": "Málaga" }, "geometry": { "type": "MultiPoint", "coordinates": [ [ 350221.662000019976404, 4088580.745500000193715 ] ] } },
{ "type": "Feature", "properties": { "municipio": "El Saucejo", "provincia": "Sevilla" }, "geometry": { "type": "MultiPoint", "coordinates": [ [ 313441.776963710028213, 4105337.525214729830623 ] ] } },
{ "type": "Feature", "properties": { "municipio": "La Calahorra", "provincia": "Granada" }, "geometry": { "type": "MultiPoint", "coordinates": [ [ 494469.323535399977118, 4114794.074190310202539 ] ] } },
{ "type": "Feature", "properties": { "municipio": "Córdoba", "provincia": "Córdoba" }, "geometry": { "type": "MultiPoint", "coordinates": [ [ 343894.150900029984768, 4194036.213200000114739 ] ] } },
{ "type": "Feature", "properties": { "municipio": "Arcos de la Frontera", "provincia": "Cádiz" }, "geometry": { "type": "MultiPoint", "coordinates": [ [ 251621.246057170006679, 4072227.017798 ] ] } },
{ "type": "Feature", "properties": { "municipio": "Priego de Córdoba", "provincia": "Córdoba" }, "geometry": { "type": "MultiPoint", "coordinates": [ [ 397190.506134659983218, 4153793.992625239770859 ] ] } },
{ "type": "Feature", "properties": { "municipio": "Algeciras", "provincia": "Cádiz" }, "geometry": { "type": "MultiPoint", "coordinates": [ [ 277631.934511500003282, 3999750.924807750154287 ] ] } },
{ "type": "Feature", "properties": { "municipio": "Ronda", "provincia": "Málaga" }, "geometry": { "type": "MultiPoint", "coordinates": [ [ 307159.883799360017292, 4068592.312399390153587 ] ] } },
{ "type": "Feature", "properties": { "municipio": "Polopos", "provincia": "Granada" }, "geometry": { "type": "MultiPoint", "coordinates": [ [ 473492.064200530003291, 4072226.632001790218055 ] ] } },
{ "type": "Feature", "properties": { "municipio": "Carcabuey", "provincia": "Córdoba" }, "geometry": { "type": "MultiPoint", "coordinates": [ [ 387084.795288459979929, 4144746.091979179996997 ] ] } },
{ "type": "Feature", "properties": { "municipio": "La Carlota", "provincia": "Córdoba" }, "geometry": { "type": "MultiPoint", "coordinates": [ [ 332892.428804480005056, 4174107.028836139943451 ] ] } },
{ "type": "Feature", "properties": { "municipio": "Loja", "provincia": "Granada" }, "geometry": { "type": "MultiPoint", "coordinates": [ [ 405067.050030039972626, 4119269.968589330092072 ] ] } },
{ "type": "Feature", "properties": { "municipio": "Nigüelas", "provincia": "Granada" }, "geometry": { "type": "MultiPoint", "coordinates": [ [ 452027.205764079990331, 4092668.584618919994682 ] ] } },
{ "type": "Feature", "properties": { "municipio": "Lucena", "provincia": "Córdoba" }, "geometry": { "type": "MultiPoint", "coordinates": [ [ 369424.372664350026753, 4141573.603328640107065 ] ] } },
{ "type": "Feature", "properties": { "municipio": "Huétor Tájar", "provincia": "Granada" }, "geometry": { "type": "MultiPoint", "coordinates": [ [ 406814.019506439974066, 4117095.028680840041488 ] ] } },
{ "type": "Feature", "properties": { "municipio": "Málaga", "provincia": "Málaga" }, "geometry": { "type": "MultiPoint", "coordinates": [ [ 366069.323900009971112, 4058763.0781 ] ] } },
{ "type": "Feature", "properties": { "municipio": "Jabugo", "provincia": "Huelva" }, "geometry": { "type": "MultiPoint", "coordinates": [ [ 170194.821922530012671, 4200665.558467480354011 ] ] } },
{ "type": "Feature", "properties": { "municipio": "Benalúa", "provincia": "Granada" }, "geometry": { "type": "MultiPoint", "coordinates": [ [ 485340.95169039000757, 4133510.119290189817548 ] ] } },
{ "type": "Feature", "properties": { "municipio": "Lubrín", "provincia": "Almería" }, "geometry": { "type": "MultiPoint", "coordinates": [ [ 579925.016152890049852, 4116394.759430279955268 ] ] } },
{ "type": "Feature", "properties": { "municipio": "Alcaudete", "provincia": "Jaén" }, "geometry": { "type": "MultiPoint", "coordinates": [ [ 402480.013800000015181, 4168693.278299999888986 ] ] } },
{ "type": "Feature", "properties": { "municipio": "Fernán-Núñez", "provincia": "Córdoba" }, "geometry": { "type": "MultiPoint", "coordinates": [ [ 348084.207255779998377, 4170219.573692250065506 ] ] } },
{ "type": "Feature", "properties": { "municipio": "Cúllar", "provincia": "Granada" }, "geometry": { "type": "MultiPoint", "coordinates": [ [ 553367.960539520019665, 4161074.244978250004351 ] ] } },
{ "type": "Feature", "properties": { "municipio": "Darro", "provincia": "Granada" }, "geometry": { "type": "MultiPoint", "coordinates": [ [ 474245.052673030004371, 4133663.52401169994846 ] ] } },
{ "type": "Feature", "properties": { "municipio": "Huelva", "provincia": "Huelva" }, "geometry": { "type": "MultiPoint", "coordinates": [ [ 150195.94783679000102, 4131327.499295010231435 ] ] } },
{ "type": "Feature", "properties": { "municipio": "Jódar", "provincia": "Jaén" }, "geometry": { "type": "MultiPoint", "coordinates": [ [ 469279.918659329996444, 4188068.986658589914441 ] ] } },
{ "type": "Feature", "properties": { "municipio": "Aljaraque", "provincia": "Huelva" }, "geometry": { "type": "MultiPoint", "coordinates": [ [ 143551.141009449987905, 4132294.537199739832431 ] ] } },
{ "type": "Feature", "properties": { "municipio": "Huéscar", "provincia": "Granada" }, "geometry": { "type": "MultiPoint", "coordinates": [ [ 540053.312332640052773, 4184407.463762539904565 ] ] } },
{ "type": "Feature", "properties": { "municipio": "Jerez de la Frontera", "provincia": "Cádiz" }, "geometry": { "type": "MultiPoint", "coordinates": [ [ 218592.90639155000099, 4065528.024516339879483 ] ] } },
{ "type": "Feature", "properties": { "municipio": "Almonaster la Real", "provincia": "Huelva" }, "geometry": { "type": "MultiPoint", "coordinates": [ [ 166418.435734260012396, 4189210.534472560044378 ] ] } },
{ "type": "Feature", "properties": { "municipio": "Málaga", "provincia": "Málaga" }, "geometry": { "type": "MultiPoint", "coordinates": [ [ 370104.573900009971112, 4063722.702099999878556 ] ] } },
{ "type": "Feature", "properties": { "municipio": "Jerez de la Frontera", "provincia": "Cádiz" }, "geometry": { "type": "MultiPoint", "coordinates": [ [ 230220.090064129995881, 4063243.125301649793983 ] ] } },
{ "type": "Feature", "properties": { "municipio": "Maracena", "provincia": "Granada" }, "geometry": { "type": "MultiPoint", "coordinates": [ [ 442865.8565, 4118205.111 ] ] } },
{ "type": "Feature", "properties": { "municipio": "Las Tres Villas", "provincia": "Almería" }, "geometry": { "type": "MultiPoint", "coordinates": [ [ 524335.639300119946711, 4109503.366494310088456 ] ] } },
{ "type": "Feature", "properties": { "municipio": "Gor", "provincia": "Granada" }, "geometry": { "type": "MultiPoint", "coordinates": [ [ 499569.294177789997775, 4140347.07472751988098 ] ] } },
{ "type": "Feature", "properties": { "municipio": "Sanlúcar de Barrameda", "provincia": "Cádiz" }, "geometry": { "type": "MultiPoint", "coordinates": [ [ 204000.335232100012945, 4081309.774159779772162 ] ] } },
{ "type": "Feature", "properties": { "municipio": "Fuente la Lancha", "provincia": "Córdoba" }, "geometry": { "type": "MultiPoint", "coordinates": [ [ 321358.794714490009937, 4254617.546109680086374 ] ] } },
{ "type": "Feature", "properties": { "municipio": "Cijuela", "provincia": "Granada" }, "geometry": { "type": "MultiPoint", "coordinates": [ [ 428192.464648580003995, 4117241.286883879918605 ] ] } },
{ "type": "Feature", "properties": { "municipio": "Salobreña", "provincia": "Granada" }, "geometry": { "type": "MultiPoint", "coordinates": [ [ 446377.528400000010151, 4066904.3966 ] ] } },
{ "type": "Feature", "properties": { "municipio": "Rincón de la Victoria", "provincia": "Málaga" }, "geometry": { "type": "MultiPoint", "coordinates": [ [ 385148.628199999977369, 4064063.115000000223517 ] ] } },
{ "type": "Feature", "properties": { "municipio": "Algeciras", "provincia": "Cádiz" }, "geometry": { "type": "MultiPoint", "coordinates": [ [ 278940.613949179998599, 4001391.8786112498492 ] ] } },
{ "type": "Feature", "properties": { "municipio": "Álora", "provincia": "Málaga" }, "geometry": { "type": "MultiPoint", "coordinates": [ [ 348095.683099980000407, 4077342.64959966018796 ] ] } },
{ "type": "Feature", "properties": { "municipio": "Carrión de los Céspedes", "provincia": "Sevilla" }, "geometry": { "type": "MultiPoint", "coordinates": [ [ 205091.56959222999285, 4140850.029737719800323 ] ] } },
{ "type": "Feature", "properties": { "municipio": "Andújar", "provincia": "Jaén" }, "geometry": { "type": "MultiPoint", "coordinates": [ [ 403268.282357839983888, 4212387.809419790282845 ] ] } },
{ "type": "Feature", "properties": { "municipio": "Peal de Becerro", "provincia": "Jaén" }, "geometry": { "type": "MultiPoint", "coordinates": [ [ 489588.344487740017939, 4196011.428835459984839 ] ] } },
{ "type": "Feature", "properties": { "municipio": "Níjar", "provincia": "Almería" }, "geometry": { "type": "MultiPoint", "coordinates": [ [ 579666.988366979989223, 4071671.872720319777727 ] ] } },
{ "type": "Feature", "properties": { "municipio": "Moguer", "provincia": "Huelva" }, "geometry": { "type": "MultiPoint", "coordinates": [ [ 159536.284506830008468, 4132217.383599820081145 ] ] } },
{ "type": "Feature", "properties": { "municipio": "Calañas", "provincia": "Huelva" }, "geometry": { "type": "MultiPoint", "coordinates": [ [ 160061.680348939989926, 4168529.804245629813522 ] ] } },
{ "type": "Feature", "properties": { "municipio": "Caniles", "provincia": "Granada" }, "geometry": { "type": "MultiPoint", "coordinates": [ [ 524435.901685800054111, 4143430.457005800213665 ] ] } },
{ "type": "Feature", "properties": { "municipio": "Valderrubio", "provincia": "Granada" }, "geometry": { "type": "MultiPoint", "coordinates": [ [ 427322.897267870022915, 4121043.512728520203382 ] ] } },
{ "type": "Feature", "properties": { "municipio": "Algarinejo", "provincia": "Granada" }, "geometry": { "type": "MultiPoint", "coordinates": [ [ 397603.686159330012742, 4131682.770082890056074 ] ] } },
{ "type": "Feature", "properties": { "municipio": "Almonte", "provincia": "Huelva" }, "geometry": { "type": "MultiPoint", "coordinates": [ [ 184000.771131020010216, 4101490.996925590094179 ] ] } },
{ "type": "Feature", "properties": { "municipio": "Periana", "provincia": "Málaga" }, "geometry": { "type": "MultiPoint", "coordinates": [ [ 394121.057199999981094, 4087410.926700000185519 ] ] } },
{ "type": "Feature", "properties": { "municipio": "Sevilla", "provincia": "Sevilla" }, "geometry": { "type": "MultiPoint", "coordinates": [ [ 237313.333716130000539, 4135127.892354430165142 ] ] } },
{ "type": "Feature", "properties": { "municipio": "Cortes de Baza", "provincia": "Granada" }, "geometry": { "type": "MultiPoint", "coordinates": [ [ 520267.058197519974783, 4167701.145133649930358 ] ] } },
{ "type": "Feature", "properties": { "municipio": "Belmez", "provincia": "Córdoba" }, "geometry": { "type": "MultiPoint", "coordinates": [ [ 301059.245450749993324, 4232815.719162089750171 ] ] } },
{ "type": "Feature", "properties": { "municipio": "Sorbas", "provincia": "Almería" }, "geometry": { "type": "MultiPoint", "coordinates": [ [ 580928.243232649983838, 4111376.568878820165992 ] ] } },
{ "type": "Feature", "properties": { "municipio": "Orce", "provincia": "Granada" }, "geometry": { "type": "MultiPoint", "coordinates": [ [ 546021.832608369993977, 4174946.753479300066829 ] ] } },
{ "type": "Feature", "properties": { "municipio": "Cortes y Graena", "provincia": "Granada" }, "geometry": { "type": "MultiPoint", "coordinates": [ [ 480607.499359840003308, 4128567.883606810122728 ] ] } },
{ "type": "Feature", "properties": { "municipio": "Chimeneas", "provincia": "Granada" }, "geometry": { "type": "MultiPoint", "coordinates": [ [ 422176.422076300019398, 4108082.57629575021565 ] ] } },
{ "type": "Feature", "properties": { "municipio": "Vélez-Málaga", "provincia": "Málaga" }, "geometry": { "type": "MultiPoint", "coordinates": [ [ 394195.377458230010234, 4068819.328729240223765 ] ] } },
{ "type": "Feature", "properties": { "municipio": "Sevilla", "provincia": "Sevilla" }, "geometry": { "type": "MultiPoint", "coordinates": [ [ 240219.546001020004041, 4145696.772999980021268 ] ] } },
{ "type": "Feature", "properties": { "municipio": "Quesada", "provincia": "Jaén" }, "geometry": { "type": "MultiPoint", "coordinates": [ [ 498277.182023259985726, 4179726.574350109789521 ] ] } },
{ "type": "Feature", "properties": { "municipio": "El Ejido", "provincia": "Almería" }, "geometry": { "type": "MultiPoint", "coordinates": [ [ 527406.103266019956209, 4063030.533829969819635 ] ] } },
{ "type": "Feature", "properties": { "municipio": "Vélez-Blanco", "provincia": "Almería" }, "geometry": { "type": "MultiPoint", "coordinates": [ [ 579784.279268819955178, 4172304.334009970072657 ] ] } },
{ "type": "Feature", "properties": { "municipio": "Linares", "provincia": "Jaén" }, "geometry": { "type": "MultiPoint", "coordinates": [ [ 448359.413840570021421, 4213979.02172644995153 ] ] } },
{ "type": "Feature", "properties": { "municipio": "Posadas", "provincia": "Córdoba" }, "geometry": { "type": "MultiPoint", "coordinates": [ [ 314702.290667939989362, 4185961.501562879886478 ] ] } },
{ "type": "Feature", "properties": { "municipio": "Torres de Albánchez", "provincia": "Jaén" }, "geometry": { "type": "MultiPoint", "coordinates": [ [ 527907.114230070030317, 4251861.952110059559345 ] ] } },
{ "type": "Feature", "properties": { "municipio": "Alcalá la Real", "provincia": "Jaén" }, "geometry": { "type": "MultiPoint", "coordinates": [ [ 413648.881053310004063, 4138429.740289739798754 ] ] } },
{ "type": "Feature", "properties": { "municipio": "Málaga", "provincia": "Málaga" }, "geometry": { "type": "MultiPoint", "coordinates": [ [ 371220.236200009996537, 4064452.72220000019297 ] ] } },
{ "type": "Feature", "properties": { "municipio": "Grazalema", "provincia": "Cádiz" }, "geometry": { "type": "MultiPoint", "coordinates": [ [ 288754.724255350010935, 4070773.072774390224367 ] ] } },
{ "type": "Feature", "properties": { "municipio": "Cartaya", "provincia": "Huelva" }, "geometry": { "type": "MultiPoint", "coordinates": [ [ 132141.281444040010683, 4134374.268048550002277 ] ] } },
{ "type": "Feature", "properties": { "municipio": "Níjar", "provincia": "Almería" }, "geometry": { "type": "MultiPoint", "coordinates": [ [ 577114.914522049948573, 4088106.926514849998057 ] ] } },
{ "type": "Feature", "properties": { "municipio": "Busquístar", "provincia": "Granada" }, "geometry": { "type": "MultiPoint", "coordinates": [ [ 473854.336913230014034, 4087991.925607869867235 ] ] } },
{ "type": "Feature", "properties": { "municipio": "Albolote", "provincia": "Granada" }, "geometry": { "type": "MultiPoint", "coordinates": [ [ 441644.554316949972417, 4123491.059420479927212 ] ] } },
{ "type": "Feature", "properties": { "municipio": "Vélez-Málaga", "provincia": "Málaga" }, "geometry": { "type": "MultiPoint", "coordinates": [ [ 390714.547790589975193, 4065245.107908810023218 ] ] } },
{ "type": "Feature", "properties": { "municipio": "Lucena", "provincia": "Córdoba" }, "geometry": { "type": "MultiPoint", "coordinates": [ [ 367857.814126730023418, 4141077.036018600221723 ] ] } },
{ "type": "Feature", "properties": { "municipio": "Chauchina", "provincia": "Granada" }, "geometry": { "type": "MultiPoint", "coordinates": [ [ 431467.060438300017267, 4117490.555406160186976 ] ] } },
{ "type": "Feature", "properties": { "municipio": "Benalmádena", "provincia": "Málaga" }, "geometry": { "type": "MultiPoint", "coordinates": [ [ 362459.179000010015443, 4049631.241 ] ] } },
{ "type": "Feature", "properties": { "municipio": "La Mojonera", "provincia": "Almería" }, "geometry": { "type": "MultiPoint", "coordinates": [ [ 527956.368310280027799, 4067439.194198510143906 ] ] } },
{ "type": "Feature", "properties": { "municipio": "Torreperogil", "provincia": "Jaén" }, "geometry": { "type": "MultiPoint", "coordinates": [ [ 474691.043301680008881, 4209529.259287980385125 ] ] } },
{ "type": "Feature", "properties": { "municipio": "Íllora", "provincia": "Granada" }, "geometry": { "type": "MultiPoint", "coordinates": [ [ 414141.181427199975587, 4121665.706701170187443 ] ] } },
{ "type": "Feature", "properties": { "municipio": "Las Cabezas de San Juan", "provincia": "Sevilla" }, "geometry": { "type": "MultiPoint", "coordinates": [ [ 238265.509240869985661, 4096962.24324588989839 ] ] } },
{ "type": "Feature", "properties": { "municipio": "Utrera", "provincia": "Sevilla" }, "geometry": { "type": "MultiPoint", "coordinates": [ [ 253308.085900700010825, 4118515.081199990119785 ] ] } },
{ "type": "Feature", "properties": { "municipio": "Padul", "provincia": "Granada" }, "geometry": { "type": "MultiPoint", "coordinates": [ [ 444079.6166, 4097885.501199999824166 ] ] } },
{ "type": "Feature", "properties": { "municipio": "Fuente Carreteros", "provincia": "Córdoba" }, "geometry": { "type": "MultiPoint", "coordinates": [ [ 310039.238289810018614, 4171445.286956970114261 ] ] } },
{ "type": "Feature", "properties": { "municipio": "Valverde del Camino", "provincia": "Huelva" }, "geometry": { "type": "MultiPoint", "coordinates": [ [ 168929.564722699986305, 4165093.949079480022192 ] ] } },
{ "type": "Feature", "properties": { "municipio": "Lucena", "provincia": "Córdoba" }, "geometry": { "type": "MultiPoint", "coordinates": [ [ 359257.408199879981112, 4142727.736400209832937 ] ] } },
{ "type": "Feature", "properties": { "municipio": "Alicún", "provincia": "Almería" }, "geometry": { "type": "MultiPoint", "coordinates": [ [ 535397.141419820021838, 4091221.207490149885416 ] ] } },
{ "type": "Feature", "properties": { "municipio": "Bonares", "provincia": "Huelva" }, "geometry": { "type": "MultiPoint", "coordinates": [ [ 174142.74310501999571, 4137665.981199869886041 ] ] } },
{ "type": "Feature", "properties": { "municipio": "Zalamea la Real", "provincia": "Huelva" }, "geometry": { "type": "MultiPoint", "coordinates": [ [ 170310.927757149998797, 4178416.023106290027499 ] ] } },
{ "type": "Feature", "properties": { "municipio": "Los Barrios", "provincia": "Cádiz" }, "geometry": { "type": "MultiPoint", "coordinates": [ [ 280715.664141729997937, 4007543.105720509774983 ] ] } },
{ "type": "Feature", "properties": { "municipio": "Puente de Génave", "provincia": "Jaén" }, "geometry": { "type": "MultiPoint", "coordinates": [ [ 517349.633042139990721, 4245435.149969230405986 ] ] } },
{ "type": "Feature", "properties": { "municipio": "Antequera", "provincia": "Málaga" }, "geometry": { "type": "MultiPoint", "coordinates": [ [ 349145.424400019983295, 4100947.318 ] ] } },
{ "type": "Feature", "properties": { "municipio": "Alhama de Granada", "provincia": "Granada" }, "geometry": { "type": "MultiPoint", "coordinates": [ [ 400220.473119480011519, 4090702.855991560034454 ] ] } },
{ "type": "Feature", "properties": { "municipio": "Guadix", "provincia": "Granada" }, "geometry": { "type": "MultiPoint", "coordinates": [ [ 488722.604964300000574, 4130036.938471389934421 ] ] } },
{ "type": "Feature", "properties": { "municipio": "Moclín", "provincia": "Granada" }, "geometry": { "type": "MultiPoint", "coordinates": [ [ 426160.25089999998454, 4132539.552199999801815 ] ] } },
{ "type": "Feature", "properties": { "municipio": "Castril", "provincia": "Granada" }, "geometry": { "type": "MultiPoint", "coordinates": [ [ 521452.426597710000351, 4180060.755805539898574 ] ] } },
{ "type": "Feature", "properties": { "municipio": "Castilléjar", "provincia": "Granada" }, "geometry": { "type": "MultiPoint", "coordinates": [ [ 531489.824432890047319, 4174110.258646729867905 ] ] } },
{ "type": "Feature", "properties": { "municipio": "Jérez del Marquesado", "provincia": "Granada" }, "geometry": { "type": "MultiPoint", "coordinates": [ [ 485779.648609899973962, 4115222.713741189800203 ] ] } },
{ "type": "Feature", "properties": { "municipio": "Berrocal", "provincia": "Huelva" }, "geometry": { "type": "MultiPoint", "coordinates": [ [ 187379.877936639997642, 4168115.214225769974291 ] ] } },
{ "type": "Feature", "properties": { "municipio": "Torrenueva Costa", "provincia": "Granada" }, "geometry": { "type": "MultiPoint", "coordinates": [ [ 456022.74920000002021, 4062349.301899999845773 ] ] } },
{ "type": "Feature", "properties": { "municipio": "Albuñol", "provincia": "Granada" }, "geometry": { "type": "MultiPoint", "coordinates": [ [ 481405.143162829976063, 4071855.381937140133232 ] ] } },
{ "type": "Feature", "properties": { "municipio": "Ogíjares", "provincia": "Granada" }, "geometry": { "type": "MultiPoint", "coordinates": [ [ 445975.325952949991915, 4107976.922185060102493 ] ] } },
{ "type": "Feature", "properties": { "municipio": "Málaga", "provincia": "Málaga" }, "geometry": { "type": "MultiPoint", "coordinates": [ [ 379083.983599999977741, 4064472.793200000189245 ] ] } },
{ "type": "Feature", "properties": { "municipio": "Sorvilán", "provincia": "Granada" }, "geometry": { "type": "MultiPoint", "coordinates": [ [ 476379.954900000011548, 4072075.24239999987185 ] ] } },
{ "type": "Feature", "properties": { "municipio": "Suflí", "provincia": "Almería" }, "geometry": { "type": "MultiPoint", "coordinates": [ [ 554337.916314670001157, 4132726.730264729820192 ] ] } },
{ "type": "Feature", "properties": { "municipio": "Rioja", "provincia": "Almería" }, "geometry": { "type": "MultiPoint", "coordinates": [ [ 547863.51296059996821, 4088809.108037149999291 ] ] } },
{ "type": "Feature", "properties": { "municipio": "Vejer de la Frontera", "provincia": "Cádiz" }, "geometry": { "type": "MultiPoint", "coordinates": [ [ 233404.022201179992408, 4015618.458599979989231 ] ] } },
{ "type": "Feature", "properties": { "municipio": "Chipiona", "provincia": "Cádiz" }, "geometry": { "type": "MultiPoint", "coordinates": [ [ 193754.243874959996901, 4071672.526034120004624 ] ] } },
{ "type": "Feature", "properties": { "municipio": "Los Corrales", "provincia": "Sevilla" }, "geometry": { "type": "MultiPoint", "coordinates": [ [ 324010.580511640000623, 4107758.762918259948492 ] ] } },
{ "type": "Feature", "properties": { "municipio": "Córdoba", "provincia": "Córdoba" }, "geometry": { "type": "MultiPoint", "coordinates": [ [ 343447.805250809993595, 4196041.825555000454187 ] ] } },
{ "type": "Feature", "properties": { "municipio": "Sevilla", "provincia": "Sevilla" }, "geometry": { "type": "MultiPoint", "coordinates": [ [ 235905.554901140014408, 4142800.01859998004511 ] ] } },
{ "type": "Feature", "properties": { "municipio": "Alhama de Granada", "provincia": "Granada" }, "geometry": { "type": "MultiPoint", "coordinates": [ [ 411900.962433959997725, 4095839.36998819001019 ] ] } },
{ "type": "Feature", "properties": { "municipio": "Martos", "provincia": "Jaén" }, "geometry": { "type": "MultiPoint", "coordinates": [ [ 402118.673410110000987, 4173585.251808369997889 ] ] } },
{ "type": "Feature", "properties": { "municipio": "Chiclana de Segura", "provincia": "Jaén" }, "geometry": { "type": "MultiPoint", "coordinates": [ [ 496291.043248459987808, 4240443.600880200043321 ] ] } },
{ "type": "Feature", "properties": { "municipio": "Ugíjar", "provincia": "Granada" }, "geometry": { "type": "MultiPoint", "coordinates": [ [ 490333.260822720010765, 4086830.248564200010151 ] ] } },
{ "type": "Feature", "properties": { "municipio": "La Línea de la Concepción", "provincia": "Cádiz" }, "geometry": { "type": "MultiPoint", "coordinates": [ [ 288003.304200229991693, 4004951.899300000164658 ] ] } },
{ "type": "Feature", "properties": { "municipio": "Guadahortuna", "provincia": "Granada" }, "geometry": { "type": "MultiPoint", "coordinates": [ [ 464916.669827639998402, 4156606.217770040035248 ] ] } },
{ "type": "Feature", "properties": { "municipio": "Andújar", "provincia": "Jaén" }, "geometry": { "type": "MultiPoint", "coordinates": [ [ 415909.3057838800014, 4209115.495924489572644 ] ] } },
{ "type": "Feature", "properties": { "municipio": "Monda", "provincia": "Málaga" }, "geometry": { "type": "MultiPoint", "coordinates": [ [ 336153.894605759996921, 4055493.802235309965909 ] ] } },
{ "type": "Feature", "properties": { "municipio": "Vélez-Málaga", "provincia": "Málaga" }, "geometry": { "type": "MultiPoint", "coordinates": [ [ 395944.968972750008106, 4075428.220414930023253 ] ] } },
{ "type": "Feature", "properties": { "municipio": "Castilblanco de los Arroyos", "provincia": "Sevilla" }, "geometry": { "type": "MultiPoint", "coordinates": [ [ 236398.018961119989399, 4174139.227678290102631 ] ] } },
{ "type": "Feature", "properties": { "municipio": "Turre", "provincia": "Almería" }, "geometry": { "type": "MultiPoint", "coordinates": [ [ 598292.227454019943252, 4112389.273951380047947 ] ] } },
{ "type": "Feature", "properties": { "municipio": "Villaverde del Río", "provincia": "Sevilla" }, "geometry": { "type": "MultiPoint", "coordinates": [ [ 246634.313305980002042, 4164014.151113010011613 ] ] } },
{ "type": "Feature", "properties": { "municipio": "Albanchez de Mágina", "provincia": "Jaén" }, "geometry": { "type": "MultiPoint", "coordinates": [ [ 458980.104056890006177, 4183086.258742219768465 ] ] } },
{ "type": "Feature", "properties": { "municipio": "Alcalá de los Gazules", "provincia": "Cádiz" }, "geometry": { "type": "MultiPoint", "coordinates": [ [ 255970.673471599991899, 4038534.265446470119059 ] ] } },
{ "type": "Feature", "properties": { "municipio": "Fuente Obejuna", "provincia": "Córdoba" }, "geometry": { "type": "MultiPoint", "coordinates": [ [ 288515.627183720003814, 4238217.198606570251286 ] ] } },
{ "type": "Feature", "properties": { "municipio": "Gibraleón", "provincia": "Huelva" }, "geometry": { "type": "MultiPoint", "coordinates": [ [ 148950.62551730000996, 4143935.558690600097179 ] ] } },
{ "type": "Feature", "properties": { "municipio": "Cortes de Baza", "provincia": "Granada" }, "geometry": { "type": "MultiPoint", "coordinates": [ [ 516691.158350599987898, 4169704.591119800228626 ] ] } },
{ "type": "Feature", "properties": { "municipio": "Algeciras", "provincia": "Cádiz" }, "geometry": { "type": "MultiPoint", "coordinates": [ [ 279544.360336760000791, 4001502.461741160135716 ] ] } },
{ "type": "Feature", "properties": { "municipio": "Montoro", "provincia": "Córdoba" }, "geometry": { "type": "MultiPoint", "coordinates": [ [ 378660.236429189972114, 4208502.615817990154028 ] ] } },
{ "type": "Feature", "properties": { "municipio": "Galera", "provincia": "Granada" }, "geometry": { "type": "MultiPoint", "coordinates": [ [ 539416.535099999979138, 4177278.113400000147521 ] ] } },
{ "type": "Feature", "properties": { "municipio": "Córdoba", "provincia": "Córdoba" }, "geometry": { "type": "MultiPoint", "coordinates": [ [ 343580.379635309975129, 4197334.56882612966001 ] ] } },
{ "type": "Feature", "properties": { "municipio": "Fuente Obejuna", "provincia": "Córdoba" }, "geometry": { "type": "MultiPoint", "coordinates": [ [ 276140.189650069980416, 4244769.654335020110011 ] ] } },
{ "type": "Feature", "properties": { "municipio": "Torredelcampo", "provincia": "Jaén" }, "geometry": { "type": "MultiPoint", "coordinates": [ [ 420856.6693, 4180724.7185 ] ] } },
{ "type": "Feature", "properties": { "municipio": "Cazalla de la Sierra", "provincia": "Sevilla" }, "geometry": { "type": "MultiPoint", "coordinates": [ [ 257542.695400630007498, 4202038.202099990099669 ] ] } },
{ "type": "Feature", "properties": { "municipio": "Sevilla", "provincia": "Sevilla" }, "geometry": { "type": "MultiPoint", "coordinates": [ [ 233552.923822540004039, 4142357.32003071019426 ] ] } },
{ "type": "Feature", "properties": { "municipio": "Iznájar", "provincia": "Córdoba" }, "geometry": { "type": "MultiPoint", "coordinates": [ [ 383930.686314870021306, 4124154.632894509937614 ] ] } },
{ "type": "Feature", "properties": { "municipio": "Mijas", "provincia": "Málaga" }, "geometry": { "type": "MultiPoint", "coordinates": [ [ 353498.795400020026136, 4051414.372599999886006 ] ] } },
{ "type": "Feature", "properties": { "municipio": "Camas", "provincia": "Sevilla" }, "geometry": { "type": "MultiPoint", "coordinates": [ [ 230997.928930040012347, 4141805.97356976987794 ] ] } },
{ "type": "Feature", "properties": { "municipio": "Alcalá del Valle", "provincia": "Cádiz" }, "geometry": { "type": "MultiPoint", "coordinates": [ [ 306566.288564199989196, 4086352.631952419877052 ] ] } },
{ "type": "Feature", "properties": { "municipio": "Linares de la Sierra", "provincia": "Huelva" }, "geometry": { "type": "MultiPoint", "coordinates": [ [ 181410.217082640010631, 4198698.216258539818227 ] ] } },
{ "type": "Feature", "properties": { "municipio": "Málaga", "provincia": "Málaga" }, "geometry": { "type": "MultiPoint", "coordinates": [ [ 372725.054800009995233, 4063905.2525 ] ] } },
{ "type": "Feature", "properties": { "municipio": "Villanueva del Río y Minas", "provincia": "Sevilla" }, "geometry": { "type": "MultiPoint", "coordinates": [ [ 262671.8757844499778, 4167976.320884129963815 ] ] } },
{ "type": "Feature", "properties": { "municipio": "Almonte", "provincia": "Huelva" }, "geometry": { "type": "MultiPoint", "coordinates": [ [ 190206.036803499999223, 4115245.8752999198623 ] ] } },
{ "type": "Feature", "properties": { "municipio": "Marbella", "provincia": "Málaga" }, "geometry": { "type": "MultiPoint", "coordinates": [ [ 321188.215220250014681, 4039732.028412280138582 ] ] } },
{ "type": "Feature", "properties": { "municipio": "La Puebla del Río", "provincia": "Sevilla" }, "geometry": { "type": "MultiPoint", "coordinates": [ [ 228235.609695149993058, 4128761.204875539988279 ] ] } },
{ "type": "Feature", "properties": { "municipio": "Níjar", "provincia": "Almería" }, "geometry": { "type": "MultiPoint", "coordinates": [ [ 588435.854463850031607, 4081878.034020279999822 ] ] } },
{ "type": "Feature", "properties": { "municipio": "Almonaster la Real", "provincia": "Huelva" }, "geometry": { "type": "MultiPoint", "coordinates": [ [ 176339.370096300001023, 4187387.920411569997668 ] ] } },
{ "type": "Feature", "properties": { "municipio": "Espejo", "provincia": "Córdoba" }, "geometry": { "type": "MultiPoint", "coordinates": [ [ 362900.008072729979176, 4171065.24304893007502 ] ] } },
{ "type": "Feature", "properties": { "municipio": "Santa Eufemia", "provincia": "Córdoba" }, "geometry": { "type": "MultiPoint", "coordinates": [ [ 334328.683023169985972, 4273621.317692499607801 ] ] } },
{ "type": "Feature", "properties": { "municipio": "Fines", "provincia": "Almería" }, "geometry": { "type": "MultiPoint", "coordinates": [ [ 565324.509237580001354, 4135236.40016272990033 ] ] } },
{ "type": "Feature", "properties": { "municipio": "Alhendín", "provincia": "Granada" }, "geometry": { "type": "MultiPoint", "coordinates": [ [ 442779.693388119980227, 4107044.49455 ] ] } },
{ "type": "Feature", "properties": { "municipio": "Jerez de la Frontera", "provincia": "Cádiz" }, "geometry": { "type": "MultiPoint", "coordinates": [ [ 232942.327584649989149, 4059525.40457961987704 ] ] } },
{ "type": "Feature", "properties": { "municipio": "Córdoba", "provincia": "Córdoba" }, "geometry": { "type": "MultiPoint", "coordinates": [ [ 336984.408149019989651, 4192868.201164499856532 ] ] } },
{ "type": "Feature", "properties": { "municipio": "Zurgena", "provincia": "Almería" }, "geometry": { "type": "MultiPoint", "coordinates": [ [ 584874.303023679996841, 4134456.518048440106213 ] ] } },
{ "type": "Feature", "properties": { "municipio": "Almería", "provincia": "Almería" }, "geometry": { "type": "MultiPoint", "coordinates": [ [ 554449.000023909960873, 4079595.16383657976985 ] ] } },
{ "type": "Feature", "properties": { "municipio": "Monachil", "provincia": "Granada" }, "geometry": { "type": "MultiPoint", "coordinates": [ [ 464534.035550720000174, 4105250.224731979891658 ] ] } },
{ "type": "Feature", "properties": { "municipio": "Almería", "provincia": "Almería" }, "geometry": { "type": "MultiPoint", "coordinates": [ [ 557764.943199999979697, 4078565.512699999846518 ] ] } },
{ "type": "Feature", "properties": { "municipio": "Pinos Puente", "provincia": "Granada" }, "geometry": { "type": "MultiPoint", "coordinates": [ [ 419781.256789779989049, 4115211.026782250031829 ] ] } },
{ "type": "Feature", "properties": { "municipio": "Isla Mayor", "provincia": "Sevilla" }, "geometry": { "type": "MultiPoint", "coordinates": [ [ 218791.131206149992067, 4114348.059817399829626 ] ] } },
{ "type": "Feature", "properties": { "municipio": "Andújar", "provincia": "Jaén" }, "geometry": { "type": "MultiPoint", "coordinates": [ [ 413495.647083910007495, 4209113.728887530043721 ] ] } },
{ "type": "Feature", "properties": { "municipio": "Lubrín", "provincia": "Almería" }, "geometry": { "type": "MultiPoint", "coordinates": [ [ 582318.998439499991946, 4122091.755299840122461 ] ] } },
{ "type": "Feature", "properties": { "municipio": "Ayamonte", "provincia": "Huelva" }, "geometry": { "type": "MultiPoint", "coordinates": [ [ 111416.927479770005448, 4123037.107041480019689 ] ] } },
{ "type": "Feature", "properties": { "municipio": "Montemayor", "provincia": "Córdoba" }, "geometry": { "type": "MultiPoint", "coordinates": [ [ 349946.418999830028042, 4168113.512800219934434 ] ] } },
{ "type": "Feature", "properties": { "municipio": "Jerez de la Frontera", "provincia": "Cádiz" }, "geometry": { "type": "MultiPoint", "coordinates": [ [ 240250.573123979993397, 4062279.655022929888219 ] ] } },
{ "type": "Feature", "properties": { "municipio": "Abrucena", "provincia": "Almería" }, "geometry": { "type": "MultiPoint", "coordinates": [ [ 518336.900573300023098, 4109796.387758289929479 ] ] } },
{ "type": "Feature", "properties": { "municipio": "Cuevas del Almanzora", "provincia": "Almería" }, "geometry": { "type": "MultiPoint", "coordinates": [ [ 599753.07677537004929, 4128056.960954780224711 ] ] } },
{ "type": "Feature", "properties": { "municipio": "Loja", "provincia": "Granada" }, "geometry": { "type": "MultiPoint", "coordinates": [ [ 388823.247722729982343, 4120866.375954169780016 ] ] } },
{ "type": "Feature", "properties": { "municipio": "Lora de Estepa", "provincia": "Sevilla" }, "geometry": { "type": "MultiPoint", "coordinates": [ [ 337891.497598989983089, 4126111.275999870151281 ] ] } },
{ "type": "Feature", "properties": { "municipio": "El Pinar", "provincia": "Granada" }, "geometry": { "type": "MultiPoint", "coordinates": [ [ 450679.988340070005506, 4085343.508549000136554 ] ] } },
{ "type": "Feature", "properties": { "municipio": "Villanueva del Arzobispo", "provincia": "Jaén" }, "geometry": { "type": "MultiPoint", "coordinates": [ [ 499260.353696769976523, 4224225.783621990121901 ] ] } },
{ "type": "Feature", "properties": { "municipio": "Sevilla", "provincia": "Sevilla" }, "geometry": { "type": "MultiPoint", "coordinates": [ [ 237188.778001099999528, 4140940.071999980136752 ] ] } },
{ "type": "Feature", "properties": { "municipio": "Córdoba", "provincia": "Córdoba" }, "geometry": { "type": "MultiPoint", "coordinates": [ [ 343359.950400030007586, 4195229.8745 ] ] } },
{ "type": "Feature", "properties": { "municipio": "Pozo Alcón", "provincia": "Jaén" }, "geometry": { "type": "MultiPoint", "coordinates": [ [ 502398.327167090028524, 4169436.85061204014346 ] ] } },
{ "type": "Feature", "properties": { "municipio": "Estepona", "provincia": "Málaga" }, "geometry": { "type": "MultiPoint", "coordinates": [ [ 308011.097300000023097, 4034031.982100000139326 ] ] } },
{ "type": "Feature", "properties": { "municipio": "Níjar", "provincia": "Almería" }, "geometry": { "type": "MultiPoint", "coordinates": [ [ 570842.261623459984548, 4081875.34795285994187 ] ] } },
{ "type": "Feature", "properties": { "municipio": "Colomera", "provincia": "Granada" }, "geometry": { "type": "MultiPoint", "coordinates": [ [ 435091.339663419988938, 4140405.558942859992385 ] ] } },
{ "type": "Feature", "properties": { "municipio": "San Juan del Puerto", "provincia": "Huelva" }, "geometry": { "type": "MultiPoint", "coordinates": [ [ 159185.614014, 4136757.807900609914213 ] ] } },
{ "type": "Feature", "properties": { "municipio": "Motril", "provincia": "Granada" }, "geometry": { "type": "MultiPoint", "coordinates": [ [ 462646.622099999978673, 4061801.074500000104308 ] ] } },
{ "type": "Feature", "properties": { "municipio": "Alanís", "provincia": "Sevilla" }, "geometry": { "type": "MultiPoint", "coordinates": [ [ 261849.16035198001191, 4213753.818920820020139 ] ] } },
{ "type": "Feature", "properties": { "municipio": "Almería", "provincia": "Almería" }, "geometry": { "type": "MultiPoint", "coordinates": [ [ 549182.421478340053, 4076689.197991719935089 ] ] } },
{ "type": "Feature", "properties": { "municipio": "Tarifa", "provincia": "Cádiz" }, "geometry": { "type": "MultiPoint", "coordinates": [ [ 252012.491425299987895, 4007890.680004610214382 ] ] } },
{ "type": "Feature", "properties": { "municipio": "Rute", "provincia": "Córdoba" }, "geometry": { "type": "MultiPoint", "coordinates": [ [ 378458.014148349990137, 4132096.804269100073725 ] ] } },
{ "type": "Feature", "properties": { "municipio": "Moriles", "provincia": "Córdoba" }, "geometry": { "type": "MultiPoint", "coordinates": [ [ 357549.748899870028254, 4144559.244100209791213 ] ] } },
{ "type": "Feature", "properties": { "municipio": "Gor", "provincia": "Granada" }, "geometry": { "type": "MultiPoint", "coordinates": [ [ 508669.870383370027412, 4131825.331555619835854 ] ] } },
{ "type": "Feature", "properties": { "municipio": "Úbeda", "provincia": "Jaén" }, "geometry": { "type": "MultiPoint", "coordinates": [ [ 468310.168294890027028, 4207673.526411790400743 ] ] } },
{ "type": "Feature", "properties": { "municipio": "Cabra", "provincia": "Córdoba" }, "geometry": { "type": "MultiPoint", "coordinates": [ [ 372754.514080789987929, 4148238.624138759914786 ] ] } },
{ "type": "Feature", "properties": { "municipio": "El Valle", "provincia": "Granada" }, "geometry": { "type": "MultiPoint", "coordinates": [ [ 448145.101385580026545, 4087213.532108719926327 ] ] } },
{ "type": "Feature", "properties": { "municipio": "Cortelazor", "provincia": "Huelva" }, "geometry": { "type": "MultiPoint", "coordinates": [ [ 181377.575159019994317, 4204862.877845300361514 ] ] } },
{ "type": "Feature", "properties": { "municipio": "Torremolinos", "provincia": "Málaga" }, "geometry": { "type": "MultiPoint", "coordinates": [ [ 365504.150798039976507, 4054167.445683789905161 ] ] } },
{ "type": "Feature", "properties": { "municipio": "Cantoria", "provincia": "Almería" }, "geometry": { "type": "MultiPoint", "coordinates": [ [ 571179.430963329970837, 4134268.927928819786757 ] ] } },
{ "type": "Feature", "properties": { "municipio": "Huétor Tájar", "provincia": "Granada" }, "geometry": { "type": "MultiPoint", "coordinates": [ [ 407833.044157230004203, 4115750.499135650228709 ] ] } },
{ "type": "Feature", "properties": { "municipio": "Villanueva de las Torres", "provincia": "Granada" }, "geometry": { "type": "MultiPoint", "coordinates": [ [ 492068.3419, 4156637.3361 ] ] } },
{ "type": "Feature", "properties": { "municipio": "Jubrique", "provincia": "Málaga" }, "geometry": { "type": "MultiPoint", "coordinates": [ [ 301729.158899920003023, 4048832.401599119883031 ] ] } },
{ "type": "Feature", "properties": { "municipio": "Cacín", "provincia": "Granada" }, "geometry": { "type": "MultiPoint", "coordinates": [ [ 416408.487853400001768, 4110083.668325860053301 ] ] } },
{ "type": "Feature", "properties": { "municipio": "Villamartín", "provincia": "Cádiz" }, "geometry": { "type": "MultiPoint", "coordinates": [ [ 264014.808638220012654, 4082495.512039570137858 ] ] } },
{ "type": "Feature", "properties": { "municipio": "Mijas", "provincia": "Málaga" }, "geometry": { "type": "MultiPoint", "coordinates": [ [ 353886.899053390021436, 4045549.679519359953701 ] ] } },
{ "type": "Feature", "properties": { "municipio": "Güevéjar", "provincia": "Granada" }, "geometry": { "type": "MultiPoint", "coordinates": [ [ 447086.067034300009254, 4123718.86516522988677 ] ] } },
{ "type": "Feature", "properties": { "municipio": "Lepe", "provincia": "Huelva" }, "geometry": { "type": "MultiPoint", "coordinates": [ [ 125381.818313419993501, 4126184.891599609982222 ] ] } },
{ "type": "Feature", "properties": { "municipio": "Villardompardo", "provincia": "Jaén" }, "geometry": { "type": "MultiPoint", "coordinates": [ [ 411922.238819909980521, 4188531.896708409767598 ] ] } },
{ "type": "Feature", "properties": { "municipio": "La Puebla de los Infantes", "provincia": "Sevilla" }, "geometry": { "type": "MultiPoint", "coordinates": [ [ 289903.17148995999014, 4184319.739725859835744 ] ] } },
{ "type": "Feature", "properties": { "municipio": "Gerena", "provincia": "Sevilla" }, "geometry": { "type": "MultiPoint", "coordinates": [ [ 221505.828001660003792, 4158373.871799959801137 ] ] } },
{ "type": "Feature", "properties": { "municipio": "Fuente Obejuna", "provincia": "Córdoba" }, "geometry": { "type": "MultiPoint", "coordinates": [ [ 281971.094276170013472, 4237082.095568520016968 ] ] } },
{ "type": "Feature", "properties": { "municipio": "Padules", "provincia": "Almería" }, "geometry": { "type": "MultiPoint", "coordinates": [ [ 520076.583582410006784, 4094775.335848280228674 ] ] } },
{ "type": "Feature", "properties": { "municipio": "Alhaurín de la Torre", "provincia": "Málaga" }, "geometry": { "type": "MultiPoint", "coordinates": [ [ 360635.344600010022987, 4058486.1798 ] ] } },
{ "type": "Feature", "properties": { "municipio": "Lecrín", "provincia": "Granada" }, "geometry": { "type": "MultiPoint", "coordinates": [ [ 450565.153624569997191, 4088306.706894159782678 ] ] } },
{ "type": "Feature", "properties": { "municipio": "Écija", "provincia": "Sevilla" }, "geometry": { "type": "MultiPoint", "coordinates": [ [ 316275.104600090009626, 4169986.0589 ] ] } },
{ "type": "Feature", "properties": { "municipio": "Cástaras", "provincia": "Granada" }, "geometry": { "type": "MultiPoint", "coordinates": [ [ 477384.983129470027052, 4087301.884393380023539 ] ] } },
{ "type": "Feature", "properties": { "municipio": "Cádiz", "provincia": "Cádiz" }, "geometry": { "type": "MultiPoint", "coordinates": [ [ 204690.165602449997095, 4048176.197799949906766 ] ] } },
{ "type": "Feature", "properties": { "municipio": "Villanueva de las Cruces", "provincia": "Huelva" }, "geometry": { "type": "MultiPoint", "coordinates": [ [ 144772.593452250002883, 4172062.020751989912242 ] ] } },
{ "type": "Feature", "properties": { "municipio": "La Algaba", "provincia": "Sevilla" }, "geometry": { "type": "MultiPoint", "coordinates": [ [ 233468.327145370014478, 4150794.968830179888755 ] ] } },
{ "type": "Feature", "properties": { "municipio": "Málaga", "provincia": "Málaga" }, "geometry": { "type": "MultiPoint", "coordinates": [ [ 382155.2391, 4070296.9024 ] ] } },
{ "type": "Feature", "properties": { "municipio": "Alcudia de Monteagud", "provincia": "Almería" }, "geometry": { "type": "MultiPoint", "coordinates": [ [ 565094.671300000045449, 4121203.17450000019744 ] ] } },
{ "type": "Feature", "properties": { "municipio": "Beas de Segura", "provincia": "Jaén" }, "geometry": { "type": "MultiPoint", "coordinates": [ [ 514380.261226069997065, 4234374.732199350371957 ] ] } },
{ "type": "Feature", "properties": { "municipio": "Los Guájares", "provincia": "Granada" }, "geometry": { "type": "MultiPoint", "coordinates": [ [ 447899.181358840025496, 4077471.248211150057614 ] ] } },
{ "type": "Feature", "properties": { "municipio": "Salobreña", "provincia": "Granada" }, "geometry": { "type": "MultiPoint", "coordinates": [ [ 449643.446600000024773, 4069773.316800000146031 ] ] } },
{ "type": "Feature", "properties": { "municipio": "Isla Mayor", "provincia": "Sevilla" }, "geometry": { "type": "MultiPoint", "coordinates": [ [ 221721.991745400009677, 4117973.940551780164242 ] ] } },
{ "type": "Feature", "properties": { "municipio": "Puerto Real", "provincia": "Cádiz" }, "geometry": { "type": "MultiPoint", "coordinates": [ [ 214393.918301939993398, 4047059.39269996015355 ] ] } },
{ "type": "Feature", "properties": { "municipio": "La Guardia de Jaén", "provincia": "Jaén" }, "geometry": { "type": "MultiPoint", "coordinates": [ [ 435151.044795179972425, 4179813.053889899980277 ] ] } },
{ "type": "Feature", "properties": { "municipio": "Aroche", "provincia": "Huelva" }, "geometry": { "type": "MultiPoint", "coordinates": [ [ 160919.022271519992501, 4209305.914996289648116 ] ] } },
{ "type": "Feature", "properties": { "municipio": "San Roque", "provincia": "Cádiz" }, "geometry": { "type": "MultiPoint", "coordinates": [ [ 285461.632936210022308, 4006759.291939939837903 ] ] } },
{ "type": "Feature", "properties": { "municipio": "Genalguacil", "provincia": "Málaga" }, "geometry": { "type": "MultiPoint", "coordinates": [ [ 299848.32750016002683, 4046746.901500000152737 ] ] } },
{ "type": "Feature", "properties": { "municipio": "Valle del Zalabí", "provincia": "Granada" }, "geometry": { "type": "MultiPoint", "coordinates": [ [ 504069.663215790002141, 4127499.375657369848341 ] ] } },
{ "type": "Feature", "properties": { "municipio": "Válor", "provincia": "Granada" }, "geometry": { "type": "MultiPoint", "coordinates": [ [ 493906.112368099973537, 4094566.577723159920424 ] ] } },
{ "type": "Feature", "properties": { "municipio": "Chiclana de la Frontera", "provincia": "Cádiz" }, "geometry": { "type": "MultiPoint", "coordinates": [ [ 215806.371184669987997, 4032508.897839080076665 ] ] } },
{ "type": "Feature", "properties": { "municipio": "Órgiva", "provincia": "Granada" }, "geometry": { "type": "MultiPoint", "coordinates": [ [ 464427.78791045001708, 4082059.105874539818615 ] ] } },
{ "type": "Feature", "properties": { "municipio": "Priego de Córdoba", "provincia": "Córdoba" }, "geometry": { "type": "MultiPoint", "coordinates": [ [ 393744.185552850016393, 4144287.107423769775778 ] ] } },
{ "type": "Feature", "properties": { "municipio": "Almonaster la Real", "provincia": "Huelva" }, "geometry": { "type": "MultiPoint", "coordinates": [ [ 173905.459899940004107, 4190363.614171979948878 ] ] } },
{ "type": "Feature", "properties": { "municipio": "Puente Genil", "provincia": "Córdoba" }, "geometry": { "type": "MultiPoint", "coordinates": [ [ 343400.084438049991149, 4139825.616589219775051 ] ] } },
{ "type": "Feature", "properties": { "municipio": "Málaga", "provincia": "Málaga" }, "geometry": { "type": "MultiPoint", "coordinates": [ [ 370074.596300009987317, 4064611.1335 ] ] } },
{ "type": "Feature", "properties": { "municipio": "Morelábor", "provincia": "Granada" }, "geometry": { "type": "MultiPoint", "coordinates": [ [ 470746.271560400025919, 4143552.315259709954262 ] ] } },
{ "type": "Feature", "properties": { "municipio": "Dos Hermanas", "provincia": "Sevilla" }, "geometry": { "type": "MultiPoint", "coordinates": [ [ 240544.71580100999563, 4129711.109699979890138 ] ] } },
{ "type": "Feature", "properties": { "municipio": "Villanueva del Duque", "provincia": "Córdoba" }, "geometry": { "type": "MultiPoint", "coordinates": [ [ 325476.24819190002745, 4251530.095109599642456 ] ] } },
{ "type": "Feature", "properties": { "municipio": "Lubrín", "provincia": "Almería" }, "geometry": { "type": "MultiPoint", "coordinates": [ [ 582678.876231250003912, 4119208.382009149994701 ] ] } },
{ "type": "Feature", "properties": { "municipio": "Begíjar", "provincia": "Jaén" }, "geometry": { "type": "MultiPoint", "coordinates": [ [ 453222.177046050026547, 4204375.831495310179889 ] ] } },
{ "type": "Feature", "properties": { "municipio": "Adra", "provincia": "Almería" }, "geometry": { "type": "MultiPoint", "coordinates": [ [ 501203.283400000014808, 4067907.932500000111759 ] ] } },
{ "type": "Feature", "properties": { "municipio": "Úbeda", "provincia": "Jaén" }, "geometry": { "type": "MultiPoint", "coordinates": [ [ 466278.642117089999374, 4213146.560776630416512 ] ] } },
{ "type": "Feature", "properties": { "municipio": "Jerez de la Frontera", "provincia": "Cádiz" }, "geometry": { "type": "MultiPoint", "coordinates": [ [ 234513.964457249996485, 4056702.439205879811198 ] ] } },
{ "type": "Feature", "properties": { "municipio": "Tahal", "provincia": "Almería" }, "geometry": { "type": "MultiPoint", "coordinates": [ [ 562972.5355, 4121589.024300000164658 ] ] } },
{ "type": "Feature", "properties": { "municipio": "Santiago-Pontones", "provincia": "Jaén" }, "geometry": { "type": "MultiPoint", "coordinates": [ [ 539419.23679999995511, 4218363.595599999651313 ] ] } },
{ "type": "Feature", "properties": { "municipio": "Pinos Genil", "provincia": "Granada" }, "geometry": { "type": "MultiPoint", "coordinates": [ [ 455666.38919984002132, 4113162.88243552017957 ] ] } },
{ "type": "Feature", "properties": { "municipio": "Villanueva de Córdoba", "provincia": "Córdoba" }, "geometry": { "type": "MultiPoint", "coordinates": [ [ 357673.974760400014929, 4242974.740258130244911 ] ] } },
{ "type": "Feature", "properties": { "municipio": "Santa Elena", "provincia": "Jaén" }, "geometry": { "type": "MultiPoint", "coordinates": [ [ 452963.028679170005489, 4244022.082517860457301 ] ] } },
{ "type": "Feature", "properties": { "municipio": "Juviles", "provincia": "Granada" }, "geometry": { "type": "MultiPoint", "coordinates": [ [ 479918.418017500021961, 4089151.329968609847128 ] ] } },
{ "type": "Feature", "properties": { "municipio": "Laujar de Andarax", "provincia": "Almería" }, "geometry": { "type": "MultiPoint", "coordinates": [ [ 508941.723497579980176, 4094129.961196890100837 ] ] } },
{ "type": "Feature", "properties": { "municipio": "Valle del Zalabí", "provincia": "Granada" }, "geometry": { "type": "MultiPoint", "coordinates": [ [ 491230.286258650012314, 4123537.365649010054767 ] ] } },
{ "type": "Feature", "properties": { "municipio": "Dúrcal", "provincia": "Granada" }, "geometry": { "type": "MultiPoint", "coordinates": [ [ 449558.711568999977317, 4094191.300519379787147 ] ] } },
{ "type": "Feature", "properties": { "municipio": "Huércal-Overa", "provincia": "Almería" }, "geometry": { "type": "MultiPoint", "coordinates": [ [ 593551.481092249974608, 4138670.764953619800508 ] ] } },
{ "type": "Feature", "properties": { "municipio": "Écija", "provincia": "Sevilla" }, "geometry": { "type": "MultiPoint", "coordinates": [ [ 316678.477300090016797, 4156401.343599999789149 ] ] } },
{ "type": "Feature", "properties": { "municipio": "Jabugo", "provincia": "Huelva" }, "geometry": { "type": "MultiPoint", "coordinates": [ [ 172084.148398020013701, 4203300.645953790284693 ] ] } },
{ "type": "Feature", "properties": { "municipio": "Baeza", "provincia": "Jaén" }, "geometry": { "type": "MultiPoint", "coordinates": [ [ 462043.797795490012504, 4209128.068794460035861 ] ] } },
{ "type": "Feature", "properties": { "municipio": "Jerez de la Frontera", "provincia": "Cádiz" }, "geometry": { "type": "MultiPoint", "coordinates": [ [ 222967.457178350014146, 4064544.331935389898717 ] ] } },
{ "type": "Feature", "properties": { "municipio": "San Roque", "provincia": "Cádiz" }, "geometry": { "type": "MultiPoint", "coordinates": [ [ 294211.981104069971479, 4020024.812009879853576 ] ] } },
{ "type": "Feature", "properties": { "municipio": "Almería", "provincia": "Almería" }, "geometry": { "type": "MultiPoint", "coordinates": [ [ 549839.973153669969179, 4079581.330806400161237 ] ] } },
{ "type": "Feature", "properties": { "municipio": "Huelva", "provincia": "Huelva" }, "geometry": { "type": "MultiPoint", "coordinates": [ [ 153834.41251669000485, 4136947.593680019956082 ] ] } },
{ "type": "Feature", "properties": { "municipio": "Oria", "provincia": "Almería" }, "geometry": { "type": "MultiPoint", "coordinates": [ [ 562316.986400000052527, 4148950.5063 ] ] } },
{ "type": "Feature", "properties": { "municipio": "Guadix", "provincia": "Granada" }, "geometry": { "type": "MultiPoint", "coordinates": [ [ 504077.8149, 4153918.448400000110269 ] ] } },
{ "type": "Feature", "properties": { "municipio": "Cantillana", "provincia": "Sevilla" }, "geometry": { "type": "MultiPoint", "coordinates": [ [ 251091.664291799999774, 4166426.10701951989904 ] ] } },
{ "type": "Feature", "properties": { "municipio": "Martín de la Jara", "provincia": "Sevilla" }, "geometry": { "type": "MultiPoint", "coordinates": [ [ 325464.205073349992745, 4108634.052311569917947 ] ] } },
{ "type": "Feature", "properties": { "municipio": "Villanueva de la Reina", "provincia": "Jaén" }, "geometry": { "type": "MultiPoint", "coordinates": [ [ 416595.642251089971978, 4208035.100861170329154 ] ] } },
{ "type": "Feature", "properties": { "municipio": "Fuente Obejuna", "provincia": "Córdoba" }, "geometry": { "type": "MultiPoint", "coordinates": [ [ 282714.256674660020508, 4231035.18844155035913 ] ] } },
{ "type": "Feature", "properties": { "municipio": "Jerez de la Frontera", "provincia": "Cádiz" }, "geometry": { "type": "MultiPoint", "coordinates": [ [ 219648.430023069988238, 4062692.841576170176268 ] ] } },
{ "type": "Feature", "properties": { "municipio": "Santa Ana la Real", "provincia": "Huelva" }, "geometry": { "type": "MultiPoint", "coordinates": [ [ 171285.279925479990197, 4196782.428352629765868 ] ] } },
{ "type": "Feature", "properties": { "municipio": "Málaga", "provincia": "Málaga" }, "geometry": { "type": "MultiPoint", "coordinates": [ [ 371031.432100009988062, 4065414.793 ] ] } },
{ "type": "Feature", "properties": { "municipio": "Andújar", "provincia": "Jaén" }, "geometry": { "type": "MultiPoint", "coordinates": [ [ 407248.722473160014488, 4208289.30850366037339 ] ] } },
{ "type": "Feature", "properties": { "municipio": "El Palmar de Troya", "provincia": "Sevilla" }, "geometry": { "type": "MultiPoint", "coordinates": [ [ 250624.832000760012306, 4105490.554499989841133 ] ] } },
{ "type": "Feature", "properties": { "municipio": "Cortes de la Frontera", "provincia": "Málaga" }, "geometry": { "type": "MultiPoint", "coordinates": [ [ 286246.500200250011403, 4046555.413000000175089 ] ] } },
{ "type": "Feature", "properties": { "municipio": "Íllora", "provincia": "Granada" }, "geometry": { "type": "MultiPoint", "coordinates": [ [ 422503.358272770012263, 4127184.393216909840703 ] ] } },
{ "type": "Feature", "properties": { "municipio": "Bentarique", "provincia": "Almería" }, "geometry": { "type": "MultiPoint", "coordinates": [ [ 533936.36511888995301, 4093423.320978379808366 ] ] } },
{ "type": "Feature", "properties": { "municipio": "Pinos Puente", "provincia": "Granada" }, "geometry": { "type": "MultiPoint", "coordinates": [ [ 433540.876742770022247, 4122857.912253110203892 ] ] } },
{ "type": "Feature", "properties": { "municipio": "La Carolina", "provincia": "Jaén" }, "geometry": { "type": "MultiPoint", "coordinates": [ [ 446723.920099999988452, 4236584.261800000444055 ] ] } },
{ "type": "Feature", "properties": { "municipio": "Senés", "provincia": "Almería" }, "geometry": { "type": "MultiPoint", "coordinates": [ [ 557993.545081180054694, 4117728.38770843995735 ] ] } },
{ "type": "Feature", "properties": { "municipio": "Chercos", "provincia": "Almería" }, "geometry": { "type": "MultiPoint", "coordinates": [ [ 565865.696305910008959, 4124703.896989389788359 ] ] } },
{ "type": "Feature", "properties": { "municipio": "Guillena", "provincia": "Sevilla" }, "geometry": { "type": "MultiPoint", "coordinates": [ [ 232641.70166928000981, 4156003.074830150231719 ] ] } },
{ "type": "Feature", "properties": { "municipio": "Arcos de la Frontera", "provincia": "Cádiz" }, "geometry": { "type": "MultiPoint", "coordinates": [ [ 249132.308475680008996, 4070838.334143760148436 ] ] } },
{ "type": "Feature", "properties": { "municipio": "Gualchos", "provincia": "Granada" }, "geometry": { "type": "MultiPoint", "coordinates": [ [ 465206.101012279978022, 4066490.66460422007367 ] ] } },
{ "type": "Feature", "properties": { "municipio": "Villalba del Alcor", "provincia": "Huelva" }, "geometry": { "type": "MultiPoint", "coordinates": [ [ 192510.504203340009553, 4144548.728199920151383 ] ] } },
{ "type": "Feature", "properties": { "municipio": "Macael", "provincia": "Almería" }, "geometry": { "type": "MultiPoint", "coordinates": [ [ 561993.923753030016087, 4132453.350866020191461 ] ] } },
{ "type": "Feature", "properties": { "municipio": "Vélez-Blanco", "provincia": "Almería" }, "geometry": { "type": "MultiPoint", "coordinates": [ [ 567828.63153659994714, 4190746.097779619973153 ] ] } },
{ "type": "Feature", "properties": { "municipio": "Rágol", "provincia": "Almería" }, "geometry": { "type": "MultiPoint", "coordinates": [ [ 528208.355620229966007, 4094411.401449449826032 ] ] } },
{ "type": "Feature", "properties": { "municipio": "Castilleja de Guzmán", "provincia": "Sevilla" }, "geometry": { "type": "MultiPoint", "coordinates": [ [ 229269.6184572300117, 4144607.392394979950041 ] ] } },
{ "type": "Feature", "properties": { "municipio": "Arquillos", "provincia": "Jaén" }, "geometry": { "type": "MultiPoint", "coordinates": [ [ 462639.3371, 4225845.100599999539554 ] ] } },
{ "type": "Feature", "properties": { "municipio": "Utrera", "provincia": "Sevilla" }, "geometry": { "type": "MultiPoint", "coordinates": [ [ 248105.880400810012361, 4104886.888899989891797 ] ] } },
{ "type": "Feature", "properties": { "municipio": "Níjar", "provincia": "Almería" }, "geometry": { "type": "MultiPoint", "coordinates": [ [ 572835.324950719950721, 4082376.506247059907764 ] ] } },
{ "type": "Feature", "properties": { "municipio": "El Ronquillo", "provincia": "Sevilla" }, "geometry": { "type": "MultiPoint", "coordinates": [ [ 220199.177135070000077, 4180147.542145799845457 ] ] } },
{ "type": "Feature", "properties": { "municipio": "El Puerto de Santa María", "provincia": "Cádiz" }, "geometry": { "type": "MultiPoint", "coordinates": [ [ 216831.077699560002657, 4056973.197493889834732 ] ] } },
{ "type": "Feature", "properties": { "municipio": "Gádor", "provincia": "Almería" }, "geometry": { "type": "MultiPoint", "coordinates": [ [ 545258.689903720049188, 4089822.025734529830515 ] ] } },
{ "type": "Feature", "properties": { "municipio": "Alcalá la Real", "provincia": "Jaén" }, "geometry": { "type": "MultiPoint", "coordinates": [ [ 406559.947801559988875, 4151340.538804950192571 ] ] } },
{ "type": "Feature", "properties": { "municipio": "Las Gabias", "provincia": "Granada" }, "geometry": { "type": "MultiPoint", "coordinates": [ [ 441977.817958900006488, 4108874.428904000204057 ] ] } },
{ "type": "Feature", "properties": { "municipio": "Lucena del Puerto", "provincia": "Huelva" }, "geometry": { "type": "MultiPoint", "coordinates": [ [ 169263.810805690009147, 4135278.704555590171367 ] ] } },
{ "type": "Feature", "properties": { "municipio": "Sorvilán", "provincia": "Granada" }, "geometry": { "type": "MultiPoint", "coordinates": [ [ 475253.085753130028024, 4074731.730713880155236 ] ] } },
{ "type": "Feature", "properties": { "municipio": "Villatorres", "provincia": "Jaén" }, "geometry": { "type": "MultiPoint", "coordinates": [ [ 441855.729700000025332, 4195863.364400000311434 ] ] } },
{ "type": "Feature", "properties": { "municipio": "Bollullos Par del Condado", "provincia": "Huelva" }, "geometry": { "type": "MultiPoint", "coordinates": [ [ 186883.631225849996554, 4138373.065715480130166 ] ] } },
{ "type": "Feature", "properties": { "municipio": "Moclín", "provincia": "Granada" }, "geometry": { "type": "MultiPoint", "coordinates": [ [ 432080.026470780023374, 4131838.643227839842439 ] ] } },
{ "type": "Feature", "properties": { "municipio": "Tolox", "provincia": "Málaga" }, "geometry": { "type": "MultiPoint", "coordinates": [ [ 329735.922200049972162, 4061677.091700000222772 ] ] } },
{ "type": "Feature", "properties": { "municipio": "Vélez-Málaga", "provincia": "Málaga" }, "geometry": { "type": "MultiPoint", "coordinates": [ [ 393135.135887210024521, 4064237.825438369996846 ] ] } },
{ "type": "Feature", "properties": { "municipio": "Aroche", "provincia": "Huelva" }, "geometry": { "type": "MultiPoint", "coordinates": [ [ 152300.199144640006125, 4206724.020346489734948 ] ] } },
{ "type": "Feature", "properties": { "municipio": "San Roque", "provincia": "Cádiz" }, "geometry": { "type": "MultiPoint", "coordinates": [ [ 284778.295132279978134, 4009826.676821960136294 ] ] } },
{ "type": "Feature", "properties": { "municipio": "Belmez", "provincia": "Córdoba" }, "geometry": { "type": "MultiPoint", "coordinates": [ [ 306809.475880430021789, 4237990.873136090114713 ] ] } },
{ "type": "Feature", "properties": { "municipio": "Huelma", "provincia": "Jaén" }, "geometry": { "type": "MultiPoint", "coordinates": [ [ 459778.611103479983285, 4166832.063644249923527 ] ] } },
{ "type": "Feature", "properties": { "municipio": "Lentegí", "provincia": "Granada" }, "geometry": { "type": "MultiPoint", "coordinates": [ [ 439854.321474129974376, 4076715.017168439924717 ] ] } },
{ "type": "Feature", "properties": { "municipio": "Los Gallardos", "provincia": "Almería" }, "geometry": { "type": "MultiPoint", "coordinates": [ [ 594127.271676320000552, 4114002.638010949827731 ] ] } },
{ "type": "Feature", "properties": { "municipio": "Benadalid", "provincia": "Málaga" }, "geometry": { "type": "MultiPoint", "coordinates": [ [ 296994.354300169972703, 4053612.5101 ] ] } },
{ "type": "Feature", "properties": { "municipio": "Murtas", "provincia": "Granada" }, "geometry": { "type": "MultiPoint", "coordinates": [ [ 491294.225559399987105, 4084610.737319979816675 ] ] } },
{ "type": "Feature", "properties": { "municipio": "Villatorres", "provincia": "Jaén" }, "geometry": { "type": "MultiPoint", "coordinates": [ [ 436105.762899999972433, 4199514.48589999973774 ] ] } },
{ "type": "Feature", "properties": { "municipio": "Almuñécar", "provincia": "Granada" }, "geometry": { "type": "MultiPoint", "coordinates": [ [ 438301.008199999982025, 4065385.2155 ] ] } },
{ "type": "Feature", "properties": { "municipio": "Cárcheles", "provincia": "Jaén" }, "geometry": { "type": "MultiPoint", "coordinates": [ [ 443659.267317279998679, 4165670.68012664001435 ] ] } },
{ "type": "Feature", "properties": { "municipio": "Bayárcal", "provincia": "Almería" }, "geometry": { "type": "MultiPoint", "coordinates": [ [ 500257.623434660024941, 4098386.419592360034585 ] ] } },
{ "type": "Feature", "properties": { "municipio": "Faraján", "provincia": "Málaga" }, "geometry": { "type": "MultiPoint", "coordinates": [ [ 304276.874700130021665, 4054588.3635 ] ] } },
{ "type": "Feature", "properties": { "municipio": "Lahiguera", "provincia": "Jaén" }, "geometry": { "type": "MultiPoint", "coordinates": [ [ 412951.38914995000232, 4203059.319775260053575 ] ] } },
{ "type": "Feature", "properties": { "municipio": "Cájar", "provincia": "Granada" }, "geometry": { "type": "MultiPoint", "coordinates": [ [ 449229.139611580001656, 4109937.9741869000718 ] ] } },
{ "type": "Feature", "properties": { "municipio": "Montefrío", "provincia": "Granada" }, "geometry": { "type": "MultiPoint", "coordinates": [ [ 410905.974797429982573, 4131464.444664900191128 ] ] } },
{ "type": "Feature", "properties": { "municipio": "Valsequillo", "provincia": "Córdoba" }, "geometry": { "type": "MultiPoint", "coordinates": [ [ 294624.200701279973146, 4253297.257419040426612 ] ] } },
{ "type": "Feature", "properties": { "municipio": "Zalamea la Real", "provincia": "Huelva" }, "geometry": { "type": "MultiPoint", "coordinates": [ [ 170239.327930709987413, 4172345.721114359796047 ] ] } },
{ "type": "Feature", "properties": { "municipio": "El Carpio", "provincia": "Córdoba" }, "geometry": { "type": "MultiPoint", "coordinates": [ [ 368310.010124069987796, 4200633.572593219578266 ] ] } },
{ "type": "Feature", "properties": { "municipio": "Lucena", "provincia": "Córdoba" }, "geometry": { "type": "MultiPoint", "coordinates": [ [ 353099.436459929973353, 4129754.486648709978908 ] ] } },
{ "type": "Feature", "properties": { "municipio": "Motril", "provincia": "Granada" }, "geometry": { "type": "MultiPoint", "coordinates": [ [ 453274.093600000021979, 4066636.1809 ] ] } },
{ "type": "Feature", "properties": { "municipio": "Segura de la Sierra", "provincia": "Jaén" }, "geometry": { "type": "MultiPoint", "coordinates": [ [ 524610.037499999976717, 4235450.246399999596179 ] ] } },
{ "type": "Feature", "properties": { "municipio": "Los Barrios", "provincia": "Cádiz" }, "geometry": { "type": "MultiPoint", "coordinates": [ [ 276860.610120230005123, 4006762.932391659822315 ] ] } },
{ "type": "Feature", "properties": { "municipio": "San Silvestre de Guzmán", "provincia": "Huelva" }, "geometry": { "type": "MultiPoint", "coordinates": [ [ 114992.593481069998234, 4146806.428772740066051 ] ] } },
{ "type": "Feature", "properties": { "municipio": "Marchal", "provincia": "Granada" }, "geometry": { "type": "MultiPoint", "coordinates": [ [ 482055.769377299991902, 4127776.454242710024118 ] ] } },
{ "type": "Feature", "properties": { "municipio": "Íllar", "provincia": "Almería" }, "geometry": { "type": "MultiPoint", "coordinates": [ [ 532174.222496710019186, 4093277.555583249777555 ] ] } },
{ "type": "Feature", "properties": { "municipio": "Villanueva de Algaidas", "provincia": "Málaga" }, "geometry": { "type": "MultiPoint", "coordinates": [ [ 371479.017999999981839, 4116171.919000000227243 ] ] } },
{ "type": "Feature", "properties": { "municipio": "Segura de la Sierra", "provincia": "Jaén" }, "geometry": { "type": "MultiPoint", "coordinates": [ [ 526250.782520879991353, 4234459.744115489535034 ] ] } },
{ "type": "Feature", "properties": { "municipio": "Arenas del Rey", "provincia": "Granada" }, "geometry": { "type": "MultiPoint", "coordinates": [ [ 420360.462850079988129, 4090580.3713642898947 ] ] } },
{ "type": "Feature", "properties": { "municipio": "Cástaras", "provincia": "Granada" }, "geometry": { "type": "MultiPoint", "coordinates": [ [ 479469.565163279999979, 4087524.308845350053161 ] ] } },
{ "type": "Feature", "properties": { "municipio": "Benalup-Casas Viejas", "provincia": "Cádiz" }, "geometry": { "type": "MultiPoint", "coordinates": [ [ 247561.323850340006175, 4026113.504374479874969 ] ] } },
{ "type": "Feature", "properties": { "municipio": "Cambil", "provincia": "Jaén" }, "geometry": { "type": "MultiPoint", "coordinates": [ [ 450106.968725580023602, 4170046.516705519985408 ] ] } },
{ "type": "Feature", "properties": { "municipio": "Zalamea la Real", "provincia": "Huelva" }, "geometry": { "type": "MultiPoint", "coordinates": [ [ 175409.007934299996123, 4169179.709132319781929 ] ] } },
{ "type": "Feature", "properties": { "municipio": "Rincón de la Victoria", "provincia": "Málaga" }, "geometry": { "type": "MultiPoint", "coordinates": [ [ 389069.6986, 4063709.746499999891967 ] ] } },
{ "type": "Feature", "properties": { "municipio": "Almería", "provincia": "Almería" }, "geometry": { "type": "MultiPoint", "coordinates": [ [ 564189.302756460034288, 4083350.630059990100563 ] ] } },
{ "type": "Feature", "properties": { "municipio": "Níjar", "provincia": "Almería" }, "geometry": { "type": "MultiPoint", "coordinates": [ [ 577182.332673590048216, 4085285.033260120078921 ] ] } },
{ "type": "Feature", "properties": { "municipio": "Pinos Puente", "provincia": "Granada" }, "geometry": { "type": "MultiPoint", "coordinates": [ [ 430178.678628600027878, 4123430.053819930180907 ] ] } },
{ "type": "Feature", "properties": { "municipio": "Conil de la Frontera", "provincia": "Cádiz" }, "geometry": { "type": "MultiPoint", "coordinates": [ [ 222457.408301569987088, 4019532.977399969939142 ] ] } },
{ "type": "Feature", "properties": { "municipio": "Santa Fe", "provincia": "Granada" }, "geometry": { "type": "MultiPoint", "coordinates": [ [ 434229.493494610011112, 4116845.206506699789315 ] ] } },
{ "type": "Feature", "properties": { "municipio": "Granada", "provincia": "Granada" }, "geometry": { "type": "MultiPoint", "coordinates": [ [ 447337.401000000012573, 4115147.612999999895692 ] ] } },
{ "type": "Feature", "properties": { "municipio": "Níjar", "provincia": "Almería" }, "geometry": { "type": "MultiPoint", "coordinates": [ [ 578304.672682620002888, 4078671.533444330096245 ] ] } },
{ "type": "Feature", "properties": { "municipio": "Granada", "provincia": "Granada" }, "geometry": { "type": "MultiPoint", "coordinates": [ [ 445896.158, 4116024.8503 ] ] } },
{ "type": "Feature", "properties": { "municipio": "Huelma", "provincia": "Jaén" }, "geometry": { "type": "MultiPoint", "coordinates": [ [ 467453.957664080022369, 4170750.016821430064738 ] ] } },
{ "type": "Feature", "properties": { "municipio": "Torreblascopedro", "provincia": "Jaén" }, "geometry": { "type": "MultiPoint", "coordinates": [ [ 444182.000293700024486, 4205597.789449620060623 ] ] } },
{ "type": "Feature", "properties": { "municipio": "Sevilla", "provincia": "Sevilla" }, "geometry": { "type": "MultiPoint", "coordinates": [ [ 237106.519001109991223, 4144057.438999980222434 ] ] } },
{ "type": "Feature", "properties": { "municipio": "Diezma", "provincia": "Granada" }, "geometry": { "type": "MultiPoint", "coordinates": [ [ 470536.636400259973016, 4130388.53059741994366 ] ] } },
{ "type": "Feature", "properties": { "municipio": "Galera", "provincia": "Granada" }, "geometry": { "type": "MultiPoint", "coordinates": [ [ 540133.576, 4174150.28899999987334 ] ] } },
{ "type": "Feature", "properties": { "municipio": "Almuñécar", "provincia": "Granada" }, "geometry": { "type": "MultiPoint", "coordinates": [ [ 438893.255296539980918, 4065520.27935201022774 ] ] } },
{ "type": "Feature", "properties": { "municipio": "Guarromán", "provincia": "Jaén" }, "geometry": { "type": "MultiPoint", "coordinates": [ [ 439799.651408520003315, 4226228.642568140290678 ] ] } },
{ "type": "Feature", "properties": { "municipio": "Urrácal", "provincia": "Almería" }, "geometry": { "type": "MultiPoint", "coordinates": [ [ 556242.258050960022956, 4139144.005597379989922 ] ] } },
{ "type": "Feature", "properties": { "municipio": "La Carlota", "provincia": "Córdoba" }, "geometry": { "type": "MultiPoint", "coordinates": [ [ 329484.307666899985634, 4170744.705762200057507 ] ] } },
{ "type": "Feature", "properties": { "municipio": "Castilleja de la Cuesta", "provincia": "Sevilla" }, "geometry": { "type": "MultiPoint", "coordinates": [ [ 229312.274201360007282, 4141783.236699969973415 ] ] } },
{ "type": "Feature", "properties": { "municipio": "Algodonales", "provincia": "Cádiz" }, "geometry": { "type": "MultiPoint", "coordinates": [ [ 285203.320818990003318, 4089877.102414819877595 ] ] } },
{ "type": "Feature", "properties": { "municipio": "Castro de Filabres", "provincia": "Almería" }, "geometry": { "type": "MultiPoint", "coordinates": [ [ 549665.263908179942518, 4115413.769314089789987 ] ] } },
{ "type": "Feature", "properties": { "municipio": "Motril", "provincia": "Granada" }, "geometry": { "type": "MultiPoint", "coordinates": [ [ 460250.777899999986403, 4062012.33 ] ] } },
{ "type": "Feature", "properties": { "municipio": "Atajate", "provincia": "Málaga" }, "geometry": { "type": "MultiPoint", "coordinates": [ [ 299303.334500160010066, 4057339.7086 ] ] } },
{ "type": "Feature", "properties": { "municipio": "Sevilla", "provincia": "Sevilla" }, "geometry": { "type": "MultiPoint", "coordinates": [ [ 234270.897001189994626, 4142441.21799997985363 ] ] } },
{ "type": "Feature", "properties": { "municipio": "Málaga", "provincia": "Málaga" }, "geometry": { "type": "MultiPoint", "coordinates": [ [ 375061.267300010018516, 4065556.361699999775738 ] ] } },
{ "type": "Feature", "properties": { "municipio": "Huelva", "provincia": "Huelva" }, "geometry": { "type": "MultiPoint", "coordinates": [ [ 151710.779470050008968, 4131201.488465060014278 ] ] } },
{ "type": "Feature", "properties": { "municipio": "Íllora", "provincia": "Granada" }, "geometry": { "type": "MultiPoint", "coordinates": [ [ 418745.705148059991188, 4124216.45267537003383 ] ] } },
{ "type": "Feature", "properties": { "municipio": "Adamuz", "provincia": "Córdoba" }, "geometry": { "type": "MultiPoint", "coordinates": [ [ 366476.501722879998852, 4209843.123993 ] ] } },
{ "type": "Feature", "properties": { "municipio": "Moclín", "provincia": "Granada" }, "geometry": { "type": "MultiPoint", "coordinates": [ [ 431168.7487, 4136135.160999999847263 ] ] } },
{ "type": "Feature", "properties": { "municipio": "Baeza", "provincia": "Jaén" }, "geometry": { "type": "MultiPoint", "coordinates": [ [ 455001.4277, 4191579.423400000203401 ] ] } },
{ "type": "Feature", "properties": { "municipio": "Sevilla", "provincia": "Sevilla" }, "geometry": { "type": "MultiPoint", "coordinates": [ [ 242008.716200969996862, 4141832.632799980230629 ] ] } },
{ "type": "Feature", "properties": { "municipio": "Carboneras", "provincia": "Almería" }, "geometry": { "type": "MultiPoint", "coordinates": [ [ 595301.061521840048954, 4098714.970469640102237 ] ] } },
{ "type": "Feature", "properties": { "municipio": "Cuevas del Almanzora", "provincia": "Almería" }, "geometry": { "type": "MultiPoint", "coordinates": [ [ 606456.068224609945901, 4123151.847857070155442 ] ] } },
{ "type": "Feature", "properties": { "municipio": "Moraleda de Zafayona", "provincia": "Granada" }, "geometry": { "type": "MultiPoint", "coordinates": [ [ 414135.560386859986465, 4114101.823228680063039 ] ] } },
{ "type": "Feature", "properties": { "municipio": "Láchar", "provincia": "Granada" }, "geometry": { "type": "MultiPoint", "coordinates": [ [ 426401.614300000015646, 4116743.3089 ] ] } },
{ "type": "Feature", "properties": { "municipio": "Nerja", "provincia": "Málaga" }, "geometry": { "type": "MultiPoint", "coordinates": [ [ 424732.8433, 4068477.3608 ] ] } },
{ "type": "Feature", "properties": { "municipio": "Jerez de la Frontera", "provincia": "Cádiz" }, "geometry": { "type": "MultiPoint", "coordinates": [ [ 225134.11100147999241, 4064410.889199969824404 ] ] } },
{ "type": "Feature", "properties": { "municipio": "Dos Hermanas", "provincia": "Sevilla" }, "geometry": { "type": "MultiPoint", "coordinates": [ [ 241360.724170389992651, 4129387.641561239957809 ] ] } },
{ "type": "Feature", "properties": { "municipio": "Lucainena de las Torres", "provincia": "Almería" }, "geometry": { "type": "MultiPoint", "coordinates": [ [ 581858.443880539969541, 4098147.609996430110186 ] ] } },
{ "type": "Feature", "properties": { "municipio": "Añora", "provincia": "Córdoba" }, "geometry": { "type": "MultiPoint", "coordinates": [ [ 334451.719902499986347, 4253001.777731419540942 ] ] } },
{ "type": "Feature", "properties": { "municipio": "Agrón", "provincia": "Granada" }, "geometry": { "type": "MultiPoint", "coordinates": [ [ 426177.720022640016396, 4098607.64617522014305 ] ] } },
{ "type": "Feature", "properties": { "municipio": "Lucainena de las Torres", "provincia": "Almería" }, "geometry": { "type": "MultiPoint", "coordinates": [ [ 571024.780810349970125, 4099786.425183970015496 ] ] } },
{ "type": "Feature", "properties": { "municipio": "Sayalonga", "provincia": "Málaga" }, "geometry": { "type": "MultiPoint", "coordinates": [ [ 410343.4168, 4075557.2988 ] ] } },
{ "type": "Feature", "properties": { "municipio": "Almería", "provincia": "Almería" }, "geometry": { "type": "MultiPoint", "coordinates": [ [ 546353.632499999948777, 4076953.473799999803305 ] ] } },
{ "type": "Feature", "properties": { "municipio": "Sevilla", "provincia": "Sevilla" }, "geometry": { "type": "MultiPoint", "coordinates": [ [ 234065.850001199985854, 4140894.375999980140477 ] ] } },
{ "type": "Feature", "properties": { "municipio": "Fuente Obejuna", "provincia": "Córdoba" }, "geometry": { "type": "MultiPoint", "coordinates": [ [ 296016.432907979993615, 4229600.137078960426152 ] ] } },
{ "type": "Feature", "properties": { "municipio": "Granada", "provincia": "Granada" }, "geometry": { "type": "MultiPoint", "coordinates": [ [ 449963.6706000000122, 4117600.800900000147521 ] ] } },
{ "type": "Feature", "properties": { "municipio": "Alcaracejos", "provincia": "Córdoba" }, "geometry": { "type": "MultiPoint", "coordinates": [ [ 328070.791077920002863, 4250590.751996349543333 ] ] } },
{ "type": "Feature", "properties": { "municipio": "Jete", "provincia": "Granada" }, "geometry": { "type": "MultiPoint", "coordinates": [ [ 440375.145000000018626, 4072600.217000000178814 ] ] } },
{ "type": "Feature", "properties": { "municipio": "Alcalá la Real", "provincia": "Jaén" }, "geometry": { "type": "MultiPoint", "coordinates": [ [ 423227.867813010001555, 4140241.089456589892507 ] ] } },
{ "type": "Feature", "properties": { "municipio": "Segura de la Sierra", "provincia": "Jaén" }, "geometry": { "type": "MultiPoint", "coordinates": [ [ 529270.9767, 4237576.919499999843538 ] ] } },
{ "type": "Feature", "properties": { "municipio": "Montejaque", "provincia": "Málaga" }, "geometry": { "type": "MultiPoint", "coordinates": [ [ 299077.23600015998818, 4067918.4932 ] ] } },
{ "type": "Feature", "properties": { "municipio": "Huelva", "provincia": "Huelva" }, "geometry": { "type": "MultiPoint", "coordinates": [ [ 148918.314519670006121, 4130282.721444929949939 ] ] } },
{ "type": "Feature", "properties": { "municipio": "Campofrío", "provincia": "Huelva" }, "geometry": { "type": "MultiPoint", "coordinates": [ [ 184910.270590839994838, 4186000.392358790151775 ] ] } },
{ "type": "Feature", "properties": { "municipio": "Úbeda", "provincia": "Jaén" }, "geometry": { "type": "MultiPoint", "coordinates": [ [ 487054.989303430018481, 4208839.65732744988054 ] ] } },
{ "type": "Feature", "properties": { "municipio": "Jimera de Líbar", "provincia": "Málaga" }, "geometry": { "type": "MultiPoint", "coordinates": [ [ 296678.410034310014453, 4058694.615478179883212 ] ] } },
{ "type": "Feature", "properties": { "municipio": "El Puerto de Santa María", "provincia": "Cádiz" }, "geometry": { "type": "MultiPoint", "coordinates": [ [ 211067.480246749997605, 4054366.779600739944726 ] ] } },
{ "type": "Feature", "properties": { "municipio": "Jabalquinto", "provincia": "Jaén" }, "geometry": { "type": "MultiPoint", "coordinates": [ [ 436319.49608203000389, 4208236.877957800403237 ] ] } },
{ "type": "Feature", "properties": { "municipio": "Churriana de la Vega", "provincia": "Granada" }, "geometry": { "type": "MultiPoint", "coordinates": [ [ 443297.478485419997014, 4110822.277603089809418 ] ] } },
{ "type": "Feature", "properties": { "municipio": "Dos Hermanas", "provincia": "Sevilla" }, "geometry": { "type": "MultiPoint", "coordinates": [ [ 239716.028450309997424, 4128912.501177459955215 ] ] } },
{ "type": "Feature", "properties": { "municipio": "Loja", "provincia": "Granada" }, "geometry": { "type": "MultiPoint", "coordinates": [ [ 392801.527673060016241, 4112696.798148570116609 ] ] } },
{ "type": "Feature", "properties": { "municipio": "Vélez-Málaga", "provincia": "Málaga" }, "geometry": { "type": "MultiPoint", "coordinates": [ [ 404835.578644529974554, 4067578.372204440180212 ] ] } },
{ "type": "Feature", "properties": { "municipio": "Antas", "provincia": "Almería" }, "geometry": { "type": "MultiPoint", "coordinates": [ [ 595817.009523610002361, 4122452.790574329905212 ] ] } },
{ "type": "Feature", "properties": { "municipio": "Bailén", "provincia": "Jaén" }, "geometry": { "type": "MultiPoint", "coordinates": [ [ 431837.166856440017, 4217282.241554230451584 ] ] } },
{ "type": "Feature", "properties": { "municipio": "La Puerta de Segura", "provincia": "Jaén" }, "geometry": { "type": "MultiPoint", "coordinates": [ [ 522888.641968090028968, 4244691.394987500272691 ] ] } },
{ "type": "Feature", "properties": { "municipio": "Lubrín", "provincia": "Almería" }, "geometry": { "type": "MultiPoint", "coordinates": [ [ 584843.755185430054553, 4121642.40957929007709 ] ] } },
{ "type": "Feature", "properties": { "municipio": "Serón", "provincia": "Almería" }, "geometry": { "type": "MultiPoint", "coordinates": [ [ 543694.07850053999573, 4133220.957926920149475 ] ] } },
{ "type": "Feature", "properties": { "municipio": "Córdoba", "provincia": "Córdoba" }, "geometry": { "type": "MultiPoint", "coordinates": [ [ 343164.626596880028956, 4195551.641616649925709 ] ] } },
{ "type": "Feature", "properties": { "municipio": "Molvízar", "provincia": "Granada" }, "geometry": { "type": "MultiPoint", "coordinates": [ [ 445657.758233929984272, 4071283.645952289924026 ] ] } },
{ "type": "Feature", "properties": { "municipio": "Encinas Reales", "provincia": "Córdoba" }, "geometry": { "type": "MultiPoint", "coordinates": [ [ 368106.370367610012181, 4126207.716114019975066 ] ] } },
{ "type": "Feature", "properties": { "municipio": "Baza", "provincia": "Granada" }, "geometry": { "type": "MultiPoint", "coordinates": [ [ 520281.367000000027474, 4149173.3619 ] ] } },
{ "type": "Feature", "properties": { "municipio": "Lantejuela", "provincia": "Sevilla" }, "geometry": { "type": "MultiPoint", "coordinates": [ [ 302921.602372260007542, 4136519.978355399798602 ] ] } },
{ "type": "Feature", "properties": { "municipio": "Málaga", "provincia": "Málaga" }, "geometry": { "type": "MultiPoint", "coordinates": [ [ 372343.749900010006968, 4065393.9353 ] ] } },
{ "type": "Feature", "properties": { "municipio": "Córdoba", "provincia": "Córdoba" }, "geometry": { "type": "MultiPoint", "coordinates": [ [ 342064.593600029998925, 4194158.392099999822676 ] ] } },
{ "type": "Feature", "properties": { "municipio": "Capileira", "provincia": "Granada" }, "geometry": { "type": "MultiPoint", "coordinates": [ [ 468075.916688269993756, 4090655.909168099984527 ] ] } },
{ "type": "Feature", "properties": { "municipio": "Morelábor", "provincia": "Granada" }, "geometry": { "type": "MultiPoint", "coordinates": [ [ 474242.40907380997669, 4145162.892063159961253 ] ] } },
{ "type": "Feature", "properties": { "municipio": "Olvera", "provincia": "Cádiz" }, "geometry": { "type": "MultiPoint", "coordinates": [ [ 299077.179365920019336, 4089967.027526880148798 ] ] } },
{ "type": "Feature", "properties": { "municipio": "Pórtugos", "provincia": "Granada" }, "geometry": { "type": "MultiPoint", "coordinates": [ [ 472435.018283299985342, 4088382.409055510070175 ] ] } },
{ "type": "Feature", "properties": { "municipio": "Pizarra", "provincia": "Málaga" }, "geometry": { "type": "MultiPoint", "coordinates": [ [ 347657.188200019998476, 4070446.626300000119954 ] ] } },
{ "type": "Feature", "properties": { "municipio": "La Zarza-Perrunal", "provincia": "Huelva" }, "geometry": { "type": "MultiPoint", "coordinates": [ [ 160279.011981040006503, 4180925.239581069909036 ] ] } },
{ "type": "Feature", "properties": { "municipio": "Las Gabias", "provincia": "Granada" }, "geometry": { "type": "MultiPoint", "coordinates": [ [ 440141.244866899971385, 4111699.174784 ] ] } },
{ "type": "Feature", "properties": { "municipio": "Beas de Granada", "provincia": "Granada" }, "geometry": { "type": "MultiPoint", "coordinates": [ [ 457303.987289419979788, 4119261.411050810012966 ] ] } },
{ "type": "Feature", "properties": { "municipio": "Bayarque", "provincia": "Almería" }, "geometry": { "type": "MultiPoint", "coordinates": [ [ 549899.915755770052783, 4131770.307441850192845 ] ] } },
{ "type": "Feature", "properties": { "municipio": "Algeciras", "provincia": "Cádiz" }, "geometry": { "type": "MultiPoint", "coordinates": [ [ 279603.605042060022242, 3999281.006957460194826 ] ] } },
{ "type": "Feature", "properties": { "municipio": "Cortes y Graena", "provincia": "Granada" }, "geometry": { "type": "MultiPoint", "coordinates": [ [ 478686.368344469985459, 4130564.127128889784217 ] ] } },
{ "type": "Feature", "properties": { "municipio": "Cártama", "provincia": "Málaga" }, "geometry": { "type": "MultiPoint", "coordinates": [ [ 355985.744600009988062, 4066751.384699999820441 ] ] } },
{ "type": "Feature", "properties": { "municipio": "La Iruela", "provincia": "Jaén" }, "geometry": { "type": "MultiPoint", "coordinates": [ [ 500534.2073, 4197011.659599999897182 ] ] } },
{ "type": "Feature", "properties": { "municipio": "Garrucha", "provincia": "Almería" }, "geometry": { "type": "MultiPoint", "coordinates": [ [ 604478.501054389984347, 4115103.40570606989786 ] ] } },
{ "type": "Feature", "properties": { "municipio": "Montillana", "provincia": "Granada" }, "geometry": { "type": "MultiPoint", "coordinates": [ [ 429693.313827540026978, 4145913.480956370010972 ] ] } },
{ "type": "Feature", "properties": { "municipio": "Dos Hermanas", "provincia": "Sevilla" }, "geometry": { "type": "MultiPoint", "coordinates": [ [ 236062.885597429994959, 4133689.748305149842054 ] ] } },
{ "type": "Feature", "properties": { "municipio": "Puerto Real", "provincia": "Cádiz" }, "geometry": { "type": "MultiPoint", "coordinates": [ [ 218487.213143150001997, 4044201.941231030039489 ] ] } },
{ "type": "Feature", "properties": { "municipio": "Vélez-Málaga", "provincia": "Málaga" }, "geometry": { "type": "MultiPoint", "coordinates": [ [ 401759.642217219981831, 4070225.451422850135714 ] ] } },
{ "type": "Feature", "properties": { "municipio": "Canillas de Albaida", "provincia": "Málaga" }, "geometry": { "type": "MultiPoint", "coordinates": [ [ 412134.553100000019185, 4078212.550900000147521 ] ] } },
{ "type": "Feature", "properties": { "municipio": "Alcalá la Real", "provincia": "Jaén" }, "geometry": { "type": "MultiPoint", "coordinates": [ [ 418305.445525530027226, 4146792.013572220224887 ] ] } },
{ "type": "Feature", "properties": { "municipio": "Bélmez de la Moraleda", "provincia": "Jaén" }, "geometry": { "type": "MultiPoint", "coordinates": [ [ 466214.491571390011813, 4175336.028886230196804 ] ] } },
{ "type": "Feature", "properties": { "municipio": "Soportújar", "provincia": "Granada" }, "geometry": { "type": "MultiPoint", "coordinates": [ [ 464064.270589059975464, 4086951.072096350137144 ] ] } },
{ "type": "Feature", "properties": { "municipio": "Cúllar Vega", "provincia": "Granada" }, "geometry": { "type": "MultiPoint", "coordinates": [ [ 440455.942563890013844, 4112078.997475040145218 ] ] } },
{ "type": "Feature", "properties": { "municipio": "Trebujena", "provincia": "Cádiz" }, "geometry": { "type": "MultiPoint", "coordinates": [ [ 217027.88371155000641, 4084920.461798000149429 ] ] } },
{ "type": "Feature", "properties": { "municipio": "La Guijarrosa", "provincia": "Córdoba" }, "geometry": { "type": "MultiPoint", "coordinates": [ [ 335392.011827779992018, 4167089.098953779786825 ] ] } },
{ "type": "Feature", "properties": { "municipio": "Guaro", "provincia": "Málaga" }, "geometry": { "type": "MultiPoint", "coordinates": [ [ 335958.46764930000063, 4058451.078890509903431 ] ] } },
{ "type": "Feature", "properties": { "municipio": "Puebla de Don Fadrique", "provincia": "Granada" }, "geometry": { "type": "MultiPoint", "coordinates": [ [ 549493.527441469952464, 4201304.918770289979875 ] ] } },
{ "type": "Feature", "properties": { "municipio": "Castellar de la Frontera", "provincia": "Cádiz" }, "geometry": { "type": "MultiPoint", "coordinates": [ [ 282532.289897100010421, 4018377.505042439792305 ] ] } },
{ "type": "Feature", "properties": { "municipio": "Fornes", "provincia": "Granada" }, "geometry": { "type": "MultiPoint", "coordinates": [ [ 423861.696184089989401, 4090105.687331220135093 ] ] } },
{ "type": "Feature", "properties": { "municipio": "Chipiona", "provincia": "Cádiz" }, "geometry": { "type": "MultiPoint", "coordinates": [ [ 193339.523619040002814, 4070542.679307130165398 ] ] } },
{ "type": "Feature", "properties": { "municipio": "Pulpí", "provincia": "Almería" }, "geometry": { "type": "MultiPoint", "coordinates": [ [ 611131.291813720017672, 4141470.623703199904412 ] ] } },
{ "type": "Feature", "properties": { "municipio": "Castaño del Robledo", "provincia": "Huelva" }, "geometry": { "type": "MultiPoint", "coordinates": [ [ 174302.75010288998601, 4200635.876329319551587 ] ] } },
{ "type": "Feature", "properties": { "municipio": "Los Palacios y Villafranca", "provincia": "Sevilla" }, "geometry": { "type": "MultiPoint", "coordinates": [ [ 237773.926299329992617, 4110963.959830460138619 ] ] } },
{ "type": "Feature", "properties": { "municipio": "La Taha", "provincia": "Granada" }, "geometry": { "type": "MultiPoint", "coordinates": [ [ 470937.765990420011804, 4087801.875436699949205 ] ] } },
{ "type": "Feature", "properties": { "municipio": "Córdoba", "provincia": "Córdoba" }, "geometry": { "type": "MultiPoint", "coordinates": [ [ 344735.692112800024915, 4207183.464926510117948 ] ] } },
{ "type": "Feature", "properties": { "municipio": "Almería", "provincia": "Almería" }, "geometry": { "type": "MultiPoint", "coordinates": [ [ 547898.137497609946877, 4078148.977489159908146 ] ] } },
{ "type": "Feature", "properties": { "municipio": "Montilla", "provincia": "Córdoba" }, "geometry": { "type": "MultiPoint", "coordinates": [ [ 354941.096156870014966, 4160876.123077480122447 ] ] } },
{ "type": "Feature", "properties": { "municipio": "Pedroche", "provincia": "Córdoba" }, "geometry": { "type": "MultiPoint", "coordinates": [ [ 346022.334903009992559, 4254922.201617060229182 ] ] } },
{ "type": "Feature", "properties": { "municipio": "Igualeja", "provincia": "Málaga" }, "geometry": { "type": "MultiPoint", "coordinates": [ [ 310490.627200110000558, 4056110.855 ] ] } },
{ "type": "Feature", "properties": { "municipio": "Alcalá la Real", "provincia": "Jaén" }, "geometry": { "type": "MultiPoint", "coordinates": [ [ 421474.087116929993499, 4146440.974096769932657 ] ] } },
{ "type": "Feature", "properties": { "municipio": "Almería", "provincia": "Almería" }, "geometry": { "type": "MultiPoint", "coordinates": [ [ 548946.219360469956882, 4078289.987003149930388 ] ] } },
{ "type": "Feature", "properties": { "municipio": "Rubite", "provincia": "Granada" }, "geometry": { "type": "MultiPoint", "coordinates": [ [ 468926.454009270004462, 4073808.593255579937249 ] ] } },
{ "type": "Feature", "properties": { "municipio": "Villa del Río", "provincia": "Córdoba" }, "geometry": { "type": "MultiPoint", "coordinates": [ [ 386544.46587776998058, 4204691.727729559876025 ] ] } },
{ "type": "Feature", "properties": { "municipio": "Génave", "provincia": "Jaén" }, "geometry": { "type": "MultiPoint", "coordinates": [ [ 523340.373958849988412, 4253645.274300560355186 ] ] } },
{ "type": "Feature", "properties": { "municipio": "Jun", "provincia": "Granada" }, "geometry": { "type": "MultiPoint", "coordinates": [ [ 447258.731565940019209, 4119618.279708220157772 ] ] } },
{ "type": "Feature", "properties": { "municipio": "Purullena", "provincia": "Granada" }, "geometry": { "type": "MultiPoint", "coordinates": [ [ 483225.106909559981432, 4129874.685765760019422 ] ] } },
{ "type": "Feature", "properties": { "municipio": "San Roque", "provincia": "Cádiz" }, "geometry": { "type": "MultiPoint", "coordinates": [ [ 282796.301777129992843, 4006909.959271139930934 ] ] } },
{ "type": "Feature", "properties": { "municipio": "Málaga", "provincia": "Málaga" }, "geometry": { "type": "MultiPoint", "coordinates": [ [ 370799.217900010000449, 4062683.3901 ] ] } },
{ "type": "Feature", "properties": { "municipio": "Lora del Río", "provincia": "Sevilla" }, "geometry": { "type": "MultiPoint", "coordinates": [ [ 284743.526360159972683, 4174202.079899149946868 ] ] } },
{ "type": "Feature", "properties": { "municipio": "Umbrete", "provincia": "Sevilla" }, "geometry": { "type": "MultiPoint", "coordinates": [ [ 220395.092007870000089, 4140190.990068569779396 ] ] } },
{ "type": "Feature", "properties": { "municipio": "Niebla", "provincia": "Huelva" }, "geometry": { "type": "MultiPoint", "coordinates": [ [ 174237.392995720001636, 4141214.014417760074139 ] ] } },
{ "type": "Feature", "properties": { "municipio": "Zafarraya", "provincia": "Granada" }, "geometry": { "type": "MultiPoint", "coordinates": [ [ 398533.974928890005685, 4092597.716780079994351 ] ] } },
{ "type": "Feature", "properties": { "municipio": "San Roque", "provincia": "Cádiz" }, "geometry": { "type": "MultiPoint", "coordinates": [ [ 293097.072498820023611, 4019555.355650130193681 ] ] } },
{ "type": "Feature", "properties": { "municipio": "Bérchules", "provincia": "Granada" }, "geometry": { "type": "MultiPoint", "coordinates": [ [ 483009.722535610024352, 4091911.899818989913911 ] ] } },
{ "type": "Feature", "properties": { "municipio": "Lanjarón", "provincia": "Granada" }, "geometry": { "type": "MultiPoint", "coordinates": [ [ 457084.051099999982398, 4085930.3339 ] ] } },
{ "type": "Feature", "properties": { "municipio": "Almería", "provincia": "Almería" }, "geometry": { "type": "MultiPoint", "coordinates": [ [ 548060.915000000037253, 4077342.408600000198931 ] ] } },
{ "type": "Feature", "properties": { "municipio": "Zalamea la Real", "provincia": "Huelva" }, "geometry": { "type": "MultiPoint", "coordinates": [ [ 177120.627932979987236, 4176800.783452829811722 ] ] } },
{ "type": "Feature", "properties": { "municipio": "Canjáyar", "provincia": "Almería" }, "geometry": { "type": "MultiPoint", "coordinates": [ [ 523018.723, 4096040.554399999789894 ] ] } },
{ "type": "Feature", "properties": { "municipio": "Higuera de la Sierra", "provincia": "Huelva" }, "geometry": { "type": "MultiPoint", "coordinates": [ [ 196635.813848129997496, 4193355.743326060008258 ] ] } },
{ "type": "Feature", "properties": { "municipio": "Cádiar", "provincia": "Granada" }, "geometry": { "type": "MultiPoint", "coordinates": [ [ 484019.65498359000776, 4088953.730620179791003 ] ] } },
{ "type": "Feature", "properties": { "municipio": "Lugros", "provincia": "Granada" }, "geometry": { "type": "MultiPoint", "coordinates": [ [ 478597.81097019999288, 4120395.857695050071925 ] ] } },
{ "type": "Feature", "properties": { "municipio": "Valle del Zalabí", "provincia": "Granada" }, "geometry": { "type": "MultiPoint", "coordinates": [ [ 490701.976823419972789, 4124518.128193759825081 ] ] } },
{ "type": "Feature", "properties": { "municipio": "Tomares", "provincia": "Sevilla" }, "geometry": { "type": "MultiPoint", "coordinates": [ [ 230228.903212289995281, 4140510.227358299773186 ] ] } },
{ "type": "Feature", "properties": { "municipio": "Cañete la Real", "provincia": "Málaga" }, "geometry": { "type": "MultiPoint", "coordinates": [ [ 314441.438889130018651, 4090211.869415800087154 ] ] } },
{ "type": "Feature", "properties": { "municipio": "Granada", "provincia": "Granada" }, "geometry": { "type": "MultiPoint", "coordinates": [ [ 448188.325200000021141, 4113409.1672 ] ] } },
{ "type": "Feature", "properties": { "municipio": "San Bartolomé de la Torre", "provincia": "Huelva" }, "geometry": { "type": "MultiPoint", "coordinates": [ [ 136548.707322630012641, 4152575.858747310005128 ] ] } },
{ "type": "Feature", "properties": { "municipio": "Cambil", "provincia": "Jaén" }, "geometry": { "type": "MultiPoint", "coordinates": [ [ 452448.172289850015659, 4164488.668291570153087 ] ] } },
{ "type": "Feature", "properties": { "municipio": "Torreblascopedro", "provincia": "Jaén" }, "geometry": { "type": "MultiPoint", "coordinates": [ [ 441420.553976560011506, 4201496.27312661986798 ] ] } },
{ "type": "Feature", "properties": { "municipio": "Santa Ana la Real", "provincia": "Huelva" }, "geometry": { "type": "MultiPoint", "coordinates": [ [ 172329.183993379992899, 4197478.390562860295177 ] ] } },
{ "type": "Feature", "properties": { "municipio": "Puebla de Guzmán", "provincia": "Huelva" }, "geometry": { "type": "MultiPoint", "coordinates": [ [ 120956.668815, 4171289.93425 ] ] } },
{ "type": "Feature", "properties": { "municipio": "Níjar", "provincia": "Almería" }, "geometry": { "type": "MultiPoint", "coordinates": [ [ 573514.560671980027109, 4085832.680737650021911 ] ] } },
{ "type": "Feature", "properties": { "municipio": "Aldeaquemada", "provincia": "Jaén" }, "geometry": { "type": "MultiPoint", "coordinates": [ [ 467635.608531259989832, 4251723.370730379596353 ] ] } },
{ "type": "Feature", "properties": { "municipio": "Granada", "provincia": "Granada" }, "geometry": { "type": "MultiPoint", "coordinates": [ [ 447996.061110510025173, 4112844.608975000213832 ] ] } },
{ "type": "Feature", "properties": { "municipio": "Villaralto", "provincia": "Córdoba" }, "geometry": { "type": "MultiPoint", "coordinates": [ [ 326882.882843879982829, 4258112.018599250353873 ] ] } },
{ "type": "Feature", "properties": { "municipio": "Lopera", "provincia": "Jaén" }, "geometry": { "type": "MultiPoint", "coordinates": [ [ 393242.304257549985778, 4200345.23460600990802 ] ] } },
{ "type": "Feature", "properties": { "municipio": "El Puerto de Santa María", "provincia": "Cádiz" }, "geometry": { "type": "MultiPoint", "coordinates": [ [ 211788.421367430011742, 4052340.023814829997718 ] ] } },
{ "type": "Feature", "properties": { "municipio": "Málaga", "provincia": "Málaga" }, "geometry": { "type": "MultiPoint", "coordinates": [ [ 362630.135500009986572, 4065247.721299999859184 ] ] } },
{ "type": "Feature", "properties": { "municipio": "Tahal", "provincia": "Almería" }, "geometry": { "type": "MultiPoint", "coordinates": [ [ 563361.60530000005383, 4120313.3807 ] ] } },
{ "type": "Feature", "properties": { "municipio": "Priego de Córdoba", "provincia": "Córdoba" }, "geometry": { "type": "MultiPoint", "coordinates": [ [ 397968.27700535999611, 4145548.727978259790689 ] ] } },
{ "type": "Feature", "properties": { "municipio": "El Puerto de Santa María", "provincia": "Cádiz" }, "geometry": { "type": "MultiPoint", "coordinates": [ [ 211131.574371739989147, 4056660.941097479779273 ] ] } },
{ "type": "Feature", "properties": { "municipio": "Nevada", "provincia": "Granada" }, "geometry": { "type": "MultiPoint", "coordinates": [ [ 498702.856079010001849, 4095788.778980830218643 ] ] } },
{ "type": "Feature", "properties": { "municipio": "Zurgena", "provincia": "Almería" }, "geometry": { "type": "MultiPoint", "coordinates": [ [ 585141.424702420015819, 4133220.929388239979744 ] ] } },
{ "type": "Feature", "properties": { "municipio": "Chilluévar", "provincia": "Jaén" }, "geometry": { "type": "MultiPoint", "coordinates": [ [ 497306.370075530023314, 4206219.271223460324109 ] ] } },
{ "type": "Feature", "properties": { "municipio": "Sayalonga", "provincia": "Málaga" }, "geometry": { "type": "MultiPoint", "coordinates": [ [ 409790.479999999981374, 4072907.390500000212342 ] ] } },
{ "type": "Feature", "properties": { "municipio": "Cumbres de San Bartolomé", "provincia": "Huelva" }, "geometry": { "type": "MultiPoint", "coordinates": [ [ 171986.137914789986098, 4221069.80460864957422 ] ] } },
{ "type": "Feature", "properties": { "municipio": "Benalmádena", "provincia": "Málaga" }, "geometry": { "type": "MultiPoint", "coordinates": [ [ 362572.385267919977196, 4051559.041366689838469 ] ] } },
{ "type": "Feature", "properties": { "municipio": "Conil de la Frontera", "provincia": "Cádiz" }, "geometry": { "type": "MultiPoint", "coordinates": [ [ 222539.44962239000597, 4025194.699391829781234 ] ] } },
{ "type": "Feature", "properties": { "municipio": "Tabernas", "provincia": "Almería" }, "geometry": { "type": "MultiPoint", "coordinates": [ [ 553790.265256559941918, 4100536.854209519922733 ] ] } },
{ "type": "Feature", "properties": { "municipio": "Úbeda", "provincia": "Jaén" }, "geometry": { "type": "MultiPoint", "coordinates": [ [ 484890.39737735997187, 4204498.929204899817705 ] ] } },
{ "type": "Feature", "properties": { "municipio": "El Madroño", "provincia": "Sevilla" }, "geometry": { "type": "MultiPoint", "coordinates": [ [ 190373.860232629987877, 4172203.183361390139908 ] ] } },
{ "type": "Feature", "properties": { "municipio": "Córdoba", "provincia": "Córdoba" }, "geometry": { "type": "MultiPoint", "coordinates": [ [ 344783.054825700004585, 4195346.739457719959319 ] ] } },
{ "type": "Feature", "properties": { "municipio": "Cenes de la Vega", "provincia": "Granada" }, "geometry": { "type": "MultiPoint", "coordinates": [ [ 452138.502146580023691, 4112805.506762589793652 ] ] } },
{ "type": "Feature", "properties": { "municipio": "Aznalcóllar", "provincia": "Sevilla" }, "geometry": { "type": "MultiPoint", "coordinates": [ [ 211023.121802159992512, 4157872.316799949854612 ] ] } },
{ "type": "Feature", "properties": { "municipio": "Vilches", "provincia": "Jaén" }, "geometry": { "type": "MultiPoint", "coordinates": [ [ 453417.956998120003846, 4216543.524166540242732 ] ] } },
{ "type": "Feature", "properties": { "municipio": "Málaga", "provincia": "Málaga" }, "geometry": { "type": "MultiPoint", "coordinates": [ [ 371950.895600010000635, 4066477.803600000217557 ] ] } },
{ "type": "Feature", "properties": { "municipio": "Zahara", "provincia": "Cádiz" }, "geometry": { "type": "MultiPoint", "coordinates": [ [ 286768.075008140003774, 4079684.352929539978504 ] ] } },
{ "type": "Feature", "properties": { "municipio": "Almargen", "provincia": "Málaga" }, "geometry": { "type": "MultiPoint", "coordinates": [ [ 319936.770600080024451, 4096914.7165 ] ] } },
{ "type": "Feature", "properties": { "municipio": "Sevilla", "provincia": "Sevilla" }, "geometry": { "type": "MultiPoint", "coordinates": [ [ 236726.469901119999122, 4142048.477599979843944 ] ] } },
{ "type": "Feature", "properties": { "municipio": "Almedinilla", "provincia": "Córdoba" }, "geometry": { "type": "MultiPoint", "coordinates": [ [ 403398.638594790012576, 4144305.982524720020592 ] ] } },
{ "type": "Feature", "properties": { "municipio": "Cuevas del Almanzora", "provincia": "Almería" }, "geometry": { "type": "MultiPoint", "coordinates": [ [ 609143.194234470021911, 4123368.524686130229384 ] ] } },
{ "type": "Feature", "properties": { "municipio": "Chirivel", "provincia": "Almería" }, "geometry": { "type": "MultiPoint", "coordinates": [ [ 564638.885600000037812, 4161082.1705 ] ] } },
{ "type": "Feature", "properties": { "municipio": "Cazalilla", "provincia": "Jaén" }, "geometry": { "type": "MultiPoint", "coordinates": [ [ 422577.219164590002038, 4204538.11775069963187 ] ] } },
{ "type": "Feature", "properties": { "municipio": "Sevilla", "provincia": "Sevilla" }, "geometry": { "type": "MultiPoint", "coordinates": [ [ 240840.897034, 4144708.536984410136938 ] ] } },
{ "type": "Feature", "properties": { "municipio": "San Roque", "provincia": "Cádiz" }, "geometry": { "type": "MultiPoint", "coordinates": [ [ 296423.167308609990869, 4019794.84625827986747 ] ] } },
{ "type": "Feature", "properties": { "municipio": "Chiclana de la Frontera", "provincia": "Cádiz" }, "geometry": { "type": "MultiPoint", "coordinates": [ [ 218217.475004529987928, 4035095.983915879856795 ] ] } },
{ "type": "Feature", "properties": { "municipio": "María", "provincia": "Almería" }, "geometry": { "type": "MultiPoint", "coordinates": [ [ 562990.319999999948777, 4183536.75999975996092 ] ] } },
{ "type": "Feature", "properties": { "municipio": "Escacena del Campo", "provincia": "Huelva" }, "geometry": { "type": "MultiPoint", "coordinates": [ [ 200071.524400299997069, 4145437.690394510049373 ] ] } },
{ "type": "Feature", "properties": { "municipio": "Albox", "provincia": "Almería" }, "geometry": { "type": "MultiPoint", "coordinates": [ [ 575141.385664950008504, 4147129.45455136988312 ] ] } },
{ "type": "Feature", "properties": { "municipio": "Níjar", "provincia": "Almería" }, "geometry": { "type": "MultiPoint", "coordinates": [ [ 571796.663360030041076, 4077035.223613319918513 ] ] } },
{ "type": "Feature", "properties": { "municipio": "Algeciras", "provincia": "Cádiz" }, "geometry": { "type": "MultiPoint", "coordinates": [ [ 278804.95998550998047, 3999981.027478239964694 ] ] } },
{ "type": "Feature", "properties": { "municipio": "Gor", "provincia": "Granada" }, "geometry": { "type": "MultiPoint", "coordinates": [ [ 502712.222181070013903, 4135887.245829440187663 ] ] } },
{ "type": "Feature", "properties": { "municipio": "Guadalcázar", "provincia": "Córdoba" }, "geometry": { "type": "MultiPoint", "coordinates": [ [ 328659.729093529982492, 4180811.180891269817948 ] ] } },
{ "type": "Feature", "properties": { "municipio": "Pulpí", "provincia": "Almería" }, "geometry": { "type": "MultiPoint", "coordinates": [ [ 609650.432694050017744, 4139576.564391079824418 ] ] } },
{ "type": "Feature", "properties": { "municipio": "Bubión", "provincia": "Granada" }, "geometry": { "type": "MultiPoint", "coordinates": [ [ 468387.235800000024028, 4089279.615199999883771 ] ] } },
{ "type": "Feature", "properties": { "municipio": "San Roque", "provincia": "Cádiz" }, "geometry": { "type": "MultiPoint", "coordinates": [ [ 286087.782748199999332, 4006329.039644749835134 ] ] } },
{ "type": "Feature", "properties": { "municipio": "Cádiz", "provincia": "Cádiz" }, "geometry": { "type": "MultiPoint", "coordinates": [ [ 206753.459929839998949, 4046134.560870870016515 ] ] } },
{ "type": "Feature", "properties": { "municipio": "Frailes", "provincia": "Jaén" }, "geometry": { "type": "MultiPoint", "coordinates": [ [ 425889.239103559986688, 4149127.579719029832631 ] ] } },
{ "type": "Feature", "properties": { "municipio": "Arcos de la Frontera", "provincia": "Cádiz" }, "geometry": { "type": "MultiPoint", "coordinates": [ [ 238138.084477650001645, 4068287.534840129781514 ] ] } },
{ "type": "Feature", "properties": { "municipio": "Lora del Río", "provincia": "Sevilla" }, "geometry": { "type": "MultiPoint", "coordinates": [ [ 277448.497146689973306, 4170403.656126120127738 ] ] } },
{ "type": "Feature", "properties": { "municipio": "Antas", "provincia": "Almería" }, "geometry": { "type": "MultiPoint", "coordinates": [ [ 594422.571438019978814, 4123196.342185149900615 ] ] } },
{ "type": "Feature", "properties": { "municipio": "Puebla de Don Fadrique", "provincia": "Granada" }, "geometry": { "type": "MultiPoint", "coordinates": [ [ 558262.796725829946809, 4203786.079185440205038 ] ] } },
{ "type": "Feature", "properties": { "municipio": "Castillo de Locubín", "provincia": "Jaén" }, "geometry": { "type": "MultiPoint", "coordinates": [ [ 416618.691872439987492, 4153784.549631190020591 ] ] } },
{ "type": "Feature", "properties": { "municipio": "Cortes de Baza", "provincia": "Granada" }, "geometry": { "type": "MultiPoint", "coordinates": [ [ 512325.768939280009363, 4176597.760375690180808 ] ] } },
{ "type": "Feature", "properties": { "municipio": "Alcalá de Guadaíra", "provincia": "Sevilla" }, "geometry": { "type": "MultiPoint", "coordinates": [ [ 247250.277425050007878, 4135096.14019026979804 ] ] } },
{ "type": "Feature", "properties": { "municipio": "El Viso", "provincia": "Córdoba" }, "geometry": { "type": "MultiPoint", "coordinates": [ [ 329308.329072179971263, 4261617.642035840079188 ] ] } },
{ "type": "Feature", "properties": { "municipio": "Noalejo", "provincia": "Jaén" }, "geometry": { "type": "MultiPoint", "coordinates": [ [ 432076.17749679001281, 4149910.498915090225637 ] ] } },
{ "type": "Feature", "properties": { "municipio": "Cortes y Graena", "provincia": "Granada" }, "geometry": { "type": "MultiPoint", "coordinates": [ [ 480934.704429480014369, 4129312.09669195022434 ] ] } },
{ "type": "Feature", "properties": { "municipio": "Jerez de la Frontera", "provincia": "Cádiz" }, "geometry": { "type": "MultiPoint", "coordinates": [ [ 219946.332833410007879, 4059341.627075950149447 ] ] } },
{ "type": "Feature", "properties": { "municipio": "Paterna del Río", "provincia": "Almería" }, "geometry": { "type": "MultiPoint", "coordinates": [ [ 504226.67484356998466, 4097257.905811090022326 ] ] } },
{ "type": "Feature", "properties": { "municipio": "Carboneros", "provincia": "Jaén" }, "geometry": { "type": "MultiPoint", "coordinates": [ [ 444658.315300000016578, 4231464.13289999961853 ] ] } },
{ "type": "Feature", "properties": { "municipio": "Belmez", "provincia": "Córdoba" }, "geometry": { "type": "MultiPoint", "coordinates": [ [ 299534.810280449979473, 4235683.083591840229928 ] ] } },
{ "type": "Feature", "properties": { "municipio": "El Gastor", "provincia": "Cádiz" }, "geometry": { "type": "MultiPoint", "coordinates": [ [ 293119.391000200004783, 4081180.0795 ] ] } },
{ "type": "Feature", "properties": { "municipio": "Sevilla", "provincia": "Sevilla" }, "geometry": { "type": "MultiPoint", "coordinates": [ [ 237674.126508919987828, 4145621.174496199935675 ] ] } },
{ "type": "Feature", "properties": { "municipio": "Jaén", "provincia": "Jaén" }, "geometry": { "type": "MultiPoint", "coordinates": [ [ 430998.979854549979791, 4180547.659300259780139 ] ] } },
{ "type": "Feature", "properties": { "municipio": "Hinojares", "provincia": "Jaén" }, "geometry": { "type": "MultiPoint", "coordinates": [ [ 502629.217601689975709, 4176531.87181808007881 ] ] } },
{ "type": "Feature", "properties": { "municipio": "Martos", "provincia": "Jaén" }, "geometry": { "type": "MultiPoint", "coordinates": [ [ 415153.688776679977309, 4175720.737143899779767 ] ] } },
{ "type": "Feature", "properties": { "municipio": "Murtas", "provincia": "Granada" }, "geometry": { "type": "MultiPoint", "coordinates": [ [ 490377.675750599999446, 4082400.825695970095694 ] ] } },
{ "type": "Feature", "properties": { "municipio": "Guadix", "provincia": "Granada" }, "geometry": { "type": "MultiPoint", "coordinates": [ [ 487720.604700000025332, 4128491.0938 ] ] } },
{ "type": "Feature", "properties": { "municipio": "El Pedroso", "provincia": "Sevilla" }, "geometry": { "type": "MultiPoint", "coordinates": [ [ 256744.885127199988347, 4192029.765537640079856 ] ] } },
{ "type": "Feature", "properties": { "municipio": "Málaga", "provincia": "Málaga" }, "geometry": { "type": "MultiPoint", "coordinates": [ [ 372626.985500010021497, 4066777.280300000216812 ] ] } },
{ "type": "Feature", "properties": { "municipio": "Vícar", "provincia": "Almería" }, "geometry": { "type": "MultiPoint", "coordinates": [ [ 531508.0026, 4072700.868300000205636 ] ] } },
{ "type": "Feature", "properties": { "municipio": "Sevilla", "provincia": "Sevilla" }, "geometry": { "type": "MultiPoint", "coordinates": [ [ 236291.445001129992306, 4143271.680999979842454 ] ] } },
{ "type": "Feature", "properties": { "municipio": "Lupión", "provincia": "Jaén" }, "geometry": { "type": "MultiPoint", "coordinates": [ [ 446295.576300000015181, 4208250.235299999825656 ] ] } },
{ "type": "Feature", "properties": { "municipio": "Sedella", "provincia": "Málaga" }, "geometry": { "type": "MultiPoint", "coordinates": [ [ 407736.4007, 4080173.700199999846518 ] ] } },
{ "type": "Feature", "properties": { "municipio": "Villanueva Mesía", "provincia": "Granada" }, "geometry": { "type": "MultiPoint", "coordinates": [ [ 410150.865856580028776, 4119173.294177460018545 ] ] } },
{ "type": "Feature", "properties": { "municipio": "Los Barrios", "provincia": "Cádiz" }, "geometry": { "type": "MultiPoint", "coordinates": [ [ 280553.390556660015136, 4006279.16647954005748 ] ] } },
{ "type": "Feature", "properties": { "municipio": "Gor", "provincia": "Granada" }, "geometry": { "type": "MultiPoint", "coordinates": [ [ 499039.874768770008814, 4139520.576012250036001 ] ] } },
{ "type": "Feature", "properties": { "municipio": "Villarrasa", "provincia": "Huelva" }, "geometry": { "type": "MultiPoint", "coordinates": [ [ 180926.084500580007443, 4143931.396665870212018 ] ] } },
{ "type": "Feature", "properties": { "municipio": "Moraleda de Zafayona", "provincia": "Granada" }, "geometry": { "type": "MultiPoint", "coordinates": [ [ 414944.485924090025946, 4115260.901532779913396 ] ] } },
{ "type": "Feature", "properties": { "municipio": "Castillo de Locubín", "provincia": "Jaén" }, "geometry": { "type": "MultiPoint", "coordinates": [ [ 412184.059419389988761, 4155308.538803509902209 ] ] } },
{ "type": "Feature", "properties": { "municipio": "Cañada Rosal", "provincia": "Sevilla" }, "geometry": { "type": "MultiPoint", "coordinates": [ [ 304936.048500140022952, 4163417.528299999888986 ] ] } },
{ "type": "Feature", "properties": { "municipio": "Nueva Carteya", "provincia": "Córdoba" }, "geometry": { "type": "MultiPoint", "coordinates": [ [ 370362.703559270012192, 4160600.746749519836158 ] ] } },
{ "type": "Feature", "properties": { "municipio": "Gines", "provincia": "Sevilla" }, "geometry": { "type": "MultiPoint", "coordinates": [ [ 227183.151791090000188, 4142028.473718919791281 ] ] } },
{ "type": "Feature", "properties": { "municipio": "Olivares", "provincia": "Sevilla" }, "geometry": { "type": "MultiPoint", "coordinates": [ [ 220345.528272650000872, 4145620.786077289842069 ] ] } },
{ "type": "Feature", "properties": { "municipio": "Andújar", "provincia": "Jaén" }, "geometry": { "type": "MultiPoint", "coordinates": [ [ 408086.305928429996129, 4210567.620237699709833 ] ] } },
{ "type": "Feature", "properties": { "municipio": "La Mojonera", "provincia": "Almería" }, "geometry": { "type": "MultiPoint", "coordinates": [ [ 526990.929989019990899, 4072211.171148419845849 ] ] } },
{ "type": "Feature", "properties": { "municipio": "Encinasola", "provincia": "Huelva" }, "geometry": { "type": "MultiPoint", "coordinates": [ [ 160684.329276950011263, 4227832.696810699999332 ] ] } },
{ "type": "Feature", "properties": { "municipio": "Granada", "provincia": "Granada" }, "geometry": { "type": "MultiPoint", "coordinates": [ [ 444400.291900000011083, 4116465.307099999859929 ] ] } },
{ "type": "Feature", "properties": { "municipio": "Rincón de la Victoria", "provincia": "Málaga" }, "geometry": { "type": "MultiPoint", "coordinates": [ [ 382846.072999999974854, 4064221.05599999986589 ] ] } },
{ "type": "Feature", "properties": { "municipio": "Monachil", "provincia": "Granada" }, "geometry": { "type": "MultiPoint", "coordinates": [ [ 450405.248403479985427, 4109811.225122279953212 ] ] } },
{ "type": "Feature", "properties": { "municipio": "Zuheros", "provincia": "Córdoba" }, "geometry": { "type": "MultiPoint", "coordinates": [ [ 383740.287199950020295, 4155857.632300219964236 ] ] } },
{ "type": "Feature", "properties": { "municipio": "Parauta", "provincia": "Málaga" }, "geometry": { "type": "MultiPoint", "coordinates": [ [ 309642.667000110028312, 4058775.588200000114739 ] ] } },
{ "type": "Feature", "properties": { "municipio": "Hornos", "provincia": "Jaén" }, "geometry": { "type": "MultiPoint", "coordinates": [ [ 521300.491900000022724, 4229318.004800000227988 ] ] } },
{ "type": "Feature", "properties": { "municipio": "Gaucín", "provincia": "Málaga" }, "geometry": { "type": "MultiPoint", "coordinates": [ [ 292674.175000199989881, 4044333.473199999891222 ] ] } },
{ "type": "Feature", "properties": { "municipio": "Palos de la Frontera", "provincia": "Huelva" }, "geometry": { "type": "MultiPoint", "coordinates": [ [ 154363.725, 4126862.612999999895692 ] ] } },
{ "type": "Feature", "properties": { "municipio": "Hinojos", "provincia": "Huelva" }, "geometry": { "type": "MultiPoint", "coordinates": [ [ 200638.206856459990377, 4132590.09675872977823 ] ] } },
{ "type": "Feature", "properties": { "municipio": "Rosal de la Frontera", "provincia": "Huelva" }, "geometry": { "type": "MultiPoint", "coordinates": [ [ 129157.7131365200039, 4210635.486626080237329 ] ] } },
{ "type": "Feature", "properties": { "municipio": "Marinaleda", "provincia": "Sevilla" }, "geometry": { "type": "MultiPoint", "coordinates": [ [ 326281.962393200024962, 4137751.552497670054436 ] ] } },
{ "type": "Feature", "properties": { "municipio": "Escúzar", "provincia": "Granada" }, "geometry": { "type": "MultiPoint", "coordinates": [ [ 432312.143661519978195, 4101992.316229939926416 ] ] } },
{ "type": "Feature", "properties": { "municipio": "Almuñécar", "provincia": "Granada" }, "geometry": { "type": "MultiPoint", "coordinates": [ [ 438416.557047970010899, 4068437.933436130173504 ] ] } },
{ "type": "Feature", "properties": { "municipio": "Osuna", "provincia": "Sevilla" }, "geometry": { "type": "MultiPoint", "coordinates": [ [ 304500.675960700027645, 4112648.351737540215254 ] ] } },
{ "type": "Feature", "properties": { "municipio": "Lubrín", "provincia": "Almería" }, "geometry": { "type": "MultiPoint", "coordinates": [ [ 586580.763269489980303, 4119143.975830379873514 ] ] } },
{ "type": "Feature", "properties": { "municipio": "Válor", "provincia": "Granada" }, "geometry": { "type": "MultiPoint", "coordinates": [ [ 493637.812641809985507, 4095204.083102399948984 ] ] } },
{ "type": "Feature", "properties": { "municipio": "San Sebastián de los Ballesteros", "provincia": "Córdoba" }, "geometry": { "type": "MultiPoint", "coordinates": [ [ 339056.788499759975821, 4168831.518600219860673 ] ] } },
{ "type": "Feature", "properties": { "municipio": "Priego de Córdoba", "provincia": "Córdoba" }, "geometry": { "type": "MultiPoint", "coordinates": [ [ 390125.307069119997323, 4149608.512327029835433 ] ] } },
{ "type": "Feature", "properties": { "municipio": "Pulpí", "provincia": "Almería" }, "geometry": { "type": "MultiPoint", "coordinates": [ [ 618126.951407840009779, 4135749.669905290007591 ] ] } },
{ "type": "Feature", "properties": { "municipio": "Baena", "provincia": "Córdoba" }, "geometry": { "type": "MultiPoint", "coordinates": [ [ 383391.943634769995697, 4164377.66150917019695 ] ] } }
]
}
